Time,RSU_ID,Vehicle_ID,ReportedSpeed,CalculatedSpeed,Plausibility,Consistency,TrustScore,Verdict
1.84737,0,14,0,0,1,1,1,ACCEPT
2.84736,0,14,0,0,1,1,1,ACCEPT3.07115,0,0,0,12.6518,0.578274,1,0.924089,ACCEPT
3.3.84737,0,14,0,0,1,1,1,ACCEPT4.07114,0,0,0,10.3462,0.655126,1,0.884785,ACCEPT
4.4.35962,0,0,0,201.581,0,0,0.61935,WARN4.4.3866,0,0,0,3788.56,0,0,0.433545,WARN4.4.84736,0,14,0,0,1,1,1,ACCEPT5.5.03929,0,0,0,4.90301,1,1,0.603481,WARN5.07115,0,0,0,1514.53,0,0,0.422437,WARN
5.5.35956,0,0,0,185.172,0,0,0.295706,BLOCK5.5.35973,0,0,0,330753,0,0,0.206994,BLOCK5.5.3866,0,0,0,2813.52,0,0,0.144896,BLOCK5.5.84736,0,14,0,0,1,1,1,ACCEPT6.6.0393,0,0,0,4.94101,1,1,0.401427,WARN6.6.07115,0,0,0,1101.38,0,0,0.280999,BLOCK6.6.35956,0,0,0,136.708,0,0,0.196699,BLOCK6.6.35976,0,0,0,183285,0,0,0.13769,BLOCK6.6.3866,0,0,0,1870.63,0,0,0.0963827,BLOCK6.6.84736,0,14,0,0,1,1,1,ACCE7.027.02077,0,0,0,41.9631,0,0,0.0674679,BLO7.037.0393,0,0,0,1427.21,0,0,0.0472275,BLO7.077.07114,0,0,0,737.432,0,0,0.0330592,BL7.3597.35956,0,0,0,107.932,0,0,0.0231415,BL7.3597.35975,0,0,0,130517,0,0,0.016199,BL7.3867.3866,0,0,0,1106.57,0,0,0.0113393,BL7.5457.84736,0,14,0,0,1,1,1,A8.020768.02076,0,0,0,38.7262,0,1,0.127938,8.0393,8.0393,0,0,0,1411.09,0,0,0.0895563,8.071158.07115,0,0,0,462.747,0,0,0.0626894,8.232348.23234,0,0,0,349.617,0,0,0.0438826,8.359558.35955,0,0,0,386.893,0,0,0.0307178,8.359768.35976,0,0,0,91793.3,0,0,0.0215025,8.3866,8.3866,0,0,0,720.777,0,0,0.0150517,8.544998.84737,0,14,0,0,1,1,1,A8.952998.95299,0,0,0,61.9763,0,0,0.0105362,9.020769.02076,0,0,0,678.282,0,0,0.00737534,9.0393,9.0393,0,0,0,1494.35,0,0,0.00516274,9.071159.07115,0,0,0,461.271,0,0,0.003613929.10601,9.10601,0,0,0,1392.9,0,0,0.002529749.12117,9.12117,0,0,0,4158.41,0,0,0.001770829.23235,9.23235,0,0,0,524.936,0,0,0.001239579.35822,0,0,0,482.231,0,0,0.000867702,BLOCK
9.35956,9.35956,0,0,0,41664.2,0,0,0.0006073919.35976,9.35976,0,0,0,102231,0,0,0.0004251749.3866,09.3866,0,0,0,813.482,0,0,0.0002976229.545,0,9.84737,0,14,0,0,1,1,9.95299,0,9.95299,0,0,0,41.428,0,0,0.000208310.0208,0,10.0208,0,0,0,511.896,0,0,0.000145810.0393,0,10.0393,0,0,0,1710.31,0,0,0.00010210.0712,0,010.0712,0,0,0,761.837,0,0,7.1459e10.106,0,0,10.106,0,0,0,1071.72,0,0,5.00213e10.1212,0,010.1212,0,0,0,3025.95,0,0,3.50149e10.2323,0,010.2323,0,0,0,383.662,0,0,2.45104e10.3582,0,0,0,414.524,0,0,1.71573e-05,BLOCK
10.3596,0,010.3596,0,0,0,39956.4,0,0,1.20101e10.3598,0,0,0,131668,0,0,8.40708e-06,BLOCK
10.3866,0,010.3866,0,0,0,1323.65,0,0,5.88495e10.545,0,1910.8474,0,14,0,0,1,10.953,0,0,010.953,0,0,0,19.2911,0.356962,1,0.1811.0208,0,0,11.0208,0,0,0,319.826,0,0,0.111.0393,0,0,11.0393,0,0,0,1749.27,0,0,0.09011.0711,0,0,11.0711,0,0,0,1121.26,0,0,0.06311.106,0,0,011.106,0,0,0,813.377,0,0,0.04411.1212,0,0,11.1212,0,0,0,2157.54,0,0,0.03011.1405,0,0,11.1405,0,0,0,2806.59,0,0,0.02111.2323,0,0,11.2323,0,0,0,805.575,0,0,0.01511.2428,0,0,11.2428,0,0,0,4462.32,0,0,0.01011.311,0,0,011.311,0,0,0,919.425,0,0,0.007411.3582,0,0,0,1377.35,0,0,0.00520481,BLOCK
11.3596,0,0,11.3596,0,0,0,37126.7,0,0,0.003611.3597,0,0,0,194081,0,0,0.00255036,BLOCK
11.3866,0,0,11.3866,0,0,0,1995.41,0,0,0.001711.545,0,19,11.8474,0,14,0,0,111.953,0,0,0,11.953,0,0,0,23.8413,0.205288,1,0.112.0208,0,0,012.0208,0,0,0,241.391,0,0,0.12.0393,0,0,0,12.0393,0,0,0,1705.78,0,0,0.012.0712,0,0,0,12.0712,0,0,0,1503.72,0,0,0.012.106,0,0,0,512.106,0,0,0,588.535,0,0,0.012.1212,0,0,0,12.1212,0,0,0,1397.03,0,0,0.012.1405,0,0,0,12.1405,0,0,0,2213.85,0,0,0.012.2323,0,0,0,12.2323,0,0,0,584.196,0,0,0.012.2427,0,0,0,12.2427,0,0,0,3808.47,0,0,0.0012.311,0,0,0,712.311,0,0,0,752.506,0,0,0.12.3582,0,0,0,1099.51,0,0,0.0044688,BLOCK
12.3596,0,0,0,12.3596,0,0,0,33071.6,0,0,0.0012.3598,0,0,0,219321,0,0,0.00218971,BLOCK
12.3866,0,0,0,12.3866,0,0,0,2833.33,0,0,0.012.545,0,19,0,12.8474,0,14,0,012.8832,0,0,0,112.8832,0,0,0,15.3765,0.48745,1,012.953,0,0,0,2812.953,0,0,0,280.386,0,0,13.0208,0,0,0,313.0208,0,0,0,341.836,0,0,013.0393,0,0,0,113.0393,0,0,0,1690.65,0,0,0.13.0711,0,0,0,113.0711,0,0,0,1916.6,0,0,0.13.106,0,0,0,4913.106,0,0,0,494.712,0,0,0.13.1212,0,0,0,913.1212,0,0,0,973.232,0,0,0.13.1405,0,0,0,113.1405,0,0,0,1606.74,0,0,0.13.2323,0,0,0,313.2323,0,0,0,355.228,0,0,0.13.2428,0,0,0,313.2428,0,0,0,3234.7,0,0,0.013.311,0,0,0,513.311,0,0,0,585.7,0,0,0.005813.3582,0,0,0,802.131,0,0,0.00412893,BLOCK
13.3596,0,0,13.3596,0,0,0,28093.3,0,0,0.002813.3597,0,0,0,321214,0,0,0.00202318,BLOCK
13.5253,0,0,13.5253,0,0,0,504.871,0,0,0.001413.545,0,19,13.8185,0,0,0,213.877,0,0,0.000991357,BLOCK
13.8474,0,14,0,0,113.8832,0,0,013.8832,0,0,0,951.553,0,0,0.00013.953,0,0,0,13.953,0,0,0,201.69,0,0,0.000414.0208,0,0,014.0208,0,0,0,505.711,0,0,0.000314.0711,0,0,014.0711,0,0,0,882.92,0,0,0.0002314.106,0,0,014.106,0,0,0,515.47,0,0,0.00016614.1212,0,014.1212,0,0,0,616.473,0,0,0.00011614.1405,0,014.1405,0,0,0,1185.59,0,0,8.16425e14.2323,0,014.2323,0,0,0,174.343,0,0,5.71498e14.2428,0,014.2428,0,0,0,3300.48,0,0,4.0004814.3109,0,0,14.3109,0,0,0,499.865,0,0,2.8003414.3582,0,0,0,567.622,0,0,1.96024e-05,BLOCK
14.3596,0,0,14.3596,0,0,0,24581.1,0,0,1.3721714.5253,0,0,14.5253,0,0,0,146.041,0,0,9.6051614.545,0,19,14.5757,0,0,0,157214.5757,0,0,0,1572.08,0,0,614.8185,0,0,0,239.17,0,0,4.70653e-06,BLOCK
14.8474,0,14,0,0,1,14.8832,0,0,14.8832,0,0,0,728.308,0,0,3.294514.953,0,0,0,14.953,0,0,0,104.817,0,0,2.30615.0208,0,0,015.0208,0,0,0,694.181,0,0,1.61415.0711,0,0,0,15.0711,0,0,0,1139.93,0,0,1.13015.106,0,0,0,615.106,0,0,0,676.57,0,0,7.910215.1212,0,0,015.1212,0,0,0,423.792,0,0,5.537115.1405,0,0,015.1405,0,0,0,894.266,0,0,3.876015.2323,0,0,015.2323,0,0,0,107.865,0,0,2.713215.2427,0,0,015.2427,0,0,0,3686.52,0,0,1.899215.3109,0,0,015.3109,0,0,0,469.986,0,0,1.329415.3582,0,0,0,462.676,0,0,9.30634e-08,BLOCK
15.3596,0,0,015.3596,0,0,0,24164,0,0,6.51444e15.5253,0,015.5253,0,0,0,141.882,0,0,4.56011e15.545,0,1915.5757,0,0,0,1473.15.5757,0,0,0,1473.73,0,0,15.5913,0,0,0,4228.37,0,0,2.23445e-08,BLOCK
15.8185,0,0,0,102.557,0,0,1.56412e-08,BLOCK
15.8474,0,14,0,0,1,15.8832,0,0,15.8832,0,0,0,558.095,0,0,1.0948815.953,0,0,015.953,0,0,0,51.4163,0,0,7.6641816.0712,0,0,16.0712,0,0,0,271.338,0,0,5.3649216.106,0,0,016.106,0,0,0,918.178,0,0,3.7554516.1212,0,0,16.1212,0,0,0,727.189,0,0,2.6288116.1405,0,0,16.1405,0,0,0,615.965,0,0,1.8401716.2323,0,0,16.2323,0,0,0,224.655,0,0,1.2881216.2427,0,0,16.2427,0,0,0,4271.27,0,0,9.0168316.311,0,0,016.311,0,0,0,493.493,0,0,6.3117816.3582,0,0,0,337.868,0,0,4.41824e-10,BLOCK
16.3596,0,0,16.3596,0,0,0,23833.6,0,0,3.0927716.5253,0,0,16.5253,0,0,0,139.069,0,0,2.1649416.545,0,19,16.5757,0,0,0,133716.5757,0,0,0,1337.74,0,0,116.5913,0,0,0,3482.44,0,0,1.06082e-10,BLOCK
16.6372,0,0,0,2020.82,0,0,7.42574e-11,BLOCK
16.7974,0,0,0,422.16.7974,0,0,0,422.238,0,0,516.8185,0,0,0,2121.31,0,0,3.63861e-11,BLOCK
16.8474,0,14,0,0,116.8832,0,0,016.8832,0,0,0,482.652,0,0,2.547016.953,0,0,0,16.953,0,0,0,47.3054,0,0,1.782917.0541,0,0,017.0541,0,0,0,509.871,0,0,1.24817.0712,0,0,0,17.0712,0,0,0,3300.27,0,0,8.73617.1049,0,0,0,17.1049,0,0,0,1411.18,0,0,6.11517.106,0,0,0,417.106,0,0,0,47985.2,0,0,4.28017.1212,0,0,0,17.1212,0,0,0,1351.61,0,0,2.99617.1405,0,0,0,17.1405,0,0,0,332.569,0,0,2.09717.2323,0,0,0,17.2323,0,0,0,380.567,0,0,1.46817.2428,0,0,0,17.2428,0,0,0,4957.21,0,0,1.02717.3109,0,0,0,574.474,0,0,7.19473e-13,BLOCK
17.3582,0,0,0,245.15,0,0,5.03631e-13,BLOCK
17.3596,0,0,0,17.3596,0,0,0,24065.3,0,0,3.52517.5253,0,0,0,17.5253,0,0,0,136.282,0,0,2.46717.545,0,19,0,17.5757,0,0,0,1217.5757,0,0,0,1240.12,0,0,1.717.5913,0,0,0,2867.13,0,0,1.20922e-13,BLOCK
17.6372,0,0,0,1581.76,0,0,8.46453e-14,BLOCK
17.7973,0,0,0,3117.7973,0,0,0,314.89,0,0,5.917.8185,0,0,0,1413.76,0,0,4.14762e-14,BLOCK
17.8474,0,14,0,017.8832,0,0,0,417.8832,0,0,0,414.839,0,0,2.9017.953,0,0,0,4617.953,0,0,0,46.1528,0,0,2.0318.0541,0,0,0,418.0541,0,0,0,438.666,0,0,1.4218.0711,0,0,0,218.0711,0,0,0,2820.65,0,0,9.9518.1049,0,0,0,118.1049,0,0,0,1048.04,0,0,6.918.106,0,0,0,4618.106,0,0,0,46779.8,0,0,4.8718.1212,0,0,0,218.1212,0,0,0,2135.3,0,0,3.4118.1405,0,0,0,518.1405,0,0,0,569.372,0,0,2.3918.2323,0,0,0,518.2323,0,0,0,529.362,0,0,1.6718.2427,0,0,0,518.2427,0,0,0,5761.9,0,0,1.1718.311,0,0,0,685.59,0,0,8.2012e-16,BLOCK
18.3582,0,0,0,204.502,0,0,5.74084e-16,BLOCK
18.3596,0,0,0,218.3596,0,0,0,23832.7,0,0,4.0118.4953,0,0,0,404.119,0,0,2.81301e-16,BLOCK
18.5253,0,0,0,18.5253,0,0,0,2571.43,0,0,1.96918.545,0,19,0,18.5757,0,0,0,1218.5757,0,0,0,1223.8,0,0,1.318.5913,0,0,0,2385.34,0,0,9.64863e-17,BLOCK
18.6372,0,0,0,1141.55,0,0,6.75404e-17,BLOCK
18.7973,0,0,0,2218.7973,0,0,0,220.075,0,0,4.718.8185,0,0,0,842.992,0,0,3.30948e-17,BLOCK
18.8474,0,14,0,018.8832,0,0,0,318.8832,0,0,0,387.392,0,0,2.3118.953,0,0,0,4518.953,0,0,0,45.8581,0,0,1.6219.0541,0,0,0,319.0541,0,0,0,371.818,0,0,1.1319.0711,0,0,0,219.0711,0,0,0,2339.22,0,0,7.9419.1049,0,0,0,719.1049,0,0,0,707.296,0,0,5.5619.1212,0,0,0,119.1212,0,0,0,1762.01,0,0,3.8919.1405,0,0,0,119.1405,0,0,0,1133.6,0,0,2.719.2427,0,0,0,119.2427,0,0,0,110.449,0,0,1.9019.3109,0,0,0,828.657,0,0,1.33549e-18,BLOCK
19.3582,0,0,0,306.598,0,0,9.34846e-19,BLOCK
19.3596,0,0,0,19.3596,0,0,0,24065,0,0,6.5439219.3698,0,0,19.3698,0,0,0,4640.28,0,0,4.5807419.4953,0,0,0,488.765,0,0,3.20652e-19,BLOCK
19.5253,0,0,19.5253,0,0,0,2207.5,0,0,2.24456e19.545,0,1919.5757,0,0,0,1218.19.5757,0,0,0,1218.06,0,019.5913,0,0,0,2038.63,0,0,1.09984e-19,BLOCK
19.6372,0,0,0,720.487,0,0,7.69886e-20,BLOCK
19.7974,0,0,0,141.219.7974,0,0,0,141.23,0,019.8185,0,0,0,374.35,0,0,3.77244e-20,BLOCK
19.8474,0,14,0,0,1,119.8492,0,019.8492,0,0,0,1519.67,0,0,2.64071e19.8832,0,019.8832,0,0,0,1599.1,0,0,1.8485e-19.953,0,019.953,0,0,0,45.8549,0,0,1.29395e-20.0541,0,20.0541,0,0,0,322.18,0,0,9.05763e-20.0711,0,20.0711,0,0,0,1945.11,0,0,6.34034e-20.1049,0,20.1049,0,0,0,431.443,0,0,4.43824e-20.1212,0,20.1212,0,0,0,1022.79,0,0,3.10677e-20.2427,0,20.2428,0,0,0,126.178,0,0,2.17474e-20.311,0,0,0,991.628,0,0,1.52232e-21,BLOCK
20.3582,0,0,0,507.376,0,0,1.06562e-21,BLOCK
20.3596,0,20.3596,0,0,0,24065,0,0,7.45935e-2220.364,0,0,0,12316.7,0,0,5.22154e-22,BLOCK
20.3698,20.3698,0,0,0,9867.33,0,0,3.65508e-220.4953,0,0,0,363.002,0,0,2.55856e-22,BLOCK
20.5253,020.5253,0,0,0,1949.07,0,0,1.79099e-220.545,0,20.5757,0,0,0,1217.3720.5757,0,0,0,1217.36,0,20.5913,0,0,0,1751.13,0,0,8.77585e-23,BLOCK
20.6372,0,0,0,337.698,0,0,6.14309e-23,BLOCK
20.7974,0,0,0,104.377,0,0,4.30016e-23,BLOCK
20.8185,0,0,0,361.35620.8185,0,0,0,361.356,0,20.8474,0,14,0,0,1,1,20.8492,0,20.8492,0,0,0,1324.82,0,0,2.10708e-20.8832,0,20.8832,0,0,0,1402,0,0,1.47496e-23,20.953,20.953,0,0,0,45.8544,0,0,1.03247e-23,21.054121.0541,0,0,0,277.626,0,0,7.22729e-24,21.071121.0711,0,0,0,1527.25,0,0,5.0591e-24,21.104921.1049,0,0,0,434.151,0,0,3.54137e-24,21.121221.1212,0,0,0,607.403,0,0,2.47896e-24,21.242721.2427,0,0,0,126.178,0,0,1.73527e-24,21.3582,0,0,0,403.537,0,0,1.21469e-24,BLOCK
21.359621.3596,0,0,0,24065,0,0,8.50283e-25,BL21.364,0,0,0,10705.7,0,0,5.95198e-25,BLOCK
21.3621.3698,0,0,0,7490.58,0,0,4.16639e-25,BL21.4953,0,0,0,258.911,0,0,2.91647e-25,BLOCK
21.5221.5253,0,0,0,1803.71,0,0,2.04153e-25,BL21.5321.5353,0,0,0,6385.58,0,0,1.42907e-25,BL21.5421.5757,0,0,0,1359.52,0,021.5757,0,0,0,1359.521.5876,0,0,0,5106.61,0,0,7.00245e-26,BLOCK
21.5913,0,0,0,12029.1,0,0,4.90171e-26,BLOCK
21.6372,0,0,0,292.19,0,0,3.4312e-26,BLOCK
21.7973,0,0,0,133.877,0,0,2.40184e-26,BLOCK
21.8185,0,0,0,658.361,0,021.8185,0,0,0,658.3521.8474,0,14,0,0,1,1,1,AC21.84921.8492,0,0,0,1208.53,0,0,1.1769e-26,B21.88321.8832,0,0,0,1215.06,0,0,8.23831e-27,B21.95321.953,0,0,0,45.8543,0,0,5.76682e-27,B22.05422.0541,0,0,0,251.791,0,0,4.03677e-27,B22.07122.0711,0,0,0,1202.38,0,0,2.82574e-27,B22.10422.1049,0,0,0,707.615,0,0,1.97802e-27,B22.12122.1212,0,0,0,1004.7,0,0,1.38461e-27,B22.24222.2427,0,0,0,126.192,0,0,9.69229e-28,B22.3582,0,0,0,403.537,0,0,6.7846e-28,BLOCK
22.35922.3596,0,0,0,23832.6,0,0,4.74922e-28,B22.364,0,0,0,9373.71,0,0,3.32445e-28,BLOCK
22.36922.3698,0,0,0,5358.79,0,0,2.32712e-28,B22.4953,0,0,0,177.404,0,0,1.62898e-28,BLOCK
22.52522.5253,0,0,0,1783,0,0,1.14029e-28,BLOC22.22.5353,0,0,0,5243.53,0,0,7.98202e-29,BLOC22.22.5757,0,0,0,1107.19,0,0,522.5758,0,0,0,110722.5876,0,0,0,4513.01,0,0,3.91119e-29,BLOCK
22.5913,0,0,0,10545.2,0,0,222.5913,0,0,0,105422.6372,0,0,0,588.021,0,0,1.91648e-29,BLOCK
22.7974,0,0,0,194.344,0,0,1.34154e-29,BLOCK
22.8185,0,0,0,1078.66,0,0,922.8185,0,0,0,107822.8474,0,14,0,0,1,1,1,ACCE22.822.8492,0,0,0,1230.96,0,0,6.57353e-30,BLO22.822.8832,0,0,0,1040.45,0,0,4.60147e-30,BLO22.922.953,0,0,0,45.8543,0,0,3.22103e-30,BLO23.023.0541,0,0,0,240.061,0,0,2.25472e-30,BLO23.023.0712,0,0,0,927.9,0,0,1.57831e-30,BLOCK2323.1049,0,0,0,1073.85,0,0,1.10481e-30,BLOCK2323.1212,0,0,0,1757.28,0,0,7.7337e-31,BLOCK2323.2427,0,0,0,126.178,0,0,5.41359e-31,BLOCK2323.3103,0,0,0,818.864,0,0,3.78951e-31,BLOCK23.3582,0,0,0,1208.53,0,0,2.65266e-31,BLOCK
2323.3595,0,0,0,24065,0,0,1.85686e-31,BLOCK
23.364,0,0,0,8825.71,0,0,1.2998e-31,BLOCK
23.3698,0,0,0,4390.13,0,0,9.09862e-32,BLOCK
23.4953,0,0,0,139.381,0,0,6.36903e-32,BLOCK
23.5253,0,0,0,1781.4,0,0,4.45832e-32,BLOCK
23.5353,0,0,0,4167.9,0,0,3.12083e-32,BLOCK
23.5758,0,0,0,895.51,0,0,2.1845823.5758,0,0,23.5876,0,0,0,3957.92,0,0,1.5292e-32,BLOCK
23.5913,0,0,0,9578.24,0,0,1.0704423.5913,0,0,23.6372,0,0,0,925.555,0,0,7.4931e-33,BLOCK
23.7974,0,0,0,266.096,0,0,5.24517e-33,BLOCK
23.8185,0,0,0,1586.31,0,0,3.6716223.8185,0,0,23.8474,0,14,0,0,1,1,1,ACCEPT
23.8492,0,0,0,1446.94,0,0,2.57013e-33,BLOCK
23.8832,0,0,0,930.872,0,0,1.79909e-33,BLOCK
23.953,0,0,0,45.8543,0,0,1.25937e-33,BLOCK
24.0541,0,0,0,263.478,0,0,8.81556e-34,BLOCK
24.0711,0,0,0,643.741,0,0,6.17089e-34,BLOCK
24.1049,0,0,0,1429.3,0,0,4.31962e-34,BLOCK
24.1212,0,0,0,2499.64,0,0,3.02374e-34,BLOCK
24.2428,0,0,0,126.178,0,0,2.11662e-34,BLOCK
24.3103,0,0,0,735.93,0,0,1.48163e-34,BLOCK
224.3582,0,0,0,1067.98,0,0,1.03714e-34,BLOCK24.3596,0,0,0,24065,0,0,7.25999e-35,BLOCK
24.24.364,0,0,0,8707.51,0,0,5.08199e-35,BLOC24.3698,0,0,0,4739.42,0,0,3.5574e-35,BLOCK
24.4083,0,0,0,960.201,0,0,2.49018e-35,BLOCK
24.24.4953,0,0,0,608.497,0,0,1.74312e-35,BLOC24.5253,0,0,0,1780.84,0,0,1.22019e-35,BLOCK
24.5353,0,0,0,3446.26,0,0,8.54131e-36,BLOCK
24.5757,0,0,0,790.887,0,0,5.9789224.5757,0,0,24.5876,0,0,0,3578.42,0,0,4.18524e-36,BLOCK
24.5913,0,0,0,10180.8,0,0,2.9296724.5913,0,0,24.6372,0,0,0,1291.47,0,0,2.05077e-36,BLOCK
24.7973,0,0,0,341.438,0,0,1.43554e-36,BLOCK
24.8474,0,14,0,0,1,1,1,ACCEPT
24.8492,0,0,0,405.117,0,0,1.00488e-36,BLOCK
24.8832,0,0,0,843.03,0,0,7.03413e-37,BLOCK
24.953,0,0,0,45.8543,0,0,4.92389e-37,BLOCK
25.0541,0,0,0,310.466,0,0,3.44673e-37,BLOCK
25.0711,0,0,0,564.389,0,0,2.41271e-37,BLOCK
25.1049,0,0,0,1800.65,0,0,1.6889e-37,BLOCK
25.1212,0,0,0,3273.73,0,0,1.18223e-37,BLOCK
25.2428,0,0,0,126.178,0,0,8.27559e-38,BLOCK
25.3103,0,0,0,689.725,0,0,5.79291e-38,BLOCK
25.25.3582,0,0,0,985.993,0,0,4.05504e-38,BLOC25.3596,0,0,0,24065,0,0,2.83853e-38,BLOCK
25.3625.364,0,0,0,8689.68,0,0,1.98697e-38,BL25.3698,0,0,0,6043.87,0,0,1.39088e-38,BLOCK
25.3725.3786,0,0,0,5255.11,0,0,9.73615e-39,BL25.4083,0,0,0,1827.2,0,0,6.8153e-39,BLOCK
25.49525.4953,0,0,0,468.321,0,0,4.77071e-39,B25.5253,0,0,0,1781.46,0,0,3.3395e-39,BLOCK
25.5353,0,0,0,2904.77,0,0,2.33765e-39,BLOCK
25.5757,0,0,0,831.19,0,0,1.63635e-3925.5757,25.5876,0,0,0,3237.98,0,0,1.14545e-39,BLOCK
25.5913,0,0,0,11993.4,0,0,8.01814e-4025.5913,25.7973,0,0,0,159.631,0,0,5.6127e-40,BLOCK
25.8474,0,14,0,0,1,1,1,ACCEPT
25.8492,0,0,0,320.569,0,0,3.92889e-40,BLOCK
25.8832,0,0,0,774.212,0,0,2.75022e-40,BLOCK
25.953,0,0,0,45.8543,0,0,1.92515e-40,BLOCK
26.049,0,0,0,522.136,0,0,1.34761e-40,BLOCK
26.05426.0541,0,0,0,9899.41,0,0,9.43326e-41,B26.0711,0,0,0,709.734,0,0,6.60328e-41,BLOCK
26.1212,0,0,0,478.811,0,0,4.6223e-41,BLOCK
26.2427,0,0,0,126.192,0,0,3.23561e-41,BLOCK
26.3103,0,0,0,643.919,0,0,2.26492e-41,BLOCK
26.35826.3582,0,0,0,901.317,0,0,1.58545e-41,B26.3596,0,0,0,23832.6,0,0,1.10981e-41,BLOCK
26.36426.364,0,0,0,8709.66,0,0,7.76869e-42,B26.3698,0,0,0,7853.6,0,0,5.43808e-42,BLOCK
26.378726.3787,0,0,0,5985.75,0,0,3.80666e-42,26.4083,0,0,0,1569.12,0,0,2.66466e-42,BLOCK
26.495326.4953,0,0,0,345.13,0,0,1.86526e-42,26.5253,0,0,0,1780.6,0,0,1.30568e-42,BLOCK
26.5353,0,0,0,2211.6,0,0,9.13979e-43,BLOCK
26.5757,0,0,0,1007.72,0,0,6.39785e-43,26.575726.5876,0,0,0,2947.44,0,0,4.4785e-43,BLOCK
26.6086,0,0,0,1379.45,0,0,3.13495e-43,BLOCK
26.7974,0,0,0,281.861,0,0,2.19446e-43,BLOCK
26.8474,0,14,0,0,1,1,1,ACCEPT
26.8492,0,0,0,243.114,0,0,1.53612e-43,BLOCK
26.8832,0,0,0,734.83,0,0,1.07529e-43,BLOCK
26.953,0,0,0,45.8543,0,0,7.52701e-44,BLOCK
27.049,0,0,0,404.566,0,0,5.26891e-44,BLOCK
27.0541,27.0541,0,0,0,8494.3,0,0,3.68823e-44,27.0711,0,0,0,1075.9,0,0,2.58176e-44,BLOCK
27.1212,0,0,0,478.811,0,0,1.80723e-44,BLOCK
27.2427,0,0,0,126.192,0,0,1.26506e-44,BLOCK
27.3103,0,0,0,593.781,0,0,8.85545e-45,BLOCK
27.358227.3582,0,0,0,801.392,0,0,6.19882e-45,27.3596,0,0,0,23832.6,0,0,4.33917e-45,BLOCK
27.364,27.364,0,0,0,8709.21,0,0,3.03742e-45,27.3698,0,0,0,9694.85,0,0,2.12619e-45,BLOCK
27.378727.3787,0,0,0,6793.08,0,0,1.48834e-4527.4083,0,0,0,1365.04,0,0,1.04183e-45,BLOCK
27.4953,27.4953,0,0,0,258.01,0,0,7.29284e-4627.5253,0,0,0,1780.6,0,0,5.10499e-46,BLOCK
27.5353,0,0,0,1456.14,0,0,3.57349e-46,BLOCK
27.5757,0,0,0,1228.71,0,0,2.50145e-46,B27.57527.5876,0,0,0,2645.28,0,0,1.75101e-46,BLOCK
27.6086,0,0,0,1358.46,0,0,1.22571e-46,BLOCK
27.7974,0,0,0,254.654,0,0,8.57996e-47,BLOCK
27.8474,0,14,0,0,1,1,1,ACCEPT
27.8492,0,0,0,142.373,0,0,6.00597e-47,BLOCK
27.8832,0,0,0,816.283,0,0,4.20418e-47,BLOCK
27.953,0,0,0,45.8543,0,0,2.94293e-47,BLOCK
28.049,0,0,0,293.647,0,0,2.06005e-47,BLOCK
28.054128.0541,0,0,0,8235.4,0,0,1.44203e-47,B28.0711,0,0,0,1609.75,0,0,1.00942e-47,BLOCK
28.1212,0,0,0,478.811,0,0,7.06597e-48,BLOCK
28.2427,0,0,0,126.192,0,0,4.94618e-48,BLOCK
28.3103,0,0,0,553.244,0,0,3.46232e-48,BLOCK
28.35828.3582,0,0,0,712.231,0,0,2.42363e-48,B28.3596,0,0,0,23832.6,0,0,1.69654e-48,BLOCK
28.36428.364,0,0,0,8709.07,0,0,1.18758e-48,B28.37828.3786,0,0,0,576.605,0,0,8.31304e-49,B28.4083,0,0,0,1241.19,0,0,5.81913e-49,BLOCK
28.4928.4953,0,0,0,243.579,0,0,4.07339e-49,B28.5253,0,0,0,1781.37,0,0,2.85137e-49,BLOCK
28.5353,0,0,0,964.816,0,0,1.99596e-49,BLOCK
28.5757,0,0,0,1500.73,0,0,1.39717e-428.5757,028.5876,0,0,0,2329.91,0,0,9.78021e-50,BLOCK
28.6086,0,0,0,1342.26,0,0,6.84614e-50,BLOCK
28.7973,0,0,0,223.931,0,0,4.7923e-50,BLOCK
28.8474,0,14,0,0,1,1,1,ACCEPT
28.8428.8492,0,0,0,131.965,0,0,3.35461e-50,BL28.8832,0,0,0,975.421,0,0,2.34823e-50,BLOCK
28.953,0,0,0,45.8543,0,0,1.64376e-50,BLOCK
29.0491,0,0,0,221.7,0,0,1.15063e-50,BLOCK
29.0711,0,0,0,846.154,0,0,8.05442e-51,BLOCK
29.1212,0,0,0,478.811,0,0,5.63809e-51,BLOCK
29.2427,0,0,0,126.192,0,0,3.94667e-51,BLOCK
29.3103,0,0,0,511.097,0,0,2.76267e-51,BLOCK
29.3529.3582,0,0,0,604.082,0,0,1.93387e-51,BL29.3596,0,0,0,23832.6,0,0,1.35371e-51,BLOCK
29.3629.364,0,0,0,8709.01,0,0,9.47594e-52,BL29.3729.3786,0,0,0,566.009,0,0,6.63316e-52,BL29.4083,0,0,0,1401.56,0,0,4.64321e-52,BLOCK
29.4829.4854,0,0,0,640.293,0,0,3.25025e-52,BL29.4929.4953,0,0,0,2428.95,0,0,2.27517e-52,BL29.5253,0,0,0,1780.6,0,0,1.59262e-52,BLOCK
29.5757,0,0,0,1217.42,0,0,1.11484e-529.5757,029.5876,0,0,0,2011.91,0,0,7.80385e-53,BLOCK
29.6086,0,0,0,1362.59,0,0,5.46269e-53,BLOCK
29.7706,0,0,0,98.0899,0,0,3.82389e-53,BLOCK
29.7974,0,0,0,2008.36,0,0,2.67672e-53,BLOCK
29.8424,0,0,0,1181,0,0,1.8737e-53,BLOCK
29.8474,0,14,0,0,1,1,1,ACCEPT
29.8429.8492,0,0,0,7358.7,0,0,1.31159e-53,BLO29.8832,0,0,0,1209.93,0,0,9.18115e-54,BLOCK
29.953,0,0,0,45.8458,0,0,6.4268e-54,BLOCK
30.0491,0,0,0,225.29,0,0,4.49876e-54,BLOCK
30.0711,0,0,0,471.584,0,0,3.14913e-54,BLOCK
30.1212,0,0,0,478.811,0,0,2.20439e-54,BLOCK
30.2427,0,0,0,126.192,0,0,1.54308e-54,BLOCK
30.3103,0,0,0,486.455,0,0,1.08015e-54,BLOCK
30.330.3582,0,0,0,524.288,0,0,7.56107e-55,BLO30.3596,0,0,0,23832.6,0,0,5.29275e-55,BLOCK
30.330.364,0,0,0,8709.01,0,0,3.70492e-55,BLO30.330.3786,0,0,0,559.165,0,0,2.59345e-55,BLO30.4083,0,0,0,1673.62,0,0,1.81541e-55,BLOCK
30.430.4854,0,0,0,723.138,0,0,1.27079e-55,BLO30.430.4953,0,0,0,2339.88,0,0,8.89552e-56,BLO30.5253,0,0,0,1780.6,0,0,6.22687e-56,BLOCK
30.5757,0,0,0,1217.42,0,0,4.35881e-30.5757,0,30.5876,0,0,0,1524.94,0,0,3.05116e-56,BLOCK
30.6086,0,0,0,1207.19,0,0,2.13582e-56,BLOCK
30.7706,0,0,0,54.1164,0,0,1.49507e-56,BLOCK
30.7974,0,0,0,1510.16,0,0,1.04655e-56,BLOCK
30.8424,0,0,0,1050.96,0,0,7.32585e-57,BLOCK
30.8474,0,14,0,0,1,1,1,ACCEPT
30.830.8492,0,0,0,7333.92,0,0,5.12809e-57,BLO30.8832,0,0,0,1519.14,0,0,3.58966e-57,BLOCK
30.953,0,0,0,45.8458,0,0,2.51277e-57,BLOCK
31.0491,0,0,0,300.547,0,0,1.75894e-57,BLOCK
31.0711,0,0,0,634.91,0,0,1.23126e-57,BLOCK
31.1212,0,0,0,478.811,0,0,8.61879e-58,BLOCK
31.2427,0,0,0,126.192,0,0,6.03315e-58,BLOCK
31.3103,0,0,0,468.813,0,0,4.2232e-58,BLOCK
31.3531.3582,0,0,0,420.031,0,0,2.95624e-58,BL31.3596,0,0,0,23832.6,0,0,2.06937e-58,BLOCK
31.3631.364,0,0,0,8709.01,0,0,1.44856e-58,BL31.3731.3786,0,0,0,557.445,0,0,1.01399e-58,BL31.4083,0,0,0,2015.87,0,0,7.09794e-59,BLOCK
31.4831.4854,0,0,0,840.261,0,0,4.96856e-59,BL31.4931.4953,0,0,0,2304.16,0,0,3.47799e-59,BL31.5253,0,0,0,1780.6,0,0,2.43459e-59,BLOCK
31.5757,0,0,0,1217.42,0,0,1.70422e-531.5757,031.5876,0,0,0,1002.15,0,0,1.19295e-531.5876,031.6086,0,0,0,1181.09,0,0,8.35066e-60,BLOCK
31.7706,0,0,0,19.7599,0.341335,1,0.18144,BLOCK
31.7974,0,0,0,1045.99,0,0,0.127008,BLOCK
31.8424,0,0,0,910.006,0,0,0.0889058,BLOCK
31.8474,0,14,0,0,1,1,1,ACCEPT
31.8431.8492,0,0,0,7908.11,0,0,0.062234,BL31.8832,0,0,0,1889.32,0,0,0.0435638,BLOCK
31.953,0,0,0,45.8458,0,0,0.0304947,BLOCK
32.049,0,0,0,404.697,0,0,0.0213463,BLOCK
32.0711,0,0,0,1118.61,0,0,0.0149424,BLOCK
32.0909,0,0,0,2850.95,0,0,0.0104597,BLOCK
32.1212,0,0,0,1708.74,0,0,0.00732177,BLOCK
32.2428,0,0,0,126.178,0,0,0.00512524,BLOCK
32.3103,0,0,0,536.23,0,0,0.00358767,BLOCK
32.35832.3582,0,0,0,283.008,0,0,0.00251137,B32.3596,0,0,0,24065,0,0,0.00175796,BLOCK
32.364,032.364,0,0,0,8683.59,0,0,0.0012305732.3787,32.3787,0,0,0,556.796,0,0,0.00086139932.4083,0,0,0,2388.9,0,0,0.000602979,BLOCK
32.4854,032.4854,0,0,0,974.16,0,0,0.00042208632.4953,32.4953,0,0,0,2298.13,0,0,0.0002954632.5253,0,0,0,1780.6,0,0,0.000206822,BLOCK
32.5757,0,0,0,1217.1,0,0,0.000144775,BL32.5732.5876,0,0,0,846.437,0,0,0.000101343,B32.58732.6086,0,0,0,1349.51,0,0,7.09399e-05,BLOCK
32.6275,0,0,0,3693.23,0,0,4.9658e-05,BLOCK
32.7706,0,0,0,430.61,0,0,3.47606e-05,BLOCK
32.7973,0,0,0,592.105,0,0,2.43324e-05,BLOCK
32.8424,0,0,0,799.882,0,0,1.70327e-05,BLOCK
32.8474,0,14,0,0,1,1,1,ACCEPT
32.8832,0,0,0,969.329,0,0,1.19229e-05,BLOCK
32.953,0,0,0,45.8543,0,0,8.34601e-06,BLOCK
33.049,0,0,0,523.564,0,0,5.84221e-06,BLOCK
33.0711,0,0,0,1671.14,0,0,4.08955e-06,BLOCK
33.0909,0,0,0,2493.09,0,0,2.86268e-06,BLOCK
33.1212,0,0,0,1486.89,0,0,2.00388e-06,BLOCK
33.2427,0,0,0,126.178,0,0,1.40271e-06,BLOCK
33.310333.3103,0,0,0,642.421,0,0,9.819e-07,33.358233.3582,0,0,0,205.894,0,0,6.8733e-07,33.3595,0,0,0,24065,0,0,4.81131e-07,BLOCK
33.364,0,33.364,0,0,0,8683.59,0,0,3.36792e-033.3786,033.3786,0,0,0,556.682,0,0,2.35754e-033.4854,033.4854,0,0,0,70.3736,0,0,1.65028e-033.4953,033.4953,0,0,0,2296.45,0,0,1.1552e-033.5253,0,0,0,1780.6,0,0,8.08637e-08,BLOCK
33.5758,0,0,0,1217.1,0,0,5.66046e-08,BLO33.533.5876,0,0,0,1478.64,0,0,3.96232e-08,BL33.5833.6086,0,0,0,1773.42,0,0,2.77362e-08,BLOCK
33.6275,0,0,0,2744.42,0,0,1.94154e-08,BLOCK
33.7706,0,0,0,254.016,0,0,1.35908e-08,BLOCK
33.7973,0,0,0,376.267,0,0,9.51353e-09,BLOCK
33.8424,0,0,0,654.312,0,0,6.65947e-09,BLOCK
33.8474,0,14,0,0,1,1,1,ACCEPT
33.8832,0,0,0,843.82,0,0,4.66163e-09,BLOCK
33.953,0,0,0,45.8543,0,0,3.26314e-09,BLOCK
34.049,0,0,0,643.721,0,0,2.2842e-09,BLOCK
34.0711,0,0,0,2217.68,0,0,1.59894e-09,BLOCK
34.0909,0,0,0,2139.43,0,0,1.11926e-09,BLOCK
34.1212,0,0,0,1271.97,0,0,7.8348e-10,BLOCK
34.2428,0,0,0,126.178,0,0,5.48436e-10,BLOCK
34.3101,0,0,0,794.933,0,0,3.83905e-10,BLOCK
34.3103,0,34.3103,0,0,0,323332,0,0,2.68734e-34.3582,0,34.3582,0,0,0,245.46,0,0,1.88114e-134.3596,0,0,0,24065,0,0,1.3168e-10,BLOCK
34.3603,0,0,0,38289.1,0,0,9.21757e-11,BLOCK
34.364,0,34.364,0,0,0,17426.1,0,0,6.4523e-134.3786,034.3786,0,0,0,556.682,0,0,4.51661e-134.4854,034.4854,0,0,0,70.3023,0,0,3.16163e-134.4953,034.4953,0,0,0,2295.69,0,0,2.21314e-134.5253,0,0,0,1780.6,0,0,1.5492e-11,BLOCK
34.5757,0,0,0,1217.42,0,0,1.08444e-11,BL34.5734.6086,0,0,0,713.27,0,0,7.59106e-12,BLOCK
34.6275,0,0,0,1898.6,0,0,5.31374e-12,BLOCK
34.7706,0,0,0,92.6634,0,0,3.71962e-12,BLOCK
34.7974,0,0,0,649.154,0,0,2.60373e-12,BLOCK
34.8424,0,0,0,525.258,0,0,1.82261e-12,BLOCK
34.844,0,0,0,44797.9,0,0,1.27583e-12,BLOCK
34.8474,0,14,0,0,1,1,1,ACCEPT
34.8832,0,0,0,1420.95,0,0,8.93081e-13,BLOCK
34.953,0,0,0,45.8543,0,0,6.25157e-13,BLOCK
35.0711,0,0,0,271.323,0,0,4.3761e-13,BLOCK
35.0909,0,0,0,1812.99,0,0,3.06327e-13,BLOCK
35.1212,0,0,0,1078.55,0,0,2.14429e-13,BLOCK
35.2427,0,0,0,126.192,0,0,1.501e-13,BLOCK
35.3101,0,0,0,649.643,0,0,1.0507e-13,BLOCK
35.3103,35.3103,0,0,0,304117,0,0,7.35491e-1435.3582,35.3582,0,0,0,417.344,0,0,5.14843e-1435.3596,0,0,0,24065,0,0,3.6039e-14,BLOCK
35.3603,0,0,0,34450.4,0,0,2.52273e-14,BLOCK
35.364,0,035.364,0,0,0,16872.4,0,0,1.76591e-35.3786,0,35.3786,0,0,0,556.675,0,0,1.23614e-35.4854,0,35.4854,0,0,0,70.2696,0,0,8.65297e-35.4953,0,35.4953,0,0,0,2295.42,0,0,6.05708e35.5226,0,0,0,2007.5,0,0,4.23996e-15,BLOCK
35.5253,0,0,0,21943.5,0,0,2.96797e-15,BLOCK
35.5757,0,0,0,1217.42,0,0,2.07758e-15,BLO35.535.6086,0,0,0,560.29,0,0,1.45431e-15,BLOCK
35.6275,0,0,0,1423.22,0,0,1.01801e-15,BLOCK
35.7706,0,0,0,98.7997,0,0,7.1261e-16,BLOCK
35.7974,0,0,0,1106.09,0,0,4.98827e-16,BLOCK
35.8424,0,0,0,410.358,0,0,3.49179e-16,BLOCK
35.844,0,0,0,33862.1,0,0,2.44425e-16,BLOCK
35.8474,0,14,0,0,1,1,1,ACCEPT
35.8832,0,0,0,1119.12,0,0,1.71098e-16,BLOCK
35.953,0,0,0,45.8458,0,0,1.19768e-16,BLOCK
36.0712,0,0,0,271.323,0,0,8.38378e-17,BLOCK
36.0909,0,0,0,1518.21,0,0,5.86865e-17,BLOCK
36.1212,0,0,0,913.493,0,0,4.10805e-17,BLOCK
36.2427,0,0,0,126.192,0,0,2.87564e-17,BLOCK
36.3101,0,0,0,526.992,0,0,2.01295e-17,BLOCK
36.3582,0,0,36.3582,0,0,0,763.459,0,0,1.4090636.3596,0,0,0,23832.6,0,0,9.86343e-18,BLOCK
36.3603,0,0,0,28582.9,0,0,6.9044e-18,BLOCK
36.364,0,0,036.364,0,0,0,15570,0,0,4.83308e-36.3787,0,36.3787,0,0,0,556.675,0,0,3.38316e-36.4854,0,36.4854,0,0,0,70.2764,0,0,2.36821e-36.4953,0,36.4953,0,0,0,2295.4,0,0,1.65775e-136.5226,0,0,0,1708.76,0,0,1.16042e-18,BLOCK
36.5253,0,0,0,19669.3,0,0,8.12296e-19,BLOCK
36.5757,0,0,0,1217.1,0,0,5.68607e-19,BL36.5736.6086,0,0,0,396.802,0,0,3.98025e-19,B36.60836.6275,0,0,0,1455.24,0,0,2.78618e-19,BLOCK
36.7706,0,0,0,229.097,0,0,1.95032e-19,BLOCK
36.7973,0,0,0,1588.93,0,0,1.36523e-19,BLOCK
36.8424,0,0,0,296.515,0,0,9.55658e-20,BLOCK
36.844,0,0,0,22306.7,0,0,6.68961e-20,BLOCK
36.8474,0,14,0,0,1,1,1,ACCEPT
36.8832,0,0,0,830.978,0,0,4.68273e-20,BLOCK
36.953,0,0,0,45.8543,0,0,3.27791e-20,BLOCK
37.0711,0,0,0,271.323,0,0,2.29454e-20,BLOCK
37.0909,0,0,0,1241.24,0,0,1.60617e-20,BLOCK
37.1212,0,0,0,771.321,0,0,1.12432e-20,BLOCK
37.1316,0,0,0,5083.74,0,0,7.87026e-21,BLOCK
37.2427,0,0,0,542.274,0,0,5.50918e-21,BLOCK
37.3101,0,0,0,445.149,0,0,3.85643e-21,BLOCK
37.3537.3582,0,0,0,570.362,0,0,2.6995e-21,BL37.3596,0,0,0,23832.6,0,0,1.88965e-21,BLOCK
37.3603,0,0,0,23077.4,0,0,1.32275e-21,BLOCK
37.3637.364,0,0,0,14511,0,0,9.25928e-22,BLOC37.37.3787,0,0,0,556.675,0,0,6.48149e-22,BLOC37.37.4854,0,0,0,70.2764,0,0,4.53705e-22,BLOC37.37.4953,0,0,0,2295.4,0,0,3.17593e-22,BLOCK37.5226,0,0,0,1438.48,0,0,2.22315e-22,BLOCK
37.5253,0,0,0,17804.5,0,0,1.55621e-22,BLOCK
37.5757,0,0,0,1217.1,0,0,1.0893437.5757,0,0,37.6086,0,0,0,291.918,0,0,7.625437.6086,0,0,037.6275,0,0,0,1854.81,0,0,5.33779e-23,BLOCK
37.6897,0,0,0,928.714,0,0,3.73645e-23,BLOCK
37.7974,0,0,0,494.188,0,0,2.61552e-23,BLOCK
37.8424,0,0,0,173.647,0,0,1.83086e-23,BLOCK
37.844,0,0,0,12830.1,0,0,1.2816e-23,BLOCK
37.8474,0,14,0,0,1,1,1,ACCEPT
37.8832,0,0,0,588.977,0,0,8.97122e-24,BLOCK
37.953,0,0,0,45.8543,0,0,6.27986e-24,BLOCK
38.0711,0,0,0,271.323,0,0,4.3959e-24,BLOCK
38.0909,0,0,0,941.73,0,0,3.07713e-24,BLOCK
38.1212,0,0,0,640.025,0,0,2.15399e-24,BLOCK
38.1316,0,0,0,3911.24,0,0,1.50779e-24,BLOCK
38.2427,0,0,0,439.992,0,0,1.05546e-24,BLOCK
38.3101,0,0,0,416.254,0,0,7.38819e-25,BLOCK
3838.3582,0,0,0,415.162,0,0,5.17173e-25,BLOCK38.3596,0,0,0,23832.6,0,0,3.62021e-25,BLOCK
38.3603,0,0,0,22008.1,0,0,2.53415e-25,BLOCK
3838.364,0,0,0,14304.4,0,0,1.7739e-25,BLOCK3838.3786,0,0,0,557.17,0,0,1.24173e-25,BLOCK338.4854,0,0,0,70.2664,0,0,8.69213e-26,BLOCK338.4953,0,0,0,2295.39,0,0,6.08449e-26,BLOCK38.5226,0,0,0,1219,0,0,4.25914e-26,BLOCK
38.5253,0,0,0,16474.1,0,0,2.9814e-26,BLOCK
38.5758,0,0,0,1217.1,0,0,2.08698e-38.5758,0,38.6086,0,0,0,444.42,0,0,1.46089e-38.6086,0,38.6275,0,0,0,2673.35,0,0,1.02262e-26,BLOCK
38.6897,0,0,0,809.931,0,0,7.15834e-27,BLOCK
38.7974,0,0,0,421.159,0,0,5.01084e-27,BLOCK
38.8424,0,0,0,158.636,0,0,3.50759e38.8424,0,038.844,0,0,0,10738.4,0,0,2.45531e-27,BLOCK
38.8474,0,14,0,0,1,1,1,ACCEPT
38.8832,0,0,0,448.856,0,0,1.71872e-27,BLOCK
38.953,0,0,0,45.8543,0,0,1.2031e-27,BLOCK
39.0711,0,0,0,271.323,0,0,8.42172e-28,BLOCK
39.0909,0,0,0,717.615,0,0,5.8952e-28,BLOCK
39.1212,0,0,0,588.584,0,0,4.12664e-28,BLOCK
39.1316,0,0,0,2826.96,0,0,2.88865e-28,BLOCK
39.2428,0,0,0,349.732,0,0,2.02205e-28,BLOCK
39.3101,0,0,0,453.848,0,0,1.41544e-28,BLOCK
39.3215,0,0,0,3926.33,0,0,9.90807e-29,BLOCK
39.39.3582,0,0,0,1396.27,0,0,6.93565e-29,BLOC39.3596,0,0,0,24065,0,0,4.85495e-29,BLOCK
39.3603,0,0,0,21676.4,0,0,3.39847e-29,BLOCK
39.3639.364,0,0,0,14240.2,0,0,2.37893e-29,39.378739.3787,0,0,0,556.675,0,0,1.66525e-29,39.485439.4854,0,0,0,70.2749,0,0,1.16567e-29,39.495339.4953,0,0,0,2295.39,0,0,8.15972e-30,39.5226,0,0,0,1011.99,0,0,5.7118e-30,BLOCK
39.5253,0,0,0,15419.9,0,0,3.99826e-30,BLOCK
39.5757,0,0,0,1217.1,0,0,2.79878e-30,39.575739.6275,0,0,0,888.054,0,0,1.95915e-30,BLOCK
39.6897,0,0,0,761.582,0,0,1.3714e-30,BLOCK
39.7974,0,0,0,359.56,0,0,9.59983e-31,BLOCK
39.8424,0,0,0,303.754,0,0,6.71988e-339.8424,039.844,0,0,0,16397.6,0,0,4.70392e-31,BLOCK
39.8474,0,14,0,0,1,1,1,ACCEPT
39.8832,0,0,0,501.272,0,0,3.29274e-31,BLOCK
39.953,0,0,0,45.8543,0,0,2.30492e-31,BLOCK
40.0711,0,0,0,271.323,0,0,1.61344e-31,BLOCK
40.0909,0,0,0,527.708,0,0,1.12941e-31,BLOCK
40.1212,0,0,0,668.07,0,0,7.90587e-32,BLOCK
40.1316,0,0,0,1897.48,0,0,5.53411e-32,BLOCK
40.2428,0,0,0,278.7,0,0,3.87388e-32,BLOCK
40.3101,0,0,0,540.194,0,0,2.71171e-32,BLOCK
40.3215,0,0,0,1944.06,0,0,1.8982e-32,BLOCK
40.3582,40.3582,0,0,0,1118.89,0,0,1.32874e-3240.3596,0,0,0,23832.6,0,0,9.30118e-33,BLOCK
40.3603,0,0,0,21655,0,0,6.51083e-33,BLOCK
40.364,0,040.364,0,0,0,14236.1,0,0,4.55758e-40.3787,0,40.3787,0,0,0,556.675,0,0,3.1903e-40.4336,0,0,0,1157.07,0,0,2.23321e-33,BLOCK
40.4854,0,40.4854,0,0,0,1305.78,0,0,1.56325e-40.4953,0,40.4953,0,0,0,2295.39,0,0,1.09427e-40.5226,0,0,0,864.959,0,0,7.65992e-34,BLOCK
40.5253,0,0,0,14822.6,0,0,5.36194e-34,BLOCK
40.5757,0,0,0,1217.42,0,0,3.75336e-34,BL40.5740.6275,0,0,0,1073.64,0,0,2.62735e-34,BLOCK
40.6897,0,0,0,769.44,0,0,1.83915e-34,BLOCK
40.7973,0,0,0,298.496,0,0,1.2874e-34,BLOCK
40.8424,0,0,0,527.407,0,0,9.01182e-35,BLO40.840.844,0,0,0,25478,0,0,6.30827e-35,BLOCK
40.8474,0,14,0,0,1,1,1,ACCEPT
40.8832,0,0,0,696.929,0,0,4.41579e-35,BLOCK
40.953,0,0,0,45.8543,0,0,3.09105e-35,BLOCK
41.0711,0,0,0,271.323,0,0,2.16374e-35,BLOCK
41.0909,0,0,41.0909,0,0,0,496.78,0,0,1.5146241.1212,0,0,0,839.255,0,0,1.06023e-35,BLOCK
41.1316,0,0,0,1394.01,0,0,7.42162e-36,BLOCK
41.2427,0,0,0,244.431,0,0,5.19513e-36,BLOCK
41.3101,0,0,0,667.199,0,0,3.63659e-36,BLOCK
41.3215,0,0,0,583.168,0,0,2.54562e-36,BLOCK
41.3582,0,0,41.3582,0,0,0,896.741,0,0,1.7819341.3596,0,0,0,24065,0,0,1.24735e-36,BLOCK
41.3603,0,0,0,21256.8,0,0,8.73146e-37,BLOCK
41.364,0,0,0,141.364,0,0,0,14284.1,0,0,6.11241.3786,0,0,0,41.3786,0,0,0,556.675,0,0,4.27841.4337,0,0,0,1031.9,0,0,2.99489e-37,BLOCK
41.4854,0,0,0,41.4854,0,0,0,1181.38,0,0,2.09641.4953,0,0,0,41.4953,0,0,0,2295.39,0,0,1.4641.5226,0,0,0,731.188,0,0,1.02725e-37,BLOCK
41.5253,0,0,0,14420.4,0,0,7.19074e-38,BLOCK
41.5758,0,0,0,1217.1,0,0,5.03351e-38,BLOCK441.6275,0,0,0,1304.71,0,0,3.52346e-38,BLOCK
41.6897,0,0,0,832.961,0,0,2.46642e-38,BLOCK
41.7106,0,0,0,3661.13,0,0,1.7265e-38,BLOCK
41.7974,0,0,0,595.052,0,0,1.20855e-38,BLOCK
41.8424,0,0,0,807.124,0,0,8.45983e-39,BLOC41.41.844,0,0,0,36211.3,0,0,5.92188e-39,BLOCK
41.8474,0,14,0,0,1,1,1,ACCEPT
41.8832,0,0,0,947.51,0,0,4.14532e-39,BLOCK
41.953,0,0,0,45.8543,0,0,2.90172e-39,BLOCK
42.0711,0,0,0,271.323,0,0,2.0312e-39,BLOCK
42.0909,0,42.0909,0,0,0,654.734,0,0,1.42184e-42.1212,0,0,0,1055.75,0,0,9.9529e-40,BLOCK
42.1316,0,0,0,846.628,0,0,6.96703e-40,BLOCK
42.2428,0,0,0,201.947,0,0,4.87692e-40,BLOCK
42.3101,0,0,0,801.935,0,0,3.41385e-40,BLOCK
42.3215,0,0,0,1847.72,0,0,2.38969e-40,BLOCK
42.3582,0,42.3582,0,0,0,772.402,0,0,1.67278e-42.3596,0,0,0,24065,0,0,1.17095e-40,BLOCK
42.3603,0,0,0,21640.9,0,0,8.19664e-41,BLOCK
42.364,0,0,042.364,0,0,0,14233.3,0,0,5.7376542.3787,0,0,42.3787,0,0,0,556.675,0,0,4.0163642.4336,0,0,0,879.321,0,0,2.81145e-41,BLOCK
42.4854,0,0,42.4854,0,0,0,1031.25,0,0,1.9680142.4953,0,0,42.4953,0,0,0,2295.39,0,0,1.3776142.5226,0,0,0,574.126,0,0,9.64327e-42,BLOCK
42.5253,0,0,0,14225.9,0,0,6.75029e-42,BLOCK
42.5757,0,0,0,1217.42,0,0,4.7252e-42,BLOCK4242.6897,0,0,0,306.254,0,0,3.30764e-42,BLOCK
42.7106,0,0,0,2898.7,0,0,2.31535e-42,BLOCK
42.7973,0,0,0,490.608,0,0,1.62074e-42,BLOCK
42.844,0,0,0,1074.3,0,0,1.13452e-42,BLOCK
42.8474,0,14,0,0,1,1,1,ACCEPT
42.8832,0,0,0,1220.21,0,0,7.94165e-43,BLOCK
42.953,0,0,0,45.8543,0,0,5.55915e-43,BLOCK
42.9795,0,0,0,1941.25,0,0,3.89141e-43,BLOCK
43.0711,0,0,0,615.202,0,0,2.72398e-43,BLOCK
43.0909,0,043.0909,0,0,0,974.102,0,0,1.90679e43.1212,0,0,0,1320.28,0,0,1.33475e-43,BLOCK
43.1316,0,0,0,614.042,0,0,9.34327e-44,BLOCK
43.2427,0,0,0,156.306,0,0,6.54029e-44,BLOCK
43.3101,0,0,0,945.416,0,0,4.5782e-44,BLOCK
43.3215,0,0,0,3309.9,0,0,3.20474e-44,BLOCK
43.3582,0,0,43.3582,0,0,0,697.017,0,0,2.243343.3596,0,0,0,24065,0,0,1.57032e-44,BLOCK
43.3603,0,0,0,21249.6,0,0,1.09923e-44,BLOCK
43.364,0,0,0,43.364,0,0,0,14282.7,0,0,7.694543.3786,0,0,043.3786,0,0,0,556.675,0,0,5.386243.4337,0,0,0,734.82,0,0,3.77035e-45,BLOCK
43.4854,0,0,0,43.4854,0,0,0,893.939,0,0,2.63943.4953,0,0,0,43.4953,0,0,0,2295.39,0,0,1.84743.5226,0,0,0,528.765,0,0,1.29323e-45,BLOCK
43.5253,0,0,0,14690.6,0,0,9.0526e-46,BLOCK
43.5758,0,0,0,1217.1,0,0,6.33682e-46,BLOCK4343.6897,0,0,0,274.048,0,0,4.43577e-46,BLOCK
43.7013,0,0,0,3841.32,0,0,3.10504e-46,BLOC43.43.7106,0,0,0,6012.36,0,0,2.17353e-46,BLOCK
43.7477,0,0,0,488.505,0,0,1.52147e-46,BLOCK
43.7973,0,0,0,1040.07,0,0,1.06503e-46,BLOCK
43.8474,0,14,0,0,1,1,1,ACCEPT
43.8832,0,0,0,358.494,0,0,7.45521e-47,BLOCK
43.953,0,0,0,45.8543,0,0,5.21864e-47,BLOCK
43.9795,0,0,0,1632.4,0,0,3.65305e-47,BLOCK
44.0711,0,0,0,512.45,0,0,2.55714e-47,BLOCK
44.0909,0,044.0909,0,0,0,1438.47,0,0,1.78999e44.1212,0,0,0,1652.28,0,0,1.253e-47,BLOCK
44.1316,0,0,0,985.089,0,0,8.77097e-48,BLOCK
44.2428,0,0,0,106.555,0,0,6.13968e-48,BLOCK
44.3214,0,0,0,355.933,0,0,4.29778e-48,BLOCK
44.3349,0,0,0,2869.01,0,0,3.00844e-48,BLOCK
44.35844.3582,0,0,0,2139.53,0,0,2.10591e-48,B44.3596,0,0,0,24065,0,0,1.47414e-48,BLOCK
44.3603,0,0,0,21639.2,0,0,1.0319e-48,BLOCK
44.364,044.364,0,0,0,14233,0,0,7.22327e-49,B44.37844.3786,0,0,0,556.675,0,0,5.05629e-49,B44.4336,0,0,0,656.442,0,0,3.5394e-49,BLOCK
44.4699,0,0,0,977.574,0,0,2.47758e-49,BLOCK
44.48544.4854,0,0,0,4473.92,0,0,1.73431e-49,B44.49544.4953,0,0,0,2295.39,0,0,1.21402e-49,B44.5226,0,0,0,704.309,0,0,8.49811e-50,BLOCK
44.5253,0,0,0,16095,0,0,5.94868e-50,BLOCK
44.5432,0,0,0,3342.93,0,0,4.16407e-50,BLOCK
44.5757,0,0,0,1856.32,0,0,2.91485e-50,44.575744.6004,0,0,0,2649.27,0,0,2.0404e-50,BLOCK
44.6897,0,0,0,462.301,0,0,1.42828e-50,BLOCK
44.7013,0,0,0,3681.81,0,0,9.99794e-51,44.701344.7106,0,0,0,5512.26,0,0,6.99856e-51,BLOCK
44.7477,0,0,0,435.132,0,0,4.89899e-51,BLOCK
44.7973,0,0,0,872.601,0,0,3.42929e-51,BLOCK
44.8474,0,14,0,0,1,1,1,ACCEPT
44.8832,0,0,0,358.494,0,0,2.40051e-51,BLOCK
44.953,0,0,0,45.8458,0,0,1.68035e-51,BLOCK
44.9795,0,0,0,1314.23,0,0,1.17625e-51,BLOCK
45.0711,0,0,0,397.101,0,0,8.23374e-52,BLOCK
45.1212,0,0,0,478.811,0,0,5.76361e-52,BLOCK
45.1316,0,0,0,1758.39,0,0,4.03453e-52,BLOCK
45.1538,0,0,0,2913.63,0,0,2.82417e-52,BLOCK
45.2427,0,0,0,621.946,0,0,1.97692e-52,BLOCK
45.3214,0,0,0,349.001,0,0,1.38384e-52,BLOCK
45.3349,0,0,0,1963.79,0,0,9.68691e-53,BLOCK
45.3545.3582,0,0,0,1644.52,0,0,6.78083e-53,BL45.3596,0,0,0,24065,0,0,4.74658e-53,BLOCK
45.3603,0,0,0,21249.6,0,0,3.32261e-53,BLOCK
45.3645.364,0,0,0,14282.7,0,0,2.32583e-53,BL45.3745.3786,0,0,0,556.675,0,0,1.62808e-53,BL45.4336,0,0,0,619.306,0,0,1.13965e-53,BLOCK
45.4699,0,0,0,983.043,0,0,7.97758e-54,BLOCK
45.4845.4854,0,0,0,4291.79,0,0,5.58431e-54,BL45.4945.4953,0,0,0,2295.39,0,0,3.90902e-54,BL45.5226,0,0,0,1016.68,0,0,2.73631e-54,BLOCK
45.5253,0,0,0,18322.3,0,0,1.91542e-54,BLOCK
45.5432,0,0,0,2906.29,0,0,1.34079e-54,BLOCK
45.5757,0,0,0,1548.71,0,0,9.38555e-45.5757,0,45.6004,0,0,0,2593.73,0,0,6.56988e-55,BLOCK
45.6897,0,0,0,446.325,0,0,4.59892e-55,BLOCK
45.7013,0,0,0,3392.03,0,0,3.21924e45.7013,0,045.7106,0,0,0,5005.89,0,0,2.25347e-55,BLOCK
45.7477,0,0,0,348.039,0,0,1.57743e-55,BLOCK
45.7974,0,0,0,732.222,0,0,1.1042e-55,BLOCK
45.8474,0,14,0,0,1,1,1,ACCEPT
45.8823,0,0,0,607.659,0,0,7.7294e-56,BLOCK
45.8832,0,0,0,61454.5,0,0,5.41058e-56,BLOCK
45.953,0,0,0,45.8543,0,0,3.78741e-56,BLOCK
45.9795,0,0,0,1149.4,0,0,2.65119e-56,BLOCK
46.0712,0,0,0,325.765,0,0,1.85583e-56,BLOCK
46.1212,0,0,0,409.804,0,0,1.29908e-56,BLOCK
46.1316,0,0,0,2974.2,0,0,9.09357e-57,BLOCK
46.1538,0,0,0,2947.13,0,0,6.3655e-57,BLOCK
46.2428,0,0,0,550.962,0,0,4.45585e-57,BLOCK
46.3215,0,0,0,348.847,0,0,3.11909e-57,BLOCK
46.3349,0,0,0,1072.86,0,0,2.18337e-57,BLOCK
46.3582,0,0,0,1237.16,0,0,1.52836e-57,BLOCK
46.3596,0,0,0,22396.4,0,0,1.06985e-57,BLOCK
46.3603,0,0,0,24572.2,0,0,7.48894e-58,BLOCK
46.364,0,0,0,14233,0,0,5.24226e-58,BLOCK
46.3786,0,0,0,557.17,0,0,3.66958e-58,BLOCK
46.46.4337,0,0,0,617.053,0,0,2.56871e-58,BLOC46.46.4699,0,0,0,838.568,0,0,1.79809e-58,BLOC46.4854,0,0,0,4014.07,0,0,1.25867e-58,BLOCK
46.4953,0,0,0,2295.39,0,0,8.81066e-59,BLOCK
46.46.5226,0,0,0,1386.08,0,0,6.16747e-59,BLOC46.46.5253,0,0,0,21171.8,0,0,4.31723e-59,BLOC46.46.5432,0,0,0,2660.94,0,0,3.02206e-59,BLOC46.46.5757,0,0,0,1355.12,0,0,246.5757,0,0,0,135546.6004,0,0,0,2474.49,0,0,1.48081e-59,BLOCK
46.6897,0,0,0,413.371,0,0,1.03657e-59,BLOCK
46.7013,0,0,0,3114.83,0,0,746.7013,0,0,0,311446.7106,0,0,0,4620.51,0,0,5.07917e-60,BLOCK
46.7477,0,0,0,270.648,0,0,3.55542e-60,BLOCK
46.7973,0,0,0,645.286,0,0,2.48879e-60,BLOCK
46.8161,0,0,0,2687.34,0,0,1.74216e-60,BLOCK
46.8474,0,14,0,0,1,1,1,ACCE46.846.8823,0,0,0,107.879,0,0,1.21951e-60,BLO46.846.8832,0,0,0,54564.1,0,0,8.53657e-61,BLO46.946.953,0,0,0,45.8543,0,0,5.9756e-61,BLO46.946.9795,0,0,0,1054.04,0,0,4.18292e-61,BLO47.047.0712,0,0,0,291.687,0,0,2.92804e-61,BLO47.147.1212,0,0,0,294.692,0,0,2.04963e-61,BLO47.147.1538,0,0,0,1166.3,0,0,1.43474e-61,BLO47.247.2427,0,0,0,510.577,0,0,1.00432e-61,BLO47.347.3214,0,0,0,348.82,0,0,7.03023e-62,BLO47.347.3349,0,0,0,467.206,0,0,4.92116e-62,BLO47.3582,0,0,0,953.449,0,0,3.44481e-62,BLOCK
47.347.3596,0,0,0,19637.1,0,0,2.41137e-62,B47.36047.3603,0,0,0,29660.8,0,0,1.68796e-62,B47.364,0,0,0,14282.7,0,0,1.18157e-62,BLOCK
47.3786,0,0,0,556.675,0,0,8.27099e-63,BLOCK
47.43347.4337,0,0,0,616.122,0,0,5.7897e-63,B47.46947.4699,0,0,0,623.573,0,0,4.05279e-63,B47.4854,0,0,0,3634.77,0,0,2.83695e-63,BLOCK
47.4953,0,0,0,2387.56,0,0,1.98587e-63,BLOCK
47.52247.5226,0,0,0,1776.75,0,0,1.39011e-63,B47.52547.5253,0,0,0,24484.9,0,0,9.73074e-64,B47.54347.5432,0,0,0,2522.84,0,0,6.81152e-64,B47.54547.5758,0,0,0,1237.86,0,47.5758,0,0,0,1237.8547.6004,0,0,0,2471.45,0,0,3.33764e-64,BLOCK
47.6897,0,0,0,412.544,0,0,2.33635e-64,BLOCK
47.7013,0,0,0,3080.61,0,47.7013,0,0,0,3080.5647.7106,0,0,0,4555.62,0,0,1.14481e-64,BLOCK
47.7477,0,0,0,221.116,0,0,8.01369e-65,BLOCK
47.7974,0,0,0,572.052,0,0,5.60958e-65,BLOCK
47.8161,0,0,0,1956.32,0,0,3.92671e-65,BLOCK
47.8474,0,14,0,0,1,1,1,A47.882347.8823,0,0,0,59.2184,0,0,2.74869e-65,47.883247.8832,0,0,0,49104.1,0,0,1.92409e-65,47.953,47.953,0,0,0,46.01,0,0,1.34686e-65,47.979547.9795,0,0,0,994.169,0,0,9.42802e-66,48.071148.0711,0,0,0,339.257,0,0,6.59961e-66,48.121248.1212,0,0,0,281.993,0,0,4.61973e-66,48.153848.1538,0,0,0,1095.82,0,0,3.23381e-66,48.242848.2428,0,0,0,491.107,0,0,2.26367e-66,48.321448.3214,0,0,0,335.47,0,0,1.58457e-66,48.334948.3349,0,0,0,240.588,0,0,1.1092e-66,48.3582,0,0,0,705.357,0,0,7.76438e-67,BLOCK
48.35948.3596,0,0,0,18895.4,0,0,5.43507e-67,B48.36048.3603,0,0,0,32999.5,0,0,3.80455e-67,B48.364,0,0,0,13847,0,0,2.66318e-67,BLOCK
48.3787,0,0,0,595.489,0,0,1.86423e-67,BLOCK
48.4336,48.4336,0,0,0,615.938,0,0,1.30496e-648.4699,048.4699,0,0,0,394.293,0,0,9.13472e-648.4854,0,0,0,3271.47,0,0,6.3943e-68,BLOCK
48.4953,0,0,0,2625.22,0,0,4.47601e-68,BLOCK
48.5253,48.5253,0,0,0,1671.72,0,0,3.13321e-6848.5432,48.5432,0,0,0,2496.94,0,0,2.19325e-6848.545,048.5757,0,0,0,1195.6,048.5757,0,0,0,1195.59,48.6004,0,0,0,2430.99,0,0,1.07469e-68,BLOCK
48.6897,0,0,0,412.273,0,0,7.52283e-69,BLOCK
48.7013,0,0,0,3062.8,0,48.7013,0,0,0,3062.7548.7106,0,0,0,4521,0,0,3.68619e-69,BLOCK
48.7477,0,0,0,220.024,0,0,2.58033e-69,BLOCK
48.7974,0,0,0,531.256,0,0,1.80623e-69,BLOCK
48.8161,0,0,0,1426.25,0,0,1.26436e-69,BLOCK
48.8474,0,14,0,0,1,1,1,ACC48.8848.8823,0,0,0,133.234,0,0,8.85054e-70,BL48.8848.8832,0,0,0,44631.7,0,0,6.19537e-70,BL48.9548.953,0,0,0,48.76,0,0,4.33676e-70,BL48.9748.9795,0,0,0,878.486,0,0,3.03573e-70,BL49.0749.0711,0,0,0,409.285,0,0,2.12501e-70,BL49.1149.1141,0,0,0,788.795,0,0,1.48751e-70,BL49.1249.1212,0,0,0,7628.53,0,0,1.04126e-70,BL49.1549.1538,0,0,0,1063.4,0,0,7.2888e-71,BL49.2449.2427,0,0,0,457.201,0,0,5.10216e-71,BL49.3249.3215,0,0,0,302.901,0,0,3.57151e-71,BL49.3349.3349,0,0,0,238.177,0,0,2.50006e-71,BL49.3549.3582,0,0,0,490.962,0,0,1.75004e-71,B49.35949.3596,0,0,0,21562.9,0,0,1.22503e-71,B49.36049.3603,0,0,0,36235.9,0,0,8.5752e-7249.364,0,0,0,12757.4,0,0,6.00264e-72,BLOCK
49.3786,0,0,0,671.986,0,0,4.20185e-72,BLOCK
49.4337,49.4337,0,0,0,602.678,0,0,2.94129e-749.4699,049.4699,0,0,0,262.304,0,0,2.0589e-749.4854,0,0,0,3082.9,0,0,1.44123e-72,BLOCK
49.4953,0,49.4953,0,0,0,3114.68,0,0,1.00886e-49.5253,0,49.5253,0,0,0,1472.43,0,0,7.06204e-49.5432,0,49.5432,0,0,0,2421.41,0,0,4.94343e-49.545,0,149.5757,0,0,0,1129.449.5757,0,0,0,1129.48,0,49.6004,0,0,0,2272.98,0,0,2.42228e-73,BLOCK
49.6897,0,0,0,403.454,0,0,1.6956e-73,BLOCK
49.7013,0,0,0,30149.7013,0,0,0,3015.14,0,0,1.49.7106,0,0,0,4454.99,0,0,8.30842e-74,BLOCK
49.7477,0,0,0,212.068,0,0,5.8159e-74,BLOCK
49.7973,0,0,0,518.024,0,0,4.07113e-74,BLOCK
49.8161,0,0,0,1172.71,0,0,2.84979e-74,BLOCK
49.8474,0,14,0,0,49.8823,0,0,0,49.8823,0,0,0,196.965,0,0,1.99449.8832,0,0,0,49.8832,0,0,0,42198.5,0,0,1.3949.953,0,0,0,549.953,0,0,0,54.7039,0,0,9.77449.9795,0,0,0,49.9795,0,0,0,725.023,0,0,6.84250.0711,0,0,0,50.0711,0,0,0,499.043,0,0,4.78950.1141,0,0,0,50.1141,0,0,0,540.633,0,0,3.35250.1212,0,0,0,7626.64,0,0,2.34692e-75,BLOCK
50.1538,0,0,0,50.1538,0,0,0,1100.97,0,0,1.64250.2427,0,0,0,50.2427,0,0,0,413.036,0,0,1.14950.3214,0,0,0,50.3214,0,0,0,263.936,0,0,8.04950.3349,0,0,0,50.3349,0,0,0,238.177,0,0,5.63450.3582,0,0,0,50.3582,0,0,0,288.422,0,0,3.94450.3596,0,0,0,50.3596,0,0,0,30524.4,0,0,2.76150.3603,0,0,0,50.3603,0,0,0,44035.5,0,0,1.950.364,0,0,0,10663.2,0,0,1.35295e-76,BLOCK
50.3786,0,0,0,706.535,0,0,9.47068e-77,BLOCK
50.4336,0,0,0,5550.4336,0,0,0,558.82,0,0,6.6250.4699,0,0,0,250.4699,0,0,0,232.762,0,0,4.6450.4854,0,0,0,3018.56,0,0,3.24844e-77,BLOCK
50.4953,0,0,0,50.4953,0,0,0,3812.02,0,0,2.27350.5253,0,0,0,50.5253,0,0,0,1127.82,0,0,1.59150.5432,0,0,0,50.5432,0,0,0,2268.92,0,0,1.11450.545,0,19,0,50.553,0,0,0,7939.69,0,0,7.79952e-78,BLOCK
50.5757,0,0,0,250.5757,0,0,0,2242.36,0,0,5.4550.6004,0,0,0,2012.72,0,0,3.82176e-78,BLOCK
50.6897,0,0,0,382.253,0,0,2.67523e-78,BLOCK
50.7013,0,0,0,250.7013,0,0,0,2904.8,0,0,1.87250.7106,0,0,0,4319,0,0,1.31086e-78,BLOCK
50.7477,0,0,0,204.848,0,0,9.17605e-79,BLOCK
50.7973,0,0,0,564.902,0,0,6.42324e-79,BLOCK
50.8161,0,0,0,1239.43,0,0,4.49627e-79,BLOCK
50.8474,0,14,0,0,50.8823,0,0,0,50.8823,0,0,0,242.508,0,0,3.14750.8832,0,0,0,50.8832,0,0,0,40958,0,0,2.2031750.953,0,0,050.953,0,0,0,108.441,0,0,1.5422250.9795,0,0,50.9795,0,0,0,527.462,0,0,1.0795551.0711,0,0,51.0711,0,0,0,612.861,0,0,7.5568751.1141,0,0,51.1141,0,0,0,241.648,0,0,5.2898151.1212,0,0,0,7937.75,0,0,3.70287e-80,BLOCK
51.1538,0,0,51.1538,0,0,0,1290.88,0,0,2.5920151.2048,0,0,51.2048,0,0,0,324.186,0,0,1.8144151.2427,0,0,51.2427,0,0,0,1282.97,0,0,1.2700851.3215,0,0,51.3215,0,0,0,227.951,0,0,8.8905951.3349,0,0,51.3349,0,0,0,238.177,0,0,6.2234151.3582,0,0,51.3582,0,0,0,314.276,0,0,4.3563951.3596,0,0,51.3596,0,0,0,42862.1,0,0,3.0494751.3603,0,0,51.3603,0,0,0,55701.3,0,0,2.1346351.364,0,0,0,7734.34,0,0,1.49424e-81,BLOCK
51.3786,0,0,0,737.478,0,0,1.04597e-81,BLOCK
51.4337,0,0,51.4337,0,0,0,489.88,0,0,7.32178e51.4699,0,051.4699,0,0,0,228.719,0,0,5.12525e51.4854,0,0,0,2858.54,0,0,3.58767e-82,BLOCK
51.4953,0,051.4953,0,0,0,4507.2,0,0,2.51137e-51.5253,0,51.5253,0,0,0,667.467,0,0,1.75796e-51.5432,0,51.5432,0,0,0,2054.75,0,0,1.23057e-51.545,0,151.5531,0,0,0,7686.81,0,0,8.614e-83,BLOCK
51.5757,0,0,0,2041.62,0,0,6.0298e-83,BLOCK
51.6004,0,0,0,1607.53,0,0,4.22086e-83,BLOCK
51.6779,0,0,0,148.202,0,0,2.9546e-83,BLOCK
51.6897,0,0,0,3421.27,0,0,2.06822e-83,BLOCK
51.7013,0,0,0,2604.551.7013,0,0,0,2604.49,0,051.7106,0,0,0,3956.31,0,0,1.01343e-83,BLOCK
51.7477,0,0,0,203.833,0,0,7.094e-84,BLOCK
51.7973,0,0,0,695.006,0,0,4.9658e-84,BLOCK
51.8161,0,0,0,1699.06,0,0,3.47606e-84,BLOCK
51.8474,0,14,0,0,1,151.8823,0,051.8823,0,0,0,235.858,0,0,2.43324e51.8832,0,051.8832,0,0,0,41563.2,0,0,1.70327e51.953,0,0,51.953,0,0,0,233.682,0,0,1.19229e51.9795,0,051.9795,0,0,0,395.477,0,0,8.34602e52.0238,0,0,0,991.534,0,0,5.84221e-85,BLOCK
52.0712,0,052.0712,0,0,0,1267.69,0,0,4.0895552.1141,0,0,52.1141,0,0,0,266.803,0,0,2.8626852.1212,0,0,0,8543.66,0,0,2.00388e-85,BLOCK
52.1538,0,0,52.1538,0,0,0,1568.15,0,0,1.4027252.2048,0,0,52.2048,0,0,0,292.929,0,0,9.8190152.2427,0,0,52.2427,0,0,0,1162.36,0,0,6.8733152.3127,0,0,52.3127,0,0,0,464.763,0,0,4.8113152.3215,0,0,52.3215,0,0,0,4170.46,0,0,3.3679252.3349,0,0,52.3349,0,0,0,238.177,0,0,2.3575452.3582,0,0,52.3582,0,0,0,516.367,0,0,1.6502852.3596,0,0,52.3596,0,0,0,55841.1,0,0,1.1552.3603,0,0,0,52.3603,0,0,0,72083.6,0,0,8.08652.364,0,0,0,452.364,0,0,0,4012.09,0,0,5.52.3786,0,0,0,798.96,0,0,3.96232e-87,BLOCK
52.4337,0,0,0,413.52.4337,0,0,0,413.36,0,0,252.4699,0,0,0,225.52.4699,0,0,0,225.441,0,0,152.4854,0,0,0,2617.27,0,0,1.35908e-87,BLOCK
52.4953,0,0,0,51852.4953,0,0,0,5181.85,0,0,9.52.5253,0,0,0,22552.5253,0,0,0,225.737,0,0,6.52.5432,0,0,0,18152.5432,0,0,0,1810.33,0,0,4.52.545,0,19,0,0,152.5531,0,0,0,7245.46,0,0,3.26314e-88,BLOCK
52.5757,0,0,0,1761.86,0,0,2.2842e-88,BLOCK
52.6004,0,0,0,1044.89,0,0,1.59894e-88,BLOCK
52.6538,0,0,0,1062.96,0,0,1.11926e-88,BLOCK
52.6779,0,0,0,2704.04,0,0,7.83481e-89,BLOCK
52.6897,0,0,0,3096.51,0,0,5.48437e-89,BLOCK
52.7013,0,0,52.7013,0,0,0,2280.89,0,0,3.8390652.7106,0,0,0,3568.86,0,0,2.68734e-89,BLOCK
52.7477,0,0,0,202.757,0,0,1.88114e-89,BLOCK
52.7973,0,0,0,899.177,0,0,1.3168e-89,BLOCK
52.8161,0,0,0,2326.18,0,0,9.21758e-90,BLOCK
52.8474,0,1452.8823,0,0,0,233.052.8823,0,0,0,233.065,0,052.8832,0,0,0,45144,0,0,4.51661e-90,BLOCK
52.953,0,0,0,416.622,52.953,0,0,0,416.622,0,52.9795,0,0,0,392.50652.9795,0,0,0,392.507,0,53.0238,0,0,0,861.136,0,0,1.5492e-90,BLOCK
53.1141,0,0,0,528.76553.1141,0,0,0,528.764,0,53.1538,0,0,0,1671.5,53.1538,0,0,0,1671.5,0,53.2048,0,0,0,217.76353.2048,0,0,0,217.763,0,53.2428,0,0,0,914.63553.2428,0,0,0,914.634,0,53.3127,0,0,0,415.65453.3127,0,0,0,415.654,0,53.3214,0,0,0,3516.6653.3214,0,0,0,3516.67,0,53.3349,0,0,0,238.17653.3349,0,0,0,238.177,0,53.3582,0,0,0,864.14353.3582,0,0,0,864.145,0,53.3603,0,0,0,15720.753.3603,0,0,0,15720.5,0,53.364,0,0,0,1340.12,53.364,0,0,0,1340.11,053.3786,0,0,0,859.89453.3786,0,0,0,859.899,0,53.4337,0,0,0,328.78853.4337,0,0,0,328.788,0,53.4699,0,0,0,225.06153.4699,0,0,0,225.061,53.4854,0,0,0,2330.15,0,0,1.0507e-92,BLOCK
53.4953,0,0,0,5904.6553.4953,0,0,0,5904.51,0,53.5253,0,0,0,578.42353.5253,0,0,0,578.423,0,53.5432,0,0,0,1594.8753.5432,0,0,0,1594.87,0,53.545,0,19,0,0,1,1,153.5531,0,0,0,7060.32,0,0,2.52273e-93,BLOCK
53.5757,0,0,0,1660.95,0,0,1.76591e-93,BLOCK
53.6004,0,0,0,400.144,0,0,1.23614e-93,BLOCK
53.6538,0,0,0,951.009,0,0,8.65298e-94,BLOCK
53.6779,0,0,0,2447.52,0,0,6.05709e-94,BLOCK
53.6897,0,0,0,2598.27,0,0,4.23996e-94,BLOCK
53.7013,053.7013,0,0,0,1846.21,0,0,2.96797e-953.7106,0,0,0,3040.05,0,0,2.07758e-94,BLOCK
53.7477,0,0,0,202.524,0,0,1.45431e-94,BLOCK
53.8161,0,0,0,119.404,0,0,1.01801e-94,BLOCK
53.8474,053.8823,0,0,0,232.095,53.8823,0,0,0,232.095,53.8832,0,0,0,52942.6,0,0,4.98827e-95,BLOCK
53.953,0,0,0,639.57553.953,0,0,0,639.574,0,053.9795,0,0,0,649.7953.9795,0,0,0,649.793,0,054.0238,0,0,0,717.801,0,0,1.71098e-95,BLOCK
54.1141,0,0,0,430.5954.1141,0,0,0,430.592,0,054.1538,0,0,0,1555.654.1538,0,0,0,1555.62,0,054.2048,0,0,0,155.5,54.2048,0,0,0,155.5,0,054.2427,0,0,0,656.6554.2427,0,0,0,656.653,0,054.3127,0,0,0,368.1554.3127,0,0,0,368.15,0,0,54.3174,0,0,0,1217454.3174,0,0,0,12174.9,0,0,54.3214,0,0,0,9614.54.3214,0,0,0,9613.91,0,0,54.3349,0,0,0,238.154.3349,0,0,0,238.177,0,0,54.3582,0,0,0,1303.54.3582,0,0,0,1303.52,0,0,54.3603,0,0,0,21284.3,0,0,4.83309e-97,BLOCK
54.364,0,0,0,6806.154.364,0,0,0,6805.91,0,0,54.3786,0,0,0,964.554.3786,0,0,0,964.583,0,0,54.4337,0,0,0,300.654.4337,0,0,0,300.614,0,0,54.4699,0,0,0,224.954.4699,0,0,0,224.944,0,0,54.4854,0,0,0,2007.88,0,0,8.12297e-98,BLOCK
54.5253,0,0,0,790.454.5253,0,0,0,790.464,0,0,54.5426,0,0,0,1715.54.5426,0,0,0,1715.22,0,0,54.5432,0,0,0,7777354.5432,0,0,0,77786,0,0,2.54.545,0,19,0,0,154.5531,0,0,0,6992.59,0,0,1.95032e-98,BLOCK
54.5757,0,0,0,1716.79,0,0,1.36523e-98,BLOCK
54.6004,0,0,0,515.522,0,0,9.55659e-99,BLOCK
54.6538,0,0,0,814.856,0,0,6.68961e-99,BLOCK
54.6779,0,0,0,2126.88,0,0,4.68273e-99,BLOCK
54.6897,0,0,0,2112.37,0,0,3.27791e-99,BLOCK
54.7013,0,0,0,1346.39,0,0,2.29454e-99,BLOCK
54.7106,0,0,0,2395.74,0,0,1.60618e-99,BLOCK
54.7477,0,0,0,202.194,0,0,1.12432e-99,BLOCK
54.8161,0,0,0,119.245,0,0,7.87026e-100,BLOCK
54.8474,0,154.8823,0,0,0,232.0054.8823,0,0,0,232.004,0,0,54.8832,0,0,0,62775,0,0,3.85643e-100,BLOCK
54.953,0,0,0,897.512,054.953,0,0,0,897.51,0,54.9631,0,0,0,6931.85,0,0,1.88965e-100,BLOCK
54.9795,0,0,0,2758.4754.9795,0,0,0,2758.45,0,055.0238,0,0,0,584.421,0,0,9.25929e-101,BLOCK
55.1141,0,0,0,360.37755.1141,0,0,0,360.376,0,55.1538,0,0,0,1541.6555.1538,0,0,0,1541.66,0,055.2048,0,0,0,149.23455.2048,0,0,0,149.234,0,055.2427,0,0,0,447.19855.2427,0,0,0,447.197,0,055.3127,0,0,0,396.84355.3127,0,0,0,396.843,0,055.3174,0,0,0,11227.955.3174,0,0,0,11228.1,0,055.3215,0,0,0,9208.0255.3215,0,0,0,9207.89,0,055.3349,0,0,0,238.17655.3349,0,0,0,238.177,0,055.3582,0,0,0,1825.8755.3582,0,0,0,1825.88,0,055.3603,0,0,0,28806.8,0,0,2.61552e-102,BLOCK
55.364,0,0,0,13714.3,55.364,0,0,0,13713.5,0,055.3786,0,0,0,1179.8855.3786,0,0,0,1179.88,0,55.4336,0,0,0,362.53855.4336,0,0,0,362.538,0,055.4699,0,0,0,224.91,55.4699,0,0,0,224.91,0,055.4854,0,0,0,1681.2155.4854,0,0,0,1681.21,0,55.5253,0,0,0,550.69655.5253,0,0,0,550.695,0,055.5329,0,0,0,4541.8,55.5329,0,0,0,4541.77,0,55.5426,0,0,0,700.71,055.5426,0,0,0,700.71,0,55.5432,0,0,0,69237.9,55.5432,0,0,0,69249,0,0,55.545,0,19,0,0,1,1,55.5531,0,0,0,6990.57,0,0,7.3882e-104,BLOCK
55.5757,0,0,0,1884.8,0,0,5.17174e-104,BLOCK
55.6004,0,0,0,1285.97,0,0,3.62022e-104,BLOCK
55.6538,0,0,0,729.646,0,0,2.53415e-104,BLOCK
55.6779,0,0,0,1856.58,0,0,1.77391e-104,BLOCK
55.6897,0,0,0,1683.86,0,0,1.24173e-104,BLOCK
55.7013,0,0,0,1152.35,0,0,8.69214e-105,BLOCK
55.7106,0,0,0,1922.47,0,0,6.0845e-105,BLOCK
55.7477,0,0,0,202.181,0,0,4.25915e-105,BLOCK
55.8161,0,0,0,119.261,0,0,2.9814e-105,BLOCK
55.8474,0,1455.8823,0,0,0,231.855.8823,0,0,0,231.826,0,0,255.9631,0,0,0,593.495,0,0,1.46089e-105,BLOCK
55.9795,0,0,0,2319.55.9795,0,0,0,2319.12,0,0,156.0238,0,0,0,484.256.0238,0,0,0,484.287,0,0,756.1141,0,0,0,300.356.1141,0,0,0,300.319,0,0,556.1538,0,0,0,1535.56.1538,0,0,0,1535.27,0,0,356.2048,0,0,0,148.156.2048,0,0,0,148.108,0,0,256.2427,0,0,0,273.456.2427,0,0,0,273.459,0,0,156.3127,0,0,0,514.556.3127,0,0,0,514.561,0,0,56.3174,0,0,0,1092756.3174,0,0,0,10927.2,0,0,856.3215,0,0,0,9179.56.3215,0,0,0,9179.12,0,0,556.3349,0,0,0,238.156.3349,0,0,0,238.177,0,0,456.3603,0,0,0,1752.48,0,0,2.88865e-107,BLOCK
56.364,0,0,0,2108056.364,0,0,0,21078.7,0,0,2.56.3786,0,0,0,142856.3786,0,0,0,1428.11,0,0,1.56.4337,0,0,0,486.56.4337,0,0,0,486.872,0,0,9.56.4699,0,0,0,224.56.4699,0,0,0,224.906,0,0,6.56.4854,0,0,0,166256.4854,0,0,0,1662.54,0,0,4.56.5253,0,0,0,605.56.5253,0,0,0,605.282,0,0,3.56.5329,0,0,0,356556.5329,0,0,0,3565.15,0,0,2.56.5426,0,0,0,372.56.5426,0,0,0,372.793,0,0,1.56.5432,0,0,0,625556.5432,0,0,0,62564,0,0,1.1656.545,0,19,0,0,56.5531,0,0,0,6989.55,0,0,8.15973e-109,BLOCK
56.5757,0,0,0,2111.37,0,0,5.71181e-109,BLOCK
56.6004,0,0,0,56.6004,0,0,0,2155.69,0,0,3.998256.6538,0,0,0,778.328,0,0,2.79879e-109,BLOCK
56.6779,0,0,0,1724.82,0,0,1.95915e-109,BLOCK
56.6868,0,0,0,56.6868,0,0,0,6253.07,0,0,1.371456.6897,0,0,0,15122.4,0,0,9.59984e-110,BLOCK
56.7013,0,0,0,1663.1,0,0,6.71989e-110,BLOCK
56.7106,0,0,0,2075.55,0,0,4.70392e-110,BLOCK
56.7477,0,0,0,202.173,0,0,3.29274e-110,BLOCK
56.8161,0,0,0,119.258,0,0,2.30492e-110,BLOCK
56.8474,0,14,0,56.8823,0,0,0,2356.8823,0,0,0,231.743,0,0,1.6156.9631,0,0,0,492.519,0,0,1.12941e-110,BLOCK
56.9795,0,0,0,1856.9795,0,0,0,1843.74,0,0,7.9056.9816,0,0,0,1556.9816,0,0,0,15529.8,0,0,5.5357.0238,0,0,0,1257.0238,0,0,0,1247.49,0,0,3.8757.1141,0,0,0,2757.1141,0,0,0,276.781,0,0,2.7157.1538,0,0,0,1557.1538,0,0,0,1534.75,0,0,1.857.1623,0,0,0,6357.1623,0,0,0,6308.56,0,0,1.3257.2048,0,0,0,1357.2048,0,0,0,1376.67,0,0,9.3057.2427,0,0,0,3257.2427,0,0,0,328.351,0,0,6.5157.3127,0,0,0,7157.3127,0,0,0,715.267,0,0,4.5557.3174,0,0,0,1157.3174,0,0,0,11250.4,0,0,3.1957.3214,0,0,0,9257.3214,0,0,0,9204.06,0,0,2.2357.3327,0,0,0,3357.3327,0,0,0,3354.26,0,0,1.5657.3349,0,0,0,1857.3349,0,0,0,18408.9,0,0,1.0957.3787,0,0,0,5557.3787,0,0,0,559.857,0,0,7.6557.4336,0,0,0,6157.4336,0,0,0,613.873,0,0,5.3657.4699,0,0,0,2257.4699,0,0,0,224.906,0,0,3.7557.4854,0,0,0,1957.4854,0,0,0,1986.83,0,0,2.6257.5253,0,0,0,9057.5253,0,0,0,903.021,0,0,1.8357.5329,0,0,0,3257.5329,0,0,0,3231.61,0,0,1.257.5426,0,0,0,5357.5426,0,0,0,537.424,0,0,9.0157.5432,0,0,0,5357.5432,0,0,0,53995.2,0,0,6.3057.545,0,19,0,0,57.5531,0,0,0,6988.81,0,0,4.4158e-114,BLOCK
57.5758,0,0,0,2381.41,0,0,3.09106e-114,BLOCK
57.6004,0,0,0,57.6004,0,0,0,3036.77,0,0,2.16357.6538,0,0,0,897.815,0,0,1.51462e-114,BLOCK
57.6779,0,0,0,1673.56,0,0,1.06023e-114,BLOCK
57.6868,0,0,0,457.6868,0,0,0,4651.04,0,0,7.42157.6897,0,0,0,11977.3,0,0,5.19514e-115,BLOCK
57.7013,0,0,0,2549.71,0,0,3.6366e-115,BLOCK
57.7106,0,0,0,2890.54,0,0,2.54562e-115,BLOCK
57.7477,0,0,0,202.17,0,0,1.78193e-115,BLOCK
57.8161,0,0,0,119.233,0,0,1.24735e-115,BLOCK
57.8474,0,14,057.8823,0,0,0,23157.8823,0,0,0,231.723,0,0,8.757.9631,0,0,0,440.457,0,0,6.11203e-116,BLOCK
57.9795,0,0,0,16257.9795,0,0,0,1622.52,0,0,4.257.9816,0,0,0,14457.9816,0,0,0,14444.8,0,0,2.958.0238,0,0,0,12558.0238,0,0,0,1251.43,0,0,2.058.1141,0,0,0,31858.1141,0,0,0,318.872,0,0,1.58.1538,0,0,0,15358.1538,0,0,0,1534.74,0,0,1.058.1623,0,0,0,52458.1623,0,0,0,5249.77,0,0,7.158.2048,0,0,0,11858.2048,0,0,0,1185.31,0,0,5.058.3127,0,0,0,405.653,0,0,3.52346e-117,BLOCK
58.3174,0,0,0,12158.3174,0,0,0,12160.8,0,0,2.458.3214,0,0,0,92058.3214,0,0,0,9201.39,0,0,1.58.3327,0,0,0,27858.3327,0,0,0,2786.34,0,0,1.258.3349,0,0,0,15458.3349,0,0,0,15446.9,0,0,8.458.3787,0,0,0,76258.3787,0,0,0,762.961,0,0,5.958.4336,0,0,0,76358.4336,0,0,0,763.731,0,0,4.58.4699,0,0,0,224.58.4699,0,0,0,224.906,0,0,2.58.4854,0,0,0,248358.4854,0,0,0,2483.24,0,0,2.58.5253,0,0,0,131958.5253,0,0,0,1319.68,0,0,1.58.5329,0,0,0,408658.5329,0,0,0,4086.03,0,0,9.58.5426,0,0,0,130958.5426,0,0,0,1309.17,0,0,6.58.5432,0,0,0,486858.5432,0,0,0,48689.1,0,0,4.58.545,0,19,0,0,1,58.5531,0,0,0,6988.54,0,0,3.41385e-119,BLOCK
58.6004,0,0,58.6004,0,0,0,1371.31,0,0,2.38969e58.6538,0,0,0,1083.33,0,0,1.67279e-119,BLOCK
58.6779,0,0,0,1771.15,0,0,1.17095e-119,BLOCK
58.6868,0,0,58.6868,0,0,0,3779.77,0,0,8.19665e58.6897,0,0,0,9872.23,0,0,5.73766e-120,BLOCK
58.7013,0,0,0,3550.75,0,0,4.01636e-120,BLOCK
58.7106,0,0,0,4005.36,0,0,2.81145e-120,BLOCK
58.7477,0,0,0,202.099,0,0,1.96802e-120,BLOCK
58.8161,0,0,0,119.256,0,0,1.37761e-120,BLOCK
58.8474,0,1458.8823,0,0,0,231.758.8823,0,0,0,231.715,0,0,958.963,0,0,0,405.8558.963,0,0,0,405.853,0,0,658.9795,0,0,0,150158.9795,0,0,0,1501.4,0,0,4.58.9816,0,0,0,127858.9816,0,0,0,12788.2,0,0,3.59.0238,0,0,0,129859.0238,0,0,0,1298.78,0,0,2.59.1141,0,0,0,405.59.1141,0,0,0,405.753,0,0,1.59.1538,0,0,0,153459.1538,0,0,0,1534.74,0,0,1.59.1623,0,0,0,435759.1623,0,0,0,4357.85,0,0,759.2048,0,0,0,1030.59.2048,0,0,0,1030.96,0,0,559.2107,0,0,0,9857.9,0,0,3.89141e-122,BLOCK
59.295,0,0,0,966.20859.295,0,0,0,966.205,0,0,59.3127,0,0,0,4125.95,0,0,1.90679e-122,BLOCK
59.3174,0,0,0,13630.59.3174,0,0,0,13629.6,0,0,59.3215,0,0,0,9171.459.3215,0,0,0,9171.29,0,0,59.3327,0,0,0,2423.859.3327,0,0,0,2423.8,0,0,659.3349,0,0,0,1360659.3349,0,0,0,13607.2,0,0,459.4022,0,0,0,602.559.4022,0,0,0,602.566,0,0,359.4336,0,0,0,1387.59.4336,0,0,0,1387.94,0,0,259.4699,0,0,0,224.959.4699,0,0,0,224.906,0,0,159.4854,0,0,0,3110.59.4854,0,0,0,3110.84,0,0,159.5253,0,0,0,1828.59.5253,0,0,0,1828.51,0,0,759.5329,0,0,0,5880.59.5329,0,0,0,5880.07,0,0,559.5426,0,0,0,2236.59.5426,0,0,0,2236.51,0,0,359.5432,0,0,0,4387659.5432,0,0,0,43882.4,0,0,259.545,0,19,0,0,1,159.5531,0,0,0,6988.36,0,0,1.84747e-124,BLOCK
59.6538,0,0,0,80.9313,0,0,1.29323e-124,BLOCK
59.6779,0,0,0,1942.45,0,0,9.05261e-125,BLOCK
59.6868,0,059.6868,0,0,0,3375.96,0,0,6.33683e-59.6897,0,0,0,8208.45,0,0,4.43578e-125,BLOCK
59.7106,0,0,0,1496.33,0,0,3.10504e-125,BLOCK
59.7477,0,0,0,202.17,0,0,2.17353e-125,BLOCK
59.8161,0,0,0,119.233,0,0,1.52147e-125,BLOCK
59.8474,0,1459.8823,0,0,0,231.759.8823,0,0,0,231.712,0,0,159.9631,0,0,0,362.359.9631,0,0,0,362.314,0,0,759.9795,0,0,0,1571.59.9795,0,0,0,1571.08,0,0,559.9816,0,0,0,1020059.9816,0,0,0,10200.5,0,0,360.0238,0,0,0,1397.60.0238,0,0,0,1397.6,0,0,260.1141,0,0,0,521.060.1141,0,0,0,521.03,0,60.1538,0,0,0,1534.60.1538,0,0,0,1534.74,0,060.1623,0,0,0,3853.60.1623,0,0,0,3853.96,0,0,860.2048,0,0,0,947.760.2048,0,0,0,947.749,0,0,660.2107,0,0,0,8525.23,0,0,4.29778e-127,BLOCK
60.295,0,0,0,665.4260.295,0,0,0,665.419,0,0,360.3127,0,0,0,4126.2,0,0,2.10591e-127,BLOCK
60.3174,0,0,0,15357.60.3174,0,0,0,15356.7,0,0,60.3214,0,0,0,9170.960.3214,0,0,0,9170.8,0,0,60.3327,0,0,0,2043.60.3327,0,0,0,2043.52,0,0,760.3349,0,0,0,1145860.3349,0,0,0,11458.2,0,60.4022,0,0,0,542.88,60.4022,0,0,0,542.88,0,060.4337,0,0,0,1247.6660.4337,0,0,0,1247.66,0,060.4699,0,0,0,224.90660.4699,0,0,0,224.906,0,060.4854,0,0,0,3894.8,60.4854,0,0,0,3894.8,0,060.5329,0,0,0,971.843,0,0,8.49812e-129,BLOCK
60.5426,0,0,0,3292.1160.5426,0,0,0,3292.05,0,060.5432,0,0,0,40299.160.5432,0,0,0,40304.1,0,060.545,0,19,0,0,1,1,160.5531,0,0,0,6988.26,0,0,2.91485e-129,BLOCK
60.6538,0,0,0,80.9619,0,0,2.0404e-129,BLOCK
60.6779,0,0,0,2177.16,0,0,1.42828e-129,BLOCK
60.6868,060.6868,0,0,0,3329.28,0,0,9.99795e-1360.6897,0,0,0,6832.6,0,0,6.99857e-130,BLOCK
60.7106,0,0,0,1496.33,0,0,4.899e-130,BLOCK
60.7477,0,0,0,202.17,0,0,3.4293e-130,BLOCK
60.8161,0,0,0,119.233,0,0,2.40051e-130,BLOCK
60.8474,0,160.8823,0,0,0,231.7160.8823,0,0,0,231.712,0,0,60.9631,0,0,0,291.3360.9631,0,0,0,291.331,0,0,60.9795,0,0,0,1918.360.9795,0,0,0,1918.36,0,0,60.9816,0,0,0,6641.660.9816,0,0,0,6641.68,0,0,61.0753,0,0,0,534.6761.0753,0,0,0,534.671,0,0,61.1141,0,0,0,1207.161.1141,0,0,0,1207.18,0,0,61.1538,0,0,0,1534.761.1538,0,0,0,1534.74,0,0,61.1623,0,0,0,3978.95,0,0,1.38385e-131,BLOCK
61.2048,0,0,0,970.8561.2048,0,0,0,970.85,0,0,961.2107,0,0,0,7604.11,0,0,6.78084e-132,BLOCK
61.295,0,0,0,365.2161.295,0,0,0,365.216,0,0,461.3038,0,0,0,6025.61.3038,0,0,0,6025.78,0,0,361.3174,0,0,0,7373.61.3174,0,0,0,7373.89,0,0,261.3214,0,0,0,9199.61.3214,0,0,0,9199.86,0,0,161.3327,0,0,0,1785.61.3327,0,0,0,1785.14,0,0,161.3349,0,0,0,9977.61.3349,0,0,0,9977.64,0,0,761.4022,0,0,0,476.661.4022,0,0,0,476.696,0,0,561.4336,0,0,0,1088.61.4336,0,0,0,1088.87,0,0,361.4699,0,0,0,224.961.4699,0,0,0,224.906,0,0,261.4854,0,0,0,4675.61.4854,0,0,0,4675.78,0,0,161.5329,0,0,0,1307.56,0,0,1.34079e-133,BLOCK
61.5426,0,0,0,4270.61.5426,0,0,0,4270.27,0,0,961.5432,0,0,0,3131961.5432,0,0,0,31321.9,0,0,661.545,0,19,0,0,1,161.5531,0,0,0,6988.25,0,0,4.59892e-134,BLOCK
61.6538,0,0,0,80.9768,0,0,3.21925e-134,BLOCK
61.6779,0,0,0,2518.21,0,0,2.25347e-134,BLOCK
61.6868,0,0,0,3712.79,0,0,1.57743e-134,BLOCK
61.6897,0,0,0,5652.86,0,0,1.1042e-134,BLOCK
61.7106,0,0,0,1496.33,0,0,7.72941e-135,BLOCK
61.7477,0,0,0,202.17,0,0,5.41059e-135,BLOCK
61.8161,0,0,0,119.233,0,0,3.78741e-135,BLOCK
61.8474,0,1461.8614,0,0,0,1019.69,0,0,2.65119e-135,BLOCK
61.8823,0,0,0,264561.8823,0,0,0,2645.3,0,0,1.861.9631,0,0,0,20661.9631,0,0,0,206.084,0,0,1.261.9795,0,0,0,23961.9795,0,0,0,2396.62,0,0,9.061.9816,0,0,0,44261.9816,0,0,0,4425.47,0,0,6.62.0753,0,0,0,41062.0753,0,0,0,410.198,0,0,4.462.1141,0,0,0,99062.1141,0,0,0,990.098,0,0,3.62.1538,0,0,0,15362.1538,0,0,0,1534.74,0,0,2.162.1623,0,0,0,4644.97,0,0,1.52836e-136,BLOCK
62.2048,0,0,0,10862.2048,0,0,0,1083.68,0,0,1.062.2107,0,0,0,73062.2107,0,0,0,7305.55,0,0,7.62.295,0,0,0,70.9062.295,0,0,0,70.9054,0,0,5.62.2952,0,0,0,225262.2952,0,0,0,225212,0,0,3.62.3038,0,0,0,723562.3038,0,0,0,7235.41,0,0,2.62.3174,0,0,0,731262.3174,0,0,0,7312.76,0,0,162.3214,0,0,0,917062.3214,0,0,0,9170.51,0,0,1.62.3327,0,0,0,155562.3327,0,0,0,1555.56,0,0,8.62.3349,0,0,0,848662.3349,0,0,0,8486.96,0,0,6.62.4022,0,0,0,425.62.4022,0,0,0,425.401,0,0,4.62.4337,0,0,0,961.62.4337,0,0,0,961.04,0,0,3.062.4699,0,0,0,22462.4699,0,0,0,224.906,0,0,2.162.5426,0,0,0,99.62.5426,0,0,0,99.9799,0,0,1.462.5432,0,0,0,23562.5432,0,0,0,23565.3,0,0,1.062.545,0,19,0,0,162.5531,0,0,0,6988.25,0,0,7.25597e-139,BLOCK
62.6538,0,0,0,80.9824,0,0,5.07918e-139,BLOCK
62.6779,0,0,0,2912.74,0,0,3.55542e-139,BLOCK
62.6868,0,0,0,4611.29,0,0,2.4888e-139,BLOCK
62.6897,0,0,0,6026.95,0,0,1.74216e-139,BLOCK
62.7106,0,0,0,1496.33,0,0,1.21951e-139,BLOCK
62.7477,0,0,0,202.099,0,0,8.53657e-140,BLOCK
62.8161,0,0,0,119.256,0,0,5.9756e-140,BLOCK
62.8474,0,14,62.8614,0,0,0,758.835,0,0,4.18292e-140,BLOCK
62.8823,0,0,0,215562.8823,0,0,0,2155.82,0,0,2.62.9631,0,0,0,127.62.9631,0,0,0,127.793,0,0,2.62.9795,0,0,0,299162.9795,0,0,0,2991.78,0,0,1.62.9816,0,0,0,404562.9816,0,0,0,4045.04,0,0,1.63.0753,0,0,0,324.63.0753,0,0,0,324.937,0,0,7.63.1141,0,0,0,822.63.1141,0,0,0,822.725,0,0,4.63.1538,0,0,0,153463.1538,0,0,0,1534.74,0,0,3.63.1623,0,0,0,5677.92,0,0,2.41137e-141,BLOCK
63.2048,0,0,0,126763.2048,0,0,0,1267.28,0,0,1.63.2107,0,0,0,766863.2107,0,0,0,7668,0,0,1.18163.295,0,0,0,2463.295,0,0,0,245.706,0,0,8.263.2952,0,0,0,263.2952,0,0,0,276145,0,0,5.7863.3038,0,0,0,663.3038,0,0,0,6873.39,0,0,4.0563.3174,0,0,0,7263.3174,0,0,0,7275.38,0,0,2.863.3214,0,0,0,91763.3214,0,0,0,9170.47,0,0,1.63.3327,0,0,0,169663.3327,0,0,0,1696.07,0,0,1.63.3349,0,0,0,882063.3349,0,0,0,8820.69,0,0,9.63.4022,0,0,0,360.63.4022,0,0,0,360.138,0,0,6.63.4337,0,0,0,787.63.4337,0,0,0,787.551,0,0,4.63.4699,0,0,0,224.63.4699,0,0,0,224.906,0,0,3.63.4955,0,0,0,124163.4955,0,0,0,1241.62,0,0,2.63.4989,0,0,0,20635.3,0,0,1.63545e-143,BLOCK
63.5426,0,0,0,127563.5426,0,0,0,1275.24,0,0,1.63.5432,0,0,0,165863.5432,0,0,0,16584,0,0,8.0163.545,0,19,0,0,63.5531,0,0,0,6988.25,0,0,5.60958e-144,BLOCK
63.6538,0,0,0,80.9849,0,0,3.92671e-144,BLOCK
63.6779,0,0,0,3292.61,0,0,2.7487e-144,BLOCK
63.6868,0,0,0,5785.42,0,0,1.92409e-144,BLOCK
63.6897,0,0,0,8260.57,0,0,1.34686e-144,BLOCK
63.7106,0,0,0,1496.33,0,0,9.42803e-145,BLOCK
63.7477,0,0,0,202.17,0,0,6.59962e-145,BLOCK
63.8161,0,0,0,119.233,0,0,4.61973e-145,BLOCK
63.8474,0,14,0,63.8614,0,0,0,515.798,0,0,3.23381e-145,BLOCK
63.8823,0,0,0,1763.8823,0,0,0,1738.98,0,0,2.2663.963,0,0,0,14963.963,0,0,0,149.747,0,0,1.5863.9795,0,0,0,3663.9795,0,0,0,3664.98,0,0,1.163.9816,0,0,0,4063.9816,0,0,0,4000.98,0,0,7.7664.0364,0,0,0,8564.0364,0,0,0,855.662,0,0,5.4364.0753,0,0,0,8864.0753,0,0,0,882.219,0,0,3.8064.1141,0,0,0,7364.1141,0,0,0,730.488,0,0,2.6664.1538,0,0,0,1564.1538,0,0,0,1534.74,0,0,1.8664.2048,0,0,0,1464.2048,0,0,0,147.213,0,0,1.3064.2107,0,0,0,8664.2107,0,0,0,8660.25,0,0,9.1364.295,0,0,0,556.995,0,0,6.39431e-147,BLOCK
64.2952,0,0,0,3164.2952,0,0,0,317083,0,0,4.4764.3037,0,0,0,6464.3037,0,0,0,6422.92,0,0,3.1364.3174,0,0,0,7264.3174,0,0,0,7251.73,0,0,2.1964.3215,0,0,0,9164.3215,0,0,0,9170.47,0,0,1.564.3327,0,0,0,21864.3327,0,0,0,2187.17,0,0,1.064.3349,0,0,0,11364.3349,0,0,0,11309,0,0,7.52264.4022,0,0,0,264.4022,0,0,0,298.493,0,0,5.26564.4337,0,0,0,564.4337,0,0,0,598.598,0,0,3.68664.4699,0,0,0,264.4699,0,0,0,224.987,0,0,2.58064.4955,0,0,0,164.4955,0,0,0,1149.26,0,0,1.80664.4989,0,0,0,18245.3,0,0,1.26436e-148,BLOCK
64.5426,0,0,0,164.5426,0,0,0,1208.38,0,0,8.85064.5432,0,0,0,164.5432,0,0,0,18496.6,0,0,6.19564.545,0,19,0,064.5531,0,0,0,6979.03,0,0,4.33677e-149,BLOCK
64.6538,0,0,0,80.9849,0,0,3.03574e-149,BLOCK
64.6779,0,0,0,3673.88,0,0,2.12502e-149,BLOCK
64.6868,0,0,0,7133.55,0,0,1.48751e-149,BLOCK
64.6897,0,0,0,11345.6,0,0,1.04126e-149,BLOCK
64.7106,0,0,0,1496.33,0,0,7.2888e-150,BLOCK
64.7477,0,0,0,202.099,0,0,5.10216e-150,BLOCK
64.8161,0,0,0,119.256,0,0,3.57151e-150,BLOCK
64.8474,0,14,0,64.8614,0,0,0,3364.8614,0,0,0,336.32,0,0,2.50064.8823,0,0,0,164.8823,0,0,0,1460.91,0,0,1.75064.9631,0,0,0,264.9631,0,0,0,270.072,0,0,1.22564.9795,0,0,0,464.9795,0,0,0,4410.04,0,0,8.5764.9816,0,0,0,364.9816,0,0,0,3959.22,0,0,6.00265.0364,0,0,0,665.0364,0,0,0,658.169,0,0,4.2065.0753,0,0,0,8365.0753,0,0,0,834.759,0,0,2.9465.1141,0,0,0,765.1141,0,0,0,758.724,0,0,2.05865.1538,0,0,0,165.1538,0,0,0,1534.74,0,0,1.44165.2048,0,0,0,165.2048,0,0,0,147.213,0,0,1.00865.2107,0,0,0,165.2107,0,0,0,10079.9,0,0,7.06265.295,0,0,0,853.966,0,0,4.94343e-152,BLOCK
65.2952,0,0,0,365.2952,0,0,0,346463,0,0,3.4665.3037,0,0,0,565.3037,0,0,0,5980.38,0,0,2.4265.3174,0,0,0,7265.3174,0,0,0,7241.98,0,0,1.665.3215,0,0,0,9165.3215,0,0,0,9170.44,0,0,1.1865.3327,0,0,0,2965.3327,0,0,0,2903.44,0,0,8.3065.3349,0,0,0,1465.3349,0,0,0,14959.1,0,0,5.865.4022,0,0,0,2465.4022,0,0,0,248.232,0,0,4.0765.4336,0,0,0,3665.4336,0,0,0,364.061,0,0,2.865.455,0,0,0,1960.41,0,0,1.99485e-153,BLOCK
65.4699,0,0,0,32265.4699,0,0,0,3228.16,0,0,1.65.4955,0,0,0,99265.4955,0,0,0,992.37,0,0,9.7765.4989,0,0,0,15790.1,0,0,6.84235e-154,BLOCK
65.5069,0,0,0,7665.5069,0,0,0,7687.26,0,0,4.7865.5426,0,0,0,1465.5426,0,0,0,1400.35,0,0,3.3565.5432,0,0,0,3065.5432,0,0,0,30794.4,0,0,2.3465.545,0,19,0,0,65.553,0,0,0,6988.25,0,0,1.64285e-154,BLOCK
65.6538,0,0,0,80.9849,0,0,1.14999e-154,BLOCK
65.6868,0,0,0,1435.82,0,0,8.04996e-155,BLOCK
65.6897,0,0,0,14466.8,0,0,5.63497e-155,BLOCK
65.7106,0,0,0,1496.33,0,0,3.94448e-155,BLOCK
65.7477,0,0,0,202.17,0,0,2.76113e-155,BLOCK
65.8161,0,0,0,119.233,0,0,1.93279e-155,BLOCK
65.8474,0,14,0,65.8614,0,0,0,3665.8614,0,0,0,362.617,0,0,1.3565.8823,0,0,0,1465.8823,0,0,0,1430.59,0,0,9.4765.9795,0,0,0,5565.9795,0,0,0,555.013,0,0,6.6265.9816,0,0,0,3965.9816,0,0,0,3956.19,0,0,4.6466.0364,0,0,0,5166.0364,0,0,0,512.771,0,0,3.2466.0753,0,0,0,800.282,0,0,2.27391e-156,BLOCK
66.1141,0,0,0,8966.1141,0,0,0,893.952,0,0,1.5966.1538,0,0,0,1566.1538,0,0,0,1535.25,0,0,1.1166.2048,0,0,0,1466.2048,0,0,0,147.176,0,0,7.7966.295,0,0,0,656.587,0,0,5.45967e-157,BLOCK
66.2952,0,0,0,3766.2952,0,0,0,373787,0,0,3.8266.3038,0,0,0,5566.3038,0,0,0,5557.11,0,0,2.6766.3174,0,0,0,7266.3174,0,0,0,7246.61,0,0,1.8766.3214,0,0,0,9166.3214,0,0,0,9170.44,0,0,1.3166.3327,0,0,0,3866.3327,0,0,0,3805.3,0,0,9.17666.3349,0,0,0,166.3349,0,0,0,19452.4,0,0,6.42366.4022,0,0,0,266.4022,0,0,0,261.899,0,0,4.49666.4337,0,0,0,266.4337,0,0,0,219.108,0,0,3.14766.455,0,0,0,1509.77,0,0,2.20317e-158,BLOCK
66.4699,0,0,0,266.4699,0,0,0,2628.38,0,0,1.54266.483,0,0,0,3366.483,0,0,0,3311.68,0,0,1.0766.4955,0,0,0,4266.4955,0,0,0,4288.99,0,0,7.5566.4989,0,0,0,1366.4989,0,0,0,13128.8,0,0,5.2866.5069,0,0,0,5666.5069,0,0,0,5628.73,0,0,3.7066.5134,0,0,0,11416.4,0,0,2.59201e-159,BLOCK
66.5426,0,0,0,2566.5426,0,0,0,2552.19,0,0,1.8166.5432,0,0,0,4866.5432,0,0,0,48030.1,0,0,1.2766.545,0,19,0,0,66.5531,0,0,0,6988.25,0,0,8.89059e-160,BLOCK
66.6538,0,0,0,80.9849,0,0,6.22342e-160,BLOCK
66.6897,0,0,0,1271.41,0,0,4.35639e-160,BLOCK
66.7106,0,0,0,1496.33,0,0,3.04947e-160,BLOCK
66.7477,0,0,0,202.17,0,0,2.13463e-160,BLOCK
66.8161,0,0,0,119.233,0,0,1.49424e-160,BLOCK
66.8474,0,14,0,66.8614,0,0,0,5666.8614,0,0,0,568.85,0,0,1.0466.8823,0,0,0,1666.8823,0,0,0,1666.15,0,0,7.3266.9795,0,0,0,5566.9795,0,0,0,555.013,0,0,5.1266.9816,0,0,0,3966.9816,0,0,0,3955.3,0,0,3.58767.0364,0,0,0,467.0364,0,0,0,456.328,0,0,2.51167.0753,0,0,0,750.32,0,0,1.75796e-161,BLOCK
67.1141,0,0,0,1067.1141,0,0,0,1086.99,0,0,1.2367.1538,0,0,0,1567.1538,0,0,0,1535.25,0,0,8.6167.2048,0,0,0,1467.2048,0,0,0,147.176,0,0,6.0267.2624,0,0,0,1054.7,0,0,4.22086e-162,BLOCK
67.2952,0,0,0,1667.2952,0,0,0,1607.99,0,0,67.3037,0,0,0,5347.367.3037,0,0,0,5347.38,0,0,67.3174,0,0,0,7239.367.3174,0,0,0,7239.37,0,0,67.3214,0,0,0,9170.567.3214,0,0,0,9170.44,0,0,67.3327,0,0,0,4879.367.3327,0,0,0,4879.41,0,0,67.3349,0,0,0,24917.67.3349,0,0,0,24917.3,0,067.4022,0,0,0,353.505,0,0,3.47606e-163,BLOCK
67.4337,0,0,0,424.3267.4337,0,0,0,424.319,0,067.455,0,0,0,1135.62,0,0,1.70327e-163,BLOCK
67.4699,0,0,0,2139.9467.4699,0,0,0,2139.92,0,067.483,0,0,0,2541.65,67.483,0,0,0,2541.64,0,067.4955,0,0,0,3473.0167.4955,0,0,0,3473.03,0,067.4989,0,0,0,12052.667.4989,0,0,0,12052.6,0,067.5069,0,0,0,4082.3667.5069,0,0,0,4082.32,0,067.5134,0,0,0,8176.51,0,0,2.00388e-164,BLOCK
67.5432,0,0,0,1281.9667.5432,0,0,0,1281.95,0,067.545,0,19,0,0,1,1,167.5531,0,0,0,6988.25,0,0,9.81902e-165,BLOCK
67.6538,0,0,0,80.9849,0,0,6.87331e-165,BLOCK
67.6897,0,0,0,1271.41,0,0,4.81132e-165,BLOCK
67.7106,0,0,0,1496.33,0,0,3.36792e-165,BLOCK
67.7477,0,0,0,202.099,0,0,2.35755e-165,BLOCK
67.8161,0,0,0,119.256,0,0,1.65028e-165,BLOCK
67.8474,067.8614,0,0,0,826.845,67.8614,0,0,0,826.844,067.8823,0,0,0,2075.54,67.8823,0,0,0,2075.55,0,67.9795,0,0,0,555.013,67.9795,0,0,0,555.013,0,67.9816,0,0,0,3955.18,67.9816,0,0,0,3955.17,0,68.0364,0,0,0,517.641,0,0,2.77363e-166,BLOCK
68.0753,0,0,0,732.999,0,0,1.94154e-166,BLOCK
68.1141,0,0,0,1340.03,68.1141,0,0,0,1340.02,0,68.1538,0,0,0,1534.74,68.1538,0,0,0,1534.74,0,68.2048,0,0,0,147.213,68.2048,0,0,0,147.213,0,68.2624,0,0,0,944.581,0,0,4.66164e-167,BLOCK
68.2952,0,0,0,1214.36,68.2952,0,0,0,1214.35,0,68.3037,0,0,0,4820.52,68.3037,0,0,0,4820.56,068.3174,0,0,0,7239.11,68.3174,0,0,0,7239.09,0,68.3215,0,0,0,9170.57,68.3215,0,0,0,9170.44,0,68.3349,0,0,0,238.176,68.3349,0,0,0,238.177,0,68.4022,0,0,0,481.601,0,0,5.48437e-168,BLOCK
68.4337,0,0,0,738.882,68.4337,0,0,0,738.879,0,68.455,0,0,0,965.065,0,0,2.68734e-168,BLOCK
68.4699,0,0,0,1918.51,68.4699,0,0,0,1918.5,0,068.483,0,0,0,1840.44,68.483,0,0,0,1840.43,0,68.4955,0,0,0,2909.4668.4955,0,0,0,2909.49,0,068.4989,0,0,0,12787.368.4989,0,0,0,12787.2,0,068.5069,0,0,0,3340.9768.5069,0,0,0,3340.94,0,068.5134,0,0,0,5330.91,0,0,3.16163e-169,BLOCK
68.5432,0,0,0,1034.7,68.5432,0,0,0,1034.7,0,068.545,0,19,0,0,1,1,168.5531,0,0,0,6988.25,0,0,1.5492e-169,BLOCK
68.6538,0,0,0,80.9849,0,0,1.08444e-169,BLOCK
68.6897,0,0,0,1271.41,0,0,7.59108e-170,BLOCK
68.7106,0,0,0,1496.33,0,0,5.31375e-170,BLOCK
68.7477,0,0,0,202.099,0,0,3.71963e-170,BLOCK
68.8161,0,0,0,119.256,0,0,2.60374e-170,BLOCK
68.8286,0,0,0,3413.41,0,0,1.82262e-170,BLOCK
68.8474,068.8823,0,0,0,923.708,68.8823,0,0,0,923.709,0,68.9604,0,0,0,665.621,68.9604,0,0,0,665.621,0,68.9795,0,0,0,2362.4,068.9795,0,0,0,2362.42,068.9816,0,0,0,3955.13,068.9816,0,0,0,3955.12,69.0363,0,0,0,670.334,0,0,3.06327e-171,BLOCK
69.1141,0,0,0,516.754,069.1141,0,0,0,516.753,069.1538,0,0,0,1534.74,069.1538,0,0,0,1534.7469.2048,0,0,0,147.213,069.2048,0,0,0,147.213,69.2624,0,0,0,892.323,0,0,7.35492e-172,BLOCK
69.2952,0,0,0,1107.15,069.2952,0,0,0,1107.15,069.3037,0,0,0,4214.85,069.3037,0,0,0,4214.88,069.3174,0,0,0,7239.09,069.3174,0,0,0,7239.07,069.3215,0,0,0,9170.57,069.3215,0,0,0,9170.44,069.3349,0,0,0,238.176,069.3349,0,0,0,238.177,069.4022,0,0,0,625.627,0,0,8.65299e-173,BLOCK
69.4337,0,0,0,1073.06,069.4337,0,0,0,1073.06,069.455,0,0,0,854.566,0,69.455,0,0,0,854.568,069.4699,0,0,0,1769.5,0,69.4699,0,0,0,1769.5,069.483,0,0,0,1372.18,0,69.483,0,0,0,1372.18,069.4955,0,0,0,2611.11,069.4955,0,0,0,2611.13,069.4989,0,0,0,13946.2,069.4989,0,0,0,13946.1,069.5069,0,0,0,3083.96,069.5069,0,0,0,3083.93,069.51,0,0,0,17989.4,0,0,4.98828e-174,BLOCK
69.5134,0,0,0,11560,0,069.5134,0,0,0,11559.369.5432,0,0,0,947.725,0,069.5432,0,0,0,947.72669.545,0,19,0,0,1,1,1,ACC69.5531,0,0,0,6988.25,0,0,1.71098e-174,BLOCK
69.6538,0,0,0,80.9849,0,0,1.19769e-174,BLOCK
69.6897,0,0,0,1271.41,0,0,8.3838e-175,BLOCK
69.7106,0,0,0,1496.33,0,0,5.86866e-175,BLOCK
69.7477,0,0,0,202.17,0,0,4.10806e-175,BLOCK
69.8161,0,0,0,119.256,0,0,2.87564e-175,BLOCK
69.8286,0,0,0,2624.84,0,0,2.01295e-175,BLOCK
69.84769.8823,0,0,0,787.606,0,069.8823,0,0,0,787.60769.9604,0,0,0,603.699,0,069.9604,0,0,0,603.69969.9795,0,0,0,1977.94,0,069.9795,0,0,0,1977.9569.9816,0,0,0,3955.13,0,069.9816,0,0,0,3955.1270.0364,0,0,0,871.445,0,0,3.38316e-176,BLOCK
70.0423,0,0,0,13549,0,0,270.0423,0,0,0,1354870.1141,0,0,0,652.024,0,0,170.1141,0,0,0,652.070.1538,0,0,0,1534.74,0,0,170.1538,0,0,0,1534.70.1607,0,0,0,7512.01,0,0,870.1607,0,0,0,7511.70.2048,0,0,0,1277.76,0,0,70.2048,0,0,0,1277.770.2624,0,0,0,860.934,0,0,3.98026e-177,BLOCK
70.2952,0,0,0,1142.97,0,0,70.2952,0,0,0,1142.970.3037,0,0,0,3377.77,0,0,70.3037,0,0,0,3377.770.3174,0,0,0,7239.08,0,0,70.3174,0,0,0,7239.070.3215,0,0,0,9170.57,0,0,70.3215,0,0,0,9170.70.3349,0,0,0,238.176,0,0,70.3349,0,0,0,238.1770.4337,0,0,0,242.719,0,0,70.4337,0,0,0,242.7170.455,0,0,0,808.695,0,0,370.455,0,0,0,808.6970.4699,0,0,0,1694.28,0,0,70.4699,0,0,0,1694.270.483,0,0,0,1441.82,0,0,170.483,0,0,0,1441.870.4955,0,0,0,2660.04,0,0,70.4955,0,0,0,2660.070.4989,0,0,0,15488.5,0,0,70.4989,0,0,0,15488.70.5069,0,0,0,3136.97,0,0,70.5069,0,0,0,3136.970.51,0,0,0,12997.8,0,0,3.85643e-179,BLOCK
70.5134,0,0,0,13172.9,0,0,70.5134,0,0,0,1317170.5432,0,0,0,1056.58,0,0,70.5432,0,0,0,1056.570.545,0,19,0,0,1,1,1,ACCE70.5531,0,0,0,6979.03,0,0,1.32276e-179,BLOCK
70.6538,0,0,0,80.9849,0,0,9.2593e-180,BLOCK
70.6897,0,0,0,1271.41,0,0,6.48151e-180,BLOCK
70.7106,0,0,0,1496.33,0,0,4.53705e-180,BLOCK
70.7477,0,0,0,202.17,0,0,3.17594e-180,BLOCK
70.8161,0,0,0,119.256,0,0,2.22316e-180,BLOCK
70.8286,0,0,0,1915.47,0,0,1.55621e-180,BLOCK
70.8470.8823,0,0,0,687.668,0,0,70.8823,0,0,0,687.6670.9604,0,0,0,555.737,0,0,70.9604,0,0,0,555.7370.9795,0,0,0,1624.14,0,0,70.9795,0,0,0,1624.70.9816,0,0,0,3955.13,0,0,70.9816,0,0,0,3955.171.0423,0,0,0,606.095,0,0,71.0423,0,0,0,606.0971.1141,0,0,0,522.862,0,0,71.1141,0,0,0,522.8671.1538,0,0,0,1534.74,0,0,71.1538,0,0,0,1534.771.1607,0,0,0,6695.78,0,0,71.1607,0,0,0,6695.671.2048,0,0,0,1163.73,0,0,71.2048,0,0,0,1163.771.2624,0,0,0,836.591,0,0,4.39591e-182,BLOCK
71.2952,0,0,0,1273.28,0,0,71.2952,0,0,0,1273.271.3038,0,0,0,2424.69,0,0,71.3038,0,0,0,2424.771.3174,0,0,0,7239.08,0,071.3174,0,0,0,7239.071.3214,0,0,0,9199.82,0,071.3214,0,0,0,9199.6971.3349,0,0,0,238.176,0,071.3349,0,0,0,238.1771.4336,0,0,0,242.719,0,071.4336,0,0,0,242.71971.455,0,0,0,1009.81,0,0,71.455,0,0,0,1009.8171.4699,0,0,0,1958.76,0,071.4699,0,0,0,1958.7671.483,0,0,0,1956.7,0,0,1.77391e-183,BLOCK
71.4955,0,0,0,3002.51,0,0,71.4955,0,0,0,3002.471.4989,0,0,0,17655.8,0,0,71.4989,0,0,0,17655.71.5069,0,0,0,3857.24,0,0,71.5069,0,0,0,3857.71.51,0,0,0,8519.95,0,0,4.25915e-184,BLOCK
71.5134,0,0,0,15355.9,0,0,71.5134,0,0,0,15354.71.5432,0,0,0,1312.9,0,0,271.5432,0,0,0,1312.71.545,0,19,0,0,1,1,1,ACCE71.5531,0,0,0,6988.25,0,0,1.46089e-184,BLOCK
71.6538,0,0,0,80.9849,0,0,1.02262e-184,BLOCK
71.6897,0,0,0,1271.41,0,0,7.15836e-185,BLOCK
71.7106,0,0,0,1496.33,0,0,5.01085e-185,BLOCK
71.7477,0,0,0,202.17,0,0,3.50759e-185,BLOCK
71.8161,0,0,0,119.233,0,0,2.45532e-185,BLOCK
71.8286,0,0,0,1656.37,0,0,1.71872e-185,BLOCK
71.8471.8823,0,0,0,668.048,0,0,71.8823,0,0,0,668.071.9604,0,0,0,516.725,0,0,71.9604,0,0,0,516.7271.9795,0,0,0,1237.6,0,0,571.9795,0,0,0,1237.71.9816,0,0,0,3955.13,0,0,471.9816,0,0,0,3955.72.0423,0,0,0,472.32,0,0,2.72.0423,0,0,0,472.72.0705,0,0,0,1981.33,0,0,2.02206e-186,BLOCK
72.1141,0,0,0,1155.41,0,0,172.1141,0,0,0,1155.72.1538,0,0,0,1534.74,0,0,972.1538,0,0,0,1534.72.1607,0,0,0,5737.32,0,0,672.1607,0,0,0,5737.72.2048,0,0,0,1030.58,0,0,472.2048,0,0,0,1030.72.2624,0,0,0,816.775,0,0,372.2624,0,0,0,816.772.2952,0,0,0,1505.96,0,0,272.2952,0,0,0,1505.72.3038,0,0,0,1421.52,0,0,172.3038,0,0,0,1421.72.3174,0,0,0,7245.99,0,0,172.3174,0,0,0,7245.72.3214,0,0,0,9170.57,0,0,872.3214,0,0,0,9170.72.3349,0,0,0,238.176,0,0,572.3349,0,0,0,238.172.4336,0,0,0,242.719,0,0,372.4336,0,0,0,242.772.455,0,0,0,1270.38,0,0,2.72.455,0,0,0,1270.72.4699,0,0,0,2330.96,0,0,172.4699,0,0,0,2330.72.483,0,0,0,2670.81,0,0,1.37141e-188,BLOCK
72.4955,0,0,0,3561.8,0,0,9.72.4955,0,0,0,356172.4989,0,0,0,20554.7,0,0,6.72.4989,0,0,0,205572.5069,0,0,0,5218.69,0,0,4.70392e-189,BLOCK
72.51,0,0,0,4676.89,0,0,3.29275e-189,BLOCK
72.5134,0,0,0,17839.8,0,072.5134,0,0,0,17838.772.5432,0,0,0,1646.16,0,072.5432,0,0,0,1646.1672.545,0,19,0,0,1,1,1,ACC72.5531,0,0,0,6988.25,0,0,1.12941e-189,BLOCK
72.6538,0,0,0,80.9849,0,0,7.90589e-190,BLOCK
72.6897,0,0,0,1271.41,0,0,5.53412e-190,BLOCK
72.7106,0,0,0,1496.33,0,0,3.87388e-190,BLOCK
72.7477,0,0,0,202.17,0,0,2.71172e-190,BLOCK
72.8161,0,0,0,119.233,0,0,1.8982e-190,BLOCK
72.8286,0,0,0,1905.94,0,0,1.32874e-190,BLOCK
72.84772.872,0,0,0,1132.6,0,0,972.872,0,0,0,1132.72.8823,0,0,0,4802.62,0,072.8823,0,0,0,4802.6572.9604,0,0,0,512.971,0,072.9604,0,0,0,512.97172.9795,0,0,0,921.864,0,072.9795,0,0,0,921.86772.9816,0,0,0,3955.13,0,072.9816,0,0,0,3955.1273.0423,0,0,0,412.49,0,0,73.0423,0,0,0,412.4973.0705,0,0,0,1063.13,0,0,1.09428e-191,BLOCK
73.1141,0,0,0,902.38,0,0,73.1141,0,0,0,902.3773.1538,0,0,0,1535.25,0,0,73.1538,0,0,0,1535.273.1607,0,0,0,5063.45,0,0,73.1607,0,0,0,5063.373.2048,0,0,0,940.154,0,0,73.2048,0,0,0,940.1573.2624,0,0,0,834.81,0,0,173.2624,0,0,0,834.873.2952,0,0,0,1857.18,0,0,73.2952,0,0,0,1857.173.3037,0,0,0,1221.22,0,0,73.3037,0,0,0,1221.273.3174,0,0,0,7239.08,0,0,73.3174,0,0,0,7239.073.3215,0,0,0,9170.57,0,0,73.3215,0,0,0,9170.73.3349,0,0,0,238.176,0,0,73.3349,0,0,0,238.1773.4337,0,0,0,242.719,0,0,73.4337,0,0,0,242.7173.455,0,0,0,1642.18,0,0,173.455,0,0,0,1642.173.4699,0,0,0,2857.31,0,0,73.4699,0,0,0,2857.373.483,0,0,0,3443.27,0,0,7.42163e-194,BLOCK
73.4955,0,0,0,4234.75,0,0,73.4955,0,0,0,4234.773.4989,0,0,0,23731.5,0,073.4989,0,0,0,23731.73.5069,0,0,0,6821,0,0,2.54562e-194,BLOCK
73.51,0,0,0,3218.62,0,0,1.78193e-194,BLOCK
73.5432,0,0,0,1070.19,0,0,1.73.5432,0,0,0,107073.545,0,19,0,0,1,1,1,ACCEPT73.5531,0,0,0,6988.25,0,0,8.73148e-195,BLOCK
73.6538,0,0,0,80.9849,0,0,6.11204e-195,BLOCK
73.6897,0,0,0,1271.41,0,0,4.27842e-195,BLOCK
73.7106,0,0,0,1496.33,0,0,2.9949e-195,BLOCK
73.7477,0,0,0,202.17,0,0,2.09643e-195,BLOCK
73.8161,0,0,0,119.233,0,0,1.4675e-195,BLOCK
73.73.8286,0,0,0,2454.67,0,0,1.02725e-195,BLO73.873.872,0,0,0,1086.14,0,0,7.73.872,0,0,0,1086.73.8823,0,0,0,4044.02,0,0,573.8823,0,0,0,4044.73.8864,0,0,0,12588.2,0,0,373.8864,0,0,0,1258873.9604,0,0,0,463.813,0,073.9604,0,0,0,463.81373.9795,0,0,0,610.336,0,073.9795,0,0,0,610.3373.9816,0,0,0,3955.13,0,073.9816,0,0,0,3955.1274.0423,0,0,0,444.9,0,0,874.0423,0,0,0,444.974.0705,0,0,0,221.185,0,0,5.92189e-197,BLOCK
74.1141,0,0,0,699.202,0,074.1141,0,0,0,699.2,074.1301,0,0,0,3066.75,0,0,2.90173e-197,BLOCK
74.1538,0,0,0,2319.34,074.1538,0,0,0,2319.32,074.1607,0,0,0,4660.05,074.1607,0,0,0,4659.99,074.2048,0,0,0,887.053,074.2048,0,0,0,887.055,074.2624,0,0,0,956.141,074.2624,0,0,0,956.141,074.3037,0,0,0,1515.18,074.3037,0,0,0,1515.18,074.3174,0,0,0,7239.08,074.3174,0,0,0,7239.06,074.3214,0,0,0,9170.57,074.3214,0,0,0,9170.44,74.3349,0,0,0,238.176,074.3349,0,0,0,238.177,074.4337,0,0,0,242.719,074.4337,0,0,0,242.719,074.455,0,0,0,2073.3,0,074.455,0,0,0,2073.3,074.4699,0,0,0,3476.76,074.4699,0,0,0,3476.75,074.4955,0,0,0,584.88,0,74.4955,0,0,0,584.881,74.5069,0,0,0,3806.09,0,0,2.81145e-199,BLOCK
74.51,0,0,0,6488.2,0,0,1.96802e-199,BLOCK
74.5432,0,0,0,998.608,0,074.5432,0,0,0,998.60774.545,0,19,0,0,1,1,1,ACC74.5531,0,0,0,6988.25,0,0,9.64329e-200,BLOCK
74.6538,0,0,0,80.9849,0,0,6.7503e-200,BLOCK
74.6897,0,0,0,1271.41,0,0,4.72521e-200,BLOCK
74.7106,0,0,0,1496.33,0,0,3.30765e-200,BLOCK
74.7477,0,0,0,202.099,0,0,2.31535e-200,BLOCK
74.8161,0,0,0,119.256,0,0,1.62075e-200,BLOCK
74.8274.8286,0,0,0,3221.26,0,0,1.13452e-200,BL74.8474.872,0,0,0,1066.97,0,0,774.872,0,0,0,1066.974.8823,0,0,0,3565.11,0,0,74.8823,0,0,0,3565.174.8864,0,0,0,11205.8,0,0,74.8864,0,0,0,11205.74.9604,0,0,0,388.594,0,0,74.9604,0,0,0,388.5974.9795,0,0,0,514.529,0,0,74.9795,0,0,0,514.5374.9816,0,0,0,3955.13,0,074.9816,0,0,0,3955.1275.0423,0,0,0,559.21,0,0,9.34329e-202,BLOCK
75.0705,0,0,0,757.441,0,0,75.0705,0,0,0,757.475.1141,0,0,0,579.034,0,0,75.1141,0,0,0,579.0375.1301,0,0,0,2627.29,0,0,3.20475e-202,BLOCK
75.1538,0,0,0,2094.53,0,0,75.1538,0,0,0,2094.575.1607,0,0,0,4026.91,0,0,75.1607,0,0,0,4026.875.2048,0,0,0,791.591,0,0,75.2048,0,0,0,791.5975.2624,0,0,0,1122.55,0,0,75.2624,0,0,0,1122.75.3037,0,0,0,1747.29,0,0,75.3037,0,0,0,1747.275.3174,0,0,0,7239.08,0,0,75.3174,0,0,0,7239.075.3214,0,0,0,9199.82,0,0,75.3214,0,0,0,9199.675.3349,0,0,0,237.946,0,0,75.3349,0,0,0,237.9475.3588,0,0,0,1646.55,0,0,75.3588,0,0,0,1646.575.4337,0,0,0,837.678,0,0,75.4337,0,0,0,837.6775.455,0,0,0,2596.95,0,0,675.455,0,0,0,2596.975.4699,0,0,0,4224.93,0,0,75.4699,0,0,0,4224.975.4955,0,0,0,584.873,0,0,75.4955,0,0,0,584.8775.5069,0,0,0,4417.12,0,0,2.17353e-204,BLOCK
75.51,0,0,0,10920,0,0,1.5275.51,0,0,0,109175.5432,0,0,0,963.475,0,0,1.75.5432,0,0,0,963.75.545,0,19,0,0,1,1,1,ACCEPT75.5531,0,0,0,6988.25,0,0,7.45522e-205,BLOCK
75.6538,0,0,0,80.9849,0,0,5.21865e-205,BLOCK
75.6897,0,0,0,1271.41,0,0,3.65306e-205,BLOCK
75.7106,0,0,0,1496.33,0,0,2.55714e-205,BLOCK
75.7477,0,0,0,202.099,0,0,1.79e-205,BLOCK
75.8161,0,0,0,119.256,0,0,1.253e-205,BLOCK
7575.8286,0,0,0,4170.51,0,0,8.77099e-206,BLOCK7575.872,0,0,0,1094.95,0,0,6.1375.872,0,0,0,10975.8823,0,0,0,3476,0,0,4.297775.8823,0,0,0,75.8864,0,0,0,10338.1,0,0,3.008475.8864,0,0,0,75.9229,0,0,0,475.679,0,0,2.105975.9229,0,0,0,75.9604,0,0,0,1144.39,0,0,1.474175.9604,0,0,0,75.9795,0,0,0,846.426,0,0,1.031975.9795,0,0,075.9816,0,0,0,3955.13,0,0,7.223275.9816,0,0,0,76.0423,0,0,0,726.815,0,0,5.0563e-207,BLOCK
76.0705,0,0,0,1716.98,0,0,3.539476.0705,0,0,0,76.1141,0,0,0,619.034,0,0,2.477576.1141,0,0,0,76.1301,0,0,0,2112.93,0,0,1.73431e-207,BLOCK
76.1538,0,0,0,1859.62,0,0,1.214076.1538,0,0,0,76.1607,0,0,0,3385.19,0,0,8.498176.1607,0,0,0,76.2048,0,0,0,689.84,0,0,5.9486976.2048,0,0,076.2624,0,0,0,1322.62,0,0,4.1640876.2624,0,0,076.3037,0,0,0,2026.35,0,0,2.9148676.3037,0,0,076.3174,0,0,0,7239.08,0,0,2.0404e76.3174,0,0,76.3215,0,0,0,9170.57,0,0,1.4282876.3215,0,0,076.3349,0,0,0,238.176,0,0,9.9979676.3349,0,0,076.3588,0,0,0,1570.35,0,0,6.9985776.3588,0,0,076.4336,0,0,0,813.929,0,0,4.899e-76.4336,0,076.4699,0,0,0,224.906,0,0,3.4293e76.4699,0,0,76.4955,0,0,0,584.873,0,0,2.4005176.4955,0,0,076.51,0,0,0,3012.92,0,0,1.68036e-76.51,0,0,076.5432,0,0,0,1075.9,0,0,1.17625e76.5432,0,0,76.545,0,19,0,0,1,1,1,ACCEPT
76.76.5531,0,0,0,6988.25,0,0,8.23375e-210,BLOC76.76.6538,0,0,0,80.9849,0,0,5.76363e-210,BLOC76.76.6897,0,0,0,1271.41,0,0,4.03454e-210,BLOC76.76.7106,0,0,0,1496.33,0,0,2.82418e-210,BLOC76.76.7477,0,0,0,202.17,0,0,1.97692e-210,BLOCK7676.8161,0,0,0,119.233,0,0,1.38385e-210,BLOCK76.872,0,0,0,444.553,0,0,9.68693e-211,BLOCK
76.8823,0,0,0,3814.95,0,0,6.7808576.8823,0,0,076.8864,0,0,0,9766.83,0,0,4.7465976.8864,0,0,076.9229,0,0,0,445.88,0,0,3.3226276.9229,0,0,076.9604,0,0,0,1254.46,0,0,2.325876.9604,0,0,0,76.9795,0,0,0,1444.14,0,0,1.628076.9795,0,0,0,76.9816,0,0,0,3955.13,0,0,1.139676.9816,0,0,0,77.0705,0,0,0,425.853,0,0,7.977677.0705,0,0,077.1141,0,0,0,781.287,0,0,5.584377.1141,0,0,0,77.13,0,0,0,1701.74,0,0,3.90902e-212,BLOCK
77.1538,0,0,0,1705.25,0,0,2.736377.1538,0,0,0,77.1607,0,0,0,2508.11,0,0,1.915477.1607,0,0,0,77.2048,0,0,0,542.635,0,0,1.340877.2048,0,0,077.2624,0,0,0,1543.93,0,0,9.385577.2624,0,0,0,77.3037,0,0,0,2335.54,0,0,6.569977.3037,0,0,077.3174,0,0,0,7239.08,0,0,4.598977.3174,0,0,0,77.3214,0,0,0,9199.82,0,0,3.219277.3214,0,0,0,77.3349,0,0,0,238.176,0,0,2.253477.3349,0,0,0,77.3588,0,0,0,1438.78,0,0,1.577477.3588,0,0,0,77.4337,0,0,0,772.068,0,0,1.104277.4337,0,0,077.4699,0,0,0,224.906,0,0,7.729477.4699,0,0,0,77.4955,0,0,0,585.17,0,0,5.4105977.4955,0,0,077.51,0,0,0,3409.19,0,0,3.78741e77.51,0,0,0,77.5432,0,0,0,1250.2,0,0,2.6511977.5432,0,0,077.545,0,19,0,0,1,1,1,ACCEPT
7777.5531,0,0,0,6988.25,0,0,1.85583e-214,BLOCK7777.6538,0,0,0,80.9849,0,0,1.29908e-214,BLOCK7777.6897,0,0,0,1271.41,0,0,9.09358e-215,BLOCK7777.7106,0,0,0,1496.33,0,0,6.36551e-215,BLOCK7777.7367,0,0,0,1596.9,0,0,4.45586e-215,BLOCK7777.7477,0,0,0,4219.71,0,0,3.1191e-215,BLOCK7777.8161,0,0,0,119.233,0,0,2.18337e-215,BLOCK77.872,0,0,0,602,0,0,1.52836e-215,BLOCK
77.8823,0,0,0,4475.32,0,0,1.06985e-2177.8823,077.8864,0,0,0,9606.74,0,0,7.48896e-2177.8864,077.9229,0,0,0,388.394,0,0,5.24227e-2177.9229,077.9795,0,0,0,538.608,0,0,3.66959e-2177.9795,077.9816,0,0,0,3955.13,0,0,2.56871e-2177.9816,078.0705,0,0,0,531.347,0,0,1.7981e-21678.0705,78.1141,0,0,0,1000.22,0,0,1.25867e-2178.1141,078.1301,0,0,0,1396.43,0,0,8.81068e-2178.1301,078.1538,0,0,0,1639.02,0,0,6.16748e-2178.1538,078.1607,0,0,0,1649.56,0,0,4.31723e-2178.1607,078.2048,0,0,0,378.762,0,0,3.02206e-2178.2048,078.2418,0,0,0,1641.55,0,0,2.11544e-217,BLOCK
78.3037,0,0,0,1078.84,0,0,1.48081e-2178.3037,078.3174,0,0,0,7239.08,0,0,1.03657e-2178.3174,078.3214,0,0,0,9170.57,0,0,7.25598e-2178.3214,078.3349,0,0,0,238.176,0,0,5.07918e-2178.3349,078.3588,0,0,0,1268.82,0,0,3.55543e-2178.3588,078.4336,0,0,0,718.341,0,0,2.4888e-21878.4336,78.4699,0,0,0,224.906,0,0,1.74216e-2178.4699,078.4955,0,0,0,584.873,0,0,1.21951e-2178.4955,078.51,0,0,0,3905.65,0,0,8.53658e-219,78.51,078.5432,0,0,0,1463.84,0,0,5.97561e-2178.5432,078.545,0,19,0,0,1,1,1,ACCEPT
78.553178.5531,0,0,0,6988.25,0,0,4.18293e-219,78.653878.6538,0,0,0,80.9849,0,0,2.92805e-219,78.689778.6897,0,0,0,1271.41,0,0,2.04963e-219,78.710678.7106,0,0,0,1496.33,0,0,1.43474e-219,78.736778.7367,0,0,0,1358.86,0,0,1.00432e-219,78.747778.7477,0,0,0,3720.58,0,0,7.03024e-220,78.816178.8161,0,0,0,119.256,0,0,4.92117e-220,78.872,0,0,0,797.382,0,0,3.44482e-220,BLOCK
78.8823,0,0,0,5363.68,0,0,2.41137e-22078.8823,78.8864,0,0,0,10483.9,0,0,1.68796e-22078.8864,78.9229,0,0,0,340.813,0,0,1.18157e-22078.9229,78.9795,0,0,0,452.779,0,0,8.27101e-22178.9795,78.9816,0,0,0,3955.13,0,0,5.78971e-2278.9816,079.1141,0,0,0,401.448,0,0,4.05279e-2279.1141,079.1301,0,0,0,1476.09,0,0,2.83696e-279.1301,0,79.1538,0,0,0,1739.66,0,0,1.98587e-279.1538,0,79.1607,0,0,0,1513.31,0,0,1.39011e-279.1607,0,79.1618,0,0,0,43203.1,0,0,9.73076e-79.1618,0,079.2048,0,0,0,1310.23,0,0,6.81153e-79.2048,0,079.2418,0,0,0,1433.47,0,0,4.76807e-222,BLOCK
79.3037,0,0,0,966.27,0,0,3.33765e-279.3037,0,79.3174,0,0,0,7239.08,0,0,2.33636e-279.3174,0,79.3215,0,0,0,9170.57,0,0,1.63545e-279.3215,0,79.3349,0,0,0,238.176,0,0,1.14481e-279.3349,0,79.341,0,0,0,6399.18,0,0,8.0137e-22379.341,079.3588,0,0,0,518.902,0,0,5.60959e-279.3588,0,79.4336,0,0,0,715.652,0,0,3.92671e-279.4336,0,79.4699,0,0,0,224.906,0,0,2.7487e-2279.4699,079.4955,0,0,0,584.873,0,0,1.92409e-279.4955,0,79.51,0,0,0,4513.21,0,0,1.34686e-22379.51,0,79.5432,0,0,0,1727.41,0,0,9.42804e-279.5432,0,79.545,0,19,0,0,1,1,1,ACCEPT
79.55379.5531,0,0,0,6988.25,0,0,6.59963e-224,B79.6354,0,0,0,745.066,0,0,4.61974e-224,BLOCK
79.65379.6538,0,0,0,2963.2,0,0,3.23382e-224,BL79.6879.6897,0,0,0,1271.41,0,0,2.26367e-224,BL79.7179.7106,0,0,0,1496.33,0,0,1.58457e-224,BL79.7379.7367,0,0,0,1207.6,0,0,1.1092e-224,BL79.7479.7477,0,0,0,3413.59,0,0,7.76439e-225,BL79.8179.8161,0,0,0,119.233,0,0,5.43508e-225,BL79.8823,0,0,0,231.758,0,0,3.80455e-279.8823,0,79.8864,0,0,0,11602.8,0,0,2.66319e-279.8864,0,79.9229,0,0,0,298.982,0,0,1.86423e-279.9229,0,79.9795,0,0,0,376.217,0,0,1.30496e-279.9795,0,79.9816,0,0,0,3955.13,0,0,9.13473e-279.9816,0,80.1141,0,0,0,401.448,0,0,6.39431e-280.1141,0,80.1301,0,0,0,1933.42,0,0,4.47602e-280.1301,0,80.1538,0,0,0,1993.03,0,0,3.13321e-280.1538,0,80.1607,0,0,0,2751,0,0,2.19325e-226,80.160780.1618,0,0,0,49353.8,0,0,1.53527e-280.1618,0,80.2048,0,0,0,1230.87,0,0,1.07469e-280.2048,0,80.2418,0,0,0,1296.11,0,0,7.52284e-227,BLOCK
80.3037,0,0,0,893.413,0,0,5.26599e-280.3037,0,80.3174,0,0,0,7239.08,0,0,3.68619e-280.3174,0,80.3214,0,0,0,9199.82,0,0,2.58034e-280.3214,0,80.3349,0,0,0,237.946,0,0,1.80624e-280.3349,0,80.341,0,0,0,6230.33,0,0,1.26436e-2280.341,0,80.3588,0,0,0,466.22,0,0,8.85055e-2280.3588,080.4336,0,0,0,714.289,0,0,6.19539e-280.4336,0,80.4699,0,0,0,224.906,0,0,4.33677e-280.4699,0,80.4955,0,0,0,584.873,0,0,3.03574e-280.4955,0,80.51,0,0,0,5298.98,0,0,2.12502e-22880.51,0,80.5432,0,0,0,2068.19,0,0,1.48751e-280.5432,0,80.545,0,19,0,0,1,1,1,ACCEPT
80.55380.5531,0,0,0,6988.25,0,0,1.04126e-228,B80.6354,0,0,0,631.375,0,0,7.28881e-229,BLOCK
80.65380.6538,0,0,0,2419.46,0,0,5.10217e-229,B80.68980.6897,0,0,0,1271.41,0,0,3.57152e-229,B80.71080.7106,0,0,0,1496.33,0,0,2.50006e-229,B80.7145,0,0,0,12577,0,0,1.75004e-229,BLOCK
80.7367,80.7367,0,0,0,2846.55,0,0,1.22503e-22980.7477,80.7477,0,0,0,3172.48,0,0,8.57521e-23080.8161,80.8161,0,0,0,119.256,0,0,6.00265e-23080.8823,0,0,0,231.712,0,0,4.20185e-230,80.882380.8864,0,0,0,13203.2,0,0,2.9413e-230,B80.88680.9229,0,0,0,403.715,0,0,2.05891e-230,80.922980.9795,0,0,0,317.169,0,0,1.44124e-230,80.979580.9816,0,0,0,3955.13,0,0,1.00887e-230,80.981681.1141,0,0,0,401.448,0,0,7.06206e-231,81.114181.1301,0,0,0,2564.84,0,0,4.94344e-231,81.130181.1538,0,0,0,2343.29,0,0,3.46041e-231,81.153881.1618,0,0,0,5517.78,0,0,2.42229e-23181.1618,81.2048,0,0,0,1147.39,0,0,1.6956e-231,81.204881.2418,0,0,0,1255.58,0,0,1.18692e-2381.2418,081.3037,0,0,0,871.753,0,0,8.30844e-2381.3037,081.3174,0,0,0,7239.08,0,0,5.81591e-2381.3174,081.3214,0,0,0,9199.82,0,0,4.07113e-2381.3214,081.3349,0,0,0,237.946,0,0,2.84979e-2381.3349,081.341,0,0,0,6131.29,0,0,1.99486e-23281.341,081.3588,0,0,0,432.222,0,0,1.3964e-23281.3588,81.4336,0,0,0,714.218,0,0,9.77479e-2381.4336,081.4699,0,0,0,224.906,0,0,6.84236e-2381.4699,081.4955,0,0,0,584.873,0,0,4.78965e-2381.4955,081.51,0,0,0,6163.02,0,0,3.35275e-233,81.51,081.5432,0,0,0,2442.83,0,0,2.34693e-2381.5432,081.5435,0,0,0,144535,0,0,1.64285e-233,BLOCK
81.545,0,19,0,0,1,1,1,ACCEPT
81.553181.5531,0,0,0,6457.57,0,0,1.14999e-23381.6354,0,0,0,542.692,0,0,8.04996e-234,BLOCK
81.6538,81.6538,0,0,0,1996.89,0,0,5.63497e-23481.6897,81.6897,0,0,0,1271.41,0,0,3.94448e-23481.7106,81.7106,0,0,0,1496.33,0,0,2.76114e-23481.7145,0,0,0,9314.27,0,0,1.9328e-234,BLOCK
81.7367,81.7367,0,0,0,2069.38,0,0,1.35296e-2381.7477,081.7477,0,0,0,3039.89,0,0,9.4707e-2381.8161,081.8161,0,0,0,119.256,0,0,6.62949e-2381.8823,0,0,0,231.712,0,0,4.64064e-235,B81.88281.8864,0,0,0,15097.5,0,0,3.24845e-235,B81.88681.9229,0,0,0,458.903,0,0,2.27392e-235,B81.92281.9795,0,0,0,217.709,0,0,1.59174e-235,B81.97981.9816,0,0,0,3955.13,0,0,1.11422e-235,B81.98182.1141,0,0,0,401.448,0,0,7.79953e-236,B82.11482.1538,0,0,0,1534.74,0,0,5.45967e-236,B82.15382.1618,0,0,0,5132.13,0,0,3.82177e-236,B82.16182.2048,0,0,0,1084.01,0,0,2.67524e-236,B82.20482.2418,0,0,0,1322.19,0,0,1.87267e-236,B82.24182.3037,0,0,0,905.251,0,0,1.31087e-236,B82.30382.3174,0,0,0,7239.08,0,0,9.17607e-237,B82.31782.3214,0,0,0,9199.82,0,0,6.42325e-237,B82.32182.3349,0,0,0,238.176,0,0,4.49627e-237,B82.33482.341,0,0,0,6096.72,0,0,3.14739e-237,BL82.3482.3588,0,0,0,424.718,0,0,2.20317e-237,B82.35882.4336,0,0,0,714.218,0,0,1.54222e-237,B82.43382.4699,0,0,0,224.906,0,0,1.07956e-237,B82.46982.4955,0,0,0,584.873,0,0,7.55689e-238,B82.49582.5432,0,0,0,171.052,0,0,5.28982e-238,B82.54382.5436,0,0,0,110474,0,0,3.70287e-238,BLOCK
82.545,0,19,0,0,1,1,1,ACCEPT
82.5531,0,82.5531,0,0,0,5482.05,0,0,2.59201e-282.6354,0,82.6354,0,0,0,492.719,0,0,1.81441e-82.6538,0,082.6538,0,0,0,1782.78,0,0,1.27009e-82.6897,0,082.6897,0,0,0,1271.41,0,0,8.8906e-82.7106,0,082.7106,0,0,0,1496.33,0,0,6.22342e-82.7145,0,0,0,6942.61,0,0,4.3564e-239,BLOCK
82.7367,0,082.7367,0,0,0,1356.79,0,0,3.04948e-82.7477,0,082.7477,0,0,0,2911.02,0,0,2.13463e-82.8161,0,082.8161,0,0,0,119.256,0,0,1.49424e-82.8823,0,0,0,231.712,0,0,1.04597e-239,BLO82.882.8864,0,0,0,17379.1,0,0,7.32179e-240,BLO82.882.9229,0,0,0,505.987,0,0,5.12526e-240,BLO82.982.9795,0,0,0,169.473,0,0,3.58768e-240,BLO82.982.9816,0,0,0,3955.13,0,0,2.51138e-240,BLO82.983.1141,0,0,0,401.448,0,0,1.75796e-240,BLO83.183.1538,0,0,0,1535.25,0,0,1.23057e-240,BLO83.183.1618,0,0,0,4626.56,0,0,8.61402e-241,BLO83.183.2048,0,0,0,1004.14,0,0,6.02981e-241,BL83.2083.2418,0,0,0,1478.79,0,0,4.22087e-241,BL83.2483.3037,0,0,0,988.086,0,0,2.95461e-241,BL83.3083.3174,0,0,0,7239.08,0,0,2.06823e-241,BL83.3183.3214,0,0,0,9170.57,0,0,1.44776e-241,BL83.3283.3349,0,0,0,238.176,0,0,1.01343e-241,BL83.3383.341,0,0,0,6106.46,0,0,7.09401e-242,BLO83.383.3588,0,0,0,423.631,0,0,4.96581e-242,BL83.3583.4337,0,0,0,714.092,0,0,3.47607e-242,BL83.4383.4691,0,0,0,1179.14,0,0,2.43325e-242,BLOCK
83.4699,0,0,0,62213.8,0,0,1.70327e-242,BL83.4683.4955,0,0,0,584.873,0,0,1.19229e-242,BL83.4983.5432,0,0,0,171.052,0,0,8.34604e-243,BL83.5483.5436,0,0,0,89822.7,0,0,5.84222e-243,BLOCK
83.545,0,19,0,0,1,1,1,ACCEPT
83.5531,0,083.5531,0,0,0,4737.22,0,0,4.08956e-83.6354,0,083.6354,0,0,0,492.207,0,0,2.86269e-83.6538,0,083.6538,0,0,0,1843.14,0,0,2.00388e-83.6897,0,083.6897,0,0,0,1271.41,0,0,1.40272e-83.7106,0,083.7106,0,0,0,1496.33,0,0,9.81903e-83.7145,0,083.7145,0,0,0,5361.7,0,0,6.87332e-83.7367,0,083.7367,0,0,0,951.721,0,0,4.81132e-83.7477,0,083.7477,0,0,0,3204.7,0,0,3.36793e-83.8161,0,083.8161,0,0,0,119.256,0,0,2.35755e-83.8823,0,0,0,231.712,0,0,1.65028e-244,BLO83.883.8864,0,0,0,20245.2,0,0,1.1552e-244,BLOC83.83.9229,0,0,0,590.029,0,0,8.08639e-245,BLO83.983.9795,0,0,0,228.261,0,0,5.66047e-245,BLO83.983.9816,0,0,0,3955.13,0,0,3.96233e-245,BLO83.984.1141,0,0,0,401.448,0,0,2.77363e-245,BLO84.184.1538,0,0,0,1535.25,0,0,1.94154e-245,BLO84.184.1618,0,0,0,4185.63,0,0,1.35908e-245,BLO84.184.2048,0,0,0,935.025,0,0,9.51356e-246,BLO84.284.2418,0,0,0,1697.67,0,0,6.65949e-246,BLO84.284.3037,0,0,0,1106.41,0,0,4.66164e-246,BLO84.384.3174,0,0,0,7239.08,0,0,3.26315e-246,BLO84.384.3214,0,0,0,9170.57,0,0,2.28421e-246,BLO84.384.3349,0,0,0,238.176,0,0,1.59894e-246,BLO84.384.341,0,0,0,6104.35,0,0,1.11926e-246,BLOC84.84.3588,0,0,0,422.902,0,0,7.83482e-247,BL84.3584.4337,0,0,0,714.092,0,0,5.48438e-247,BL84.4384.4691,0,0,0,936.302,0,0,3.83906e-247,BLOCK
84.4699,0,0,0,51804.8,0,0,2.68734e-247,BL84.4684.4955,0,0,0,584.873,0,0,1.88114e-247,BL84.4984.5432,0,0,0,171.052,0,0,1.3168e-247,BLO84.584.5436,0,0,0,81983.7,0,0,9.21759e-248,BL84.5484.545,0,19,0,0,1,1,1,ACCEPT
84.5531,0,084.5531,0,0,0,4273.92,0,0,6.45232e-84.6354,0,084.6354,0,0,0,541.094,0,0,4.51662e-84.6538,0,084.6538,0,0,0,2159.15,0,0,3.16163e-84.6897,0,084.6897,0,0,0,1271.41,0,0,2.21314e-84.7106,0,084.7106,0,0,0,1496.33,0,0,1.5492e-84.7145,0,084.7145,0,0,0,3943.52,0,0,1.08444e-84.7367,0,084.7367,0,0,0,1111.16,0,0,7.59108e-84.7477,0,084.7477,0,0,0,3761.36,0,0,5.31376e-84.8161,0,084.8161,0,0,0,119.256,0,0,3.71963e-84.8823,0,0,0,231.712,0,0,2.60374e-249,BLO84.884.9229,0,0,0,1798.87,0,0,1.82262e-249,BLO84.984.9795,0,0,0,389.469,0,0,1.27583e-249,BLO84.984.9816,0,0,0,3955.13,0,0,8.93083e-250,BLO84.985.1141,0,0,0,401.448,0,0,6.25158e-250,BLO85.185.1538,0,0,0,1534.74,0,0,4.37611e-250,BLO85.185.1618,0,0,0,3747.95,0,0,3.06328e-250,BLO85.185.2048,0,0,0,861.237,0,0,2.14429e-250,BLO85.285.3037,0,0,0,75.8071,0,0,1.50101e-250,BLO85.385.3174,0,0,0,7239.08,0,0,1.0507e-250,BLOC85.85.3214,0,0,0,9170.57,0,0,7.35493e-251,BLO85.385.3349,0,0,0,238.176,0,0,5.14845e-251,BLO85.385.341,0,0,0,6104.01,0,0,3.60391e-251,BLOC85.85.3588,0,0,0,422.783,0,0,2.52274e-251,BLO85.385.4337,0,0,0,714.092,0,0,1.76592e-251,BLO85.485.4691,0,0,0,677.655,0,0,1.23614e-251,BLOCK
85.4699,0,0,0,40981,0,0,8.653e-252,BLOCK
85.4955,0,0,0,584.873,0,0,6.0571e-252,BLOCK885.5432,0,0,0,171.052,0,0,4.23997e-252,BLOCK8585.5436,0,0,0,92866.3,0,0,2.96798e-252,BLOCK8585.545,0,19,0,0,1,1,1,ACCEPT
85.5531,0,0,0,85.5531,0,0,0,4280.75,0,0,2.077585.6354,0,0,0,85.6354,0,0,0,625.442,0,0,1.454385.6538,0,0,0,85.6538,0,0,0,2623.83,0,0,1.018085.6897,0,0,0,85.6897,0,0,0,1271.41,0,0,7.126185.7106,0,0,0,85.7106,0,0,0,1496.33,0,0,4.988285.7145,0,0,0,85.7145,0,0,0,2869.89,0,0,3.49185.7367,0,0,0,85.7367,0,0,0,1697.11,0,0,2.444285.7477,0,0,0,85.7477,0,0,0,4517.87,0,0,1.710985.8161,0,0,0,85.8161,0,0,0,119.256,0,0,1.197685.8823,0,0,0,231.712,0,0,8.3838e-254,BLOCK
85.913,0,0,0,2773.27,0,0,5.86866e-254,BLOCK
85.9229,0,0,0,651.642,0,0,4.10806e-254,BLOCK885.9795,0,0,0,596.953,0,0,2.87564e-254,BLOCK885.9816,0,0,0,3955.13,0,0,2.01295e-254,BLOCK886.1141,0,0,0,401.448,0,0,1.40907e-254,BLOCK886.1538,0,0,0,1535.25,0,0,9.86346e-255,BLOCK886.1618,0,0,0,2928.93,0,0,6.90442e-255,BLOCK886.1631,0,0,0,38321.2,0,0,4.8331e-255,BLOCK
86.2048,0,0,0,1401.38,0,0,3.38317e-255,BLOCK886.3037,0,0,0,75.8071,0,0,2.36822e-255,BLOCK886.3174,0,0,0,7239.08,0,0,1.65775e-255,BLOCK886.3214,0,0,0,9170.57,0,0,1.16043e-255,BLOCK886.3349,0,0,0,238.176,0,0,8.12298e-256,BLOCK886.341,0,0,0,6104.01,0,0,5.68609e-256,BLOCK
86.3588,0,0,0,422.783,0,0,3.98026e-256,BLOCK886.3901,0,0,0,1909.26,0,0,2.78618e-256,BLOCK886.4336,0,0,0,1001.45,0,0,1.95033e-256,BLOCK886.4691,0,0,0,512.93,0,0,1.36523e-256,BLOCK
86.4699,0,0,0,34031.1,0,0,9.55661e-257,BLOCK
86.4955,0,0,0,584.873,0,0,6.68963e-257,BLOCK
86.5432,0,0,0,171.052,0,0,4.68274e-257,BLOCK
86.5435,0,0,0,121563,0,0,3.27792e-257,BLOCK
86.545,0,19,0,0,1,1,1,ACCEPT
86.553,0,0,0,47486.553,0,0,0,4740.38,0,0,2.2986.6538,0,0,0,8086.6538,0,0,0,80.9849,0,0,1.6086.6897,0,0,0,1286.6897,0,0,0,1271.41,0,0,1.1286.7106,0,0,0,1486.7106,0,0,0,1496.33,0,0,7.8786.7145,0,0,0,2586.7145,0,0,0,2529.62,0,0,5.586.7367,0,0,0,2586.7367,0,0,0,2500.64,0,0,3.8586.7477,0,0,0,5486.7477,0,0,0,5414.13,0,0,2.6986.8161,0,0,0,1186.8161,0,0,0,119.256,0,0,1.8886.8823,0,0,0,231.712,0,0,1.32276e-258,BLOCK
86.913,0,0,0,2690.13,0,0,9.2593e-259,BLOCK
86.9795,0,0,0,442.94,0,0,6.48151e-259,BLOCK
86.9816,0,0,0,3980.23,0,0,4.53706e-259,BLOCK
87.1141,0,0,0,401.448,0,0,3.17594e-259,BLOCK
87.1538,0,0,0,1534.74,0,0,2.22316e-259,BLOCK
87.1618,0,0,0,1981.69,0,0,1.55621e-259,BLOCK
87.1631,0,0,0,31888.6,0,0,1.08935e-259,BLOCK
87.2048,0,0,0,1214.53,0,0,7.62544e-260,BLOCK
87.2083,0,0,0,17477,0,0,5.3378e-260,BLOCK
87.3037,0,0,0,699.719,0,0,3.73646e-260,BLOCK
87.3174,0,0,0,7239.08,0,0,2.61552e-260,BLOCK
87.3214,0,0,0,9170.57,0,0,1.83087e-260,BLOCK
87.3349,0,0,0,238.176,0,0,1.28161e-260,BLOCK
87.341,0,0,0,6104.01,0,0,8.97125e-261,BLOCK
87.3588,0,0,0,422.783,0,0,6.27987e-261,BLOCK
87.3901,0,0,0,1674.68,0,0,4.39591e-261,BLOCK
87.4336,0,0,0,701.771,0,0,3.07714e-261,BLOCK
87.4691,0,0,0,499.825,0,0,2.154e-261,BLOCK
87.4699,0,0,0,33114.1,0,0,1.5078e-261,BLOCK
87.4955,0,0,0,584.873,0,0,1.05546e-261,BLOCK
87.5432,0,0,0,171.052,0,0,7.38821e-262,BLOCK
87.5435,0,0,0,151329,0,0,5.17175e-262,BLOCK
87.545,0,19,0,0,1,1,1,ACCEPT
87.553,0,0,0,5481.187.553,0,0,0,5481.23,0,0,387.6538,0,0,0,80.9887.6538,0,0,0,80.9849,0,0,287.6897,0,0,0,1271.87.6897,0,0,0,1271.41,0,0,187.7106,0,0,0,1496.87.7106,0,0,0,1496.33,0,0,187.7145,0,0,0,4124.87.7145,0,0,0,4124.34,0,0,887.7367,0,0,0,3500.87.7367,0,0,0,3500.97,0,0,687.7477,0,0,0,6493.87.7477,0,0,0,6493.61,0,0,487.8161,0,0,0,119.287.8161,0,0,0,119.256,0,0,287.8823,0,0,0,231.712,0,0,2.08699e-263,BLOCK
87.913,0,0,0,2558.79,0,0,1.46089e-263,BLOCK
87.9795,0,0,0,382.579,0,0,1.02262e-263,BLOCK
87.9816,0,0,0,3955.13,0,0,7.15836e-264,BLOCK
88.1141,0,0,0,401.448,0,0,5.01085e-264,BLOCK
88.1538,0,0,0,1534.74,0,0,3.5076e-264,BLOCK
88.1618,0,0,0,1211.72,0,0,2.45532e-264,BLOCK
88.1631,0,0,0,32381.4,0,0,1.71872e-264,BLOCK
88.2048,0,0,0,1108.74,0,0,1.20311e-264,BLOCK
88.2083,0,0,0,15354.6,0,0,8.42174e-265,BLOCK
88.3037,0,0,0,629.729,0,0,5.89522e-265,BLOCK
88.3174,0,0,0,7239.08,0,0,4.12665e-265,BLOCK
88.3214,0,0,0,9170.57,0,0,2.88866e-265,BLOCK
88.3349,0,0,0,238.176,0,0,2.02206e-265,BLOCK
88.341,0,0,0,6104.01,0,0,1.41544e-265,BLOCK
88.3588,0,0,0,422.783,0,0,9.90809e-266,BLOCK
88.3901,0,0,0,1564.03,0,0,6.93567e-266,BLOCK
88.4336,0,0,0,507.129,0,0,4.85497e-266,BLOCK
88.4691,0,0,0,643.573,0,0,3.39848e-266,BLOCK
88.4699,0,0,0,39395.2,0,0,2.37893e-266,BLOCK
88.4955,0,0,0,584.873,0,0,1.66525e-266,BLOCK
88.5432,0,0,0,171.052,0,0,1.16568e-266,BLOCK
88.545,0,19,0,0,1,1,1,ACCEPT
88.5531,0,0,0,69888.5531,0,0,0,6988.25,0,0,8.188.5568,0,0,0,14888.5568,0,0,0,14859.6,0,0,588.6538,0,0,0,534.488.6538,0,0,0,534.45,0,0,388.6897,0,0,0,1271.88.6897,0,0,0,1271.41,0,0,288.7106,0,0,0,1496.88.7106,0,0,0,1496.33,0,0,188.7145,0,0,0,6822.88.7145,0,0,0,6822.32,0,0,188.7477,0,0,0,600.588.7477,0,0,0,600.522,0,0,988.8161,0,0,0,119.288.8161,0,0,0,119.233,0,0,88.8823,0,0,0,231.758,0,0,4.70393e-268,BLOCK
88.8835,0,0,0,43662.5,0,0,3.29275e-268,BLOCK
88.913,0,0,0,1830.55,0,0,2.30493e-268,BLOCK
88.9795,0,0,0,346.059,0,0,1.61345e-268,BLOCK
88.9816,0,0,0,3955.13,0,0,1.12941e-268,BLOCK
89.1141,0,0,0,401.448,0,0,7.90589e-269,BLOCK
89.1538,0,0,0,1534.74,0,0,5.53413e-269,BLOCK
89.1618,0,0,0,1969.46,0,0,3.87389e-269,BLOCK
89.1631,0,0,0,39251.3,0,0,2.71172e-269,BLOCK
89.2048,0,0,0,1064.99,0,0,1.8982e-269,BLOCK
89.2083,0,0,0,14106.3,0,0,1.32874e-269,BLOCK
89.3037,0,0,0,589.309,0,0,9.3012e-270,BLOCK
89.3174,0,0,0,7239.08,0,0,6.51084e-270,BLOCK
89.3214,0,0,0,9170.57,0,0,4.55759e-270,BLOCK
89.3349,0,0,0,238.176,0,0,3.19031e-270,BLOCK
89.341,0,0,0,6104.01,0,0,2.23322e-270,BLOCK
89.3588,0,0,0,422.783,0,0,1.56325e-270,BLOCK
89.3901,0,0,0,1525.95,0,0,1.09428e-270,BLOCK
89.4336,0,0,0,414.685,0,0,7.65994e-271,BLOCK
89.4691,0,0,0,869.318,0,0,5.36196e-271,BLOCK
89.4699,0,0,0,49695.7,0,0,3.75337e-271,BLOCK
89.4955,0,0,0,584.873,0,0,2.62736e-271,BLOCK
89.5432,0,0,0,171.052,0,0,1.83915e-271,BLOCK
89.545,0,19,0,0,1,1,1,ACCEPT
89.5531,0,0,0,6988.89.5531,0,0,0,6988.25,0,0,189.5568,0,0,0,1301289.5568,0,0,0,13012,0,0,9.089.6538,0,0,0,44889.6538,0,0,0,448.772,0,0,6.389.6897,0,0,0,12789.6897,0,0,0,1271.41,0,0,4.89.7106,0,0,0,14989.7106,0,0,0,1496.33,0,0,3.089.7477,0,0,0,20289.7477,0,0,0,202.099,0,0,2.189.8161,0,0,0,11989.8161,0,0,0,119.256,0,0,1.589.8823,0,0,0,231.712,0,0,1.06023e-272,BLOCK
89.8835,0,0,0,39176.7,0,0,7.42164e-273,BLOCK
89.913,0,0,0,1600.67,0,0,5.19515e-273,BLOCK
89.9795,0,0,0,342.808,0,0,3.6366e-273,BLOCK
89.9816,0,0,0,3955.13,0,0,2.54562e-273,BLOCK
90.1141,0,0,0,401.448,0,0,1.78194e-273,BLOCK
90.1538,0,0,0,1535.25,0,0,1.24736e-273,BLOCK
90.1631,0,0,0,3924.33,0,0,8.73149e-274,BLOCK
90.2048,0,0,0,1055.25,0,0,6.11204e-274,BLOCK
90.2083,0,0,0,13644.5,0,0,4.27843e-274,BLOCK
90.3038,0,0,0,574.389,0,0,2.9949e-274,BLOCK
90.3174,0,0,0,7245.99,0,0,2.09643e-274,BLOCK
90.3214,0,0,0,9170.57,0,0,1.4675e-274,BLOCK
90.3349,0,0,0,238.176,0,0,1.02725e-274,BLOCK
90.341,0,0,0,6104.01,0,0,7.19076e-275,BLOCK
90.3588,0,0,0,422.783,0,0,5.03353e-275,BLOCK
90.3901,0,0,0,1522.34,0,0,3.52347e-275,BLOCK
90.4336,0,0,0,404.348,0,0,2.46643e-275,BLOCK
90.4465,0,0,0,3397.68,0,0,1.7265e-275,BLOCK
90.4691,0,0,0,2437.03,0,0,1.20855e-275,BLOCK
90.4699,0,0,0,61801.7,0,0,8.45985e-276,BLOCK
90.4955,0,0,0,584.873,0,0,5.9219e-276,BLOCK
90.5432,0,0,0,171.052,0,0,4.14533e-276,BLOCK
90.545,0,19,0,0,1,1,1,ACCEPT
90.553,0,0,0,6988.90.553,0,0,0,6988.25,0,0,2.90.5568,0,0,0,121290.5568,0,0,0,12124.3,0,0,2.90.6538,0,0,0,403.90.6538,0,0,0,403.268,0,0,1.90.6897,0,0,0,127190.6897,0,0,0,1271.41,0,0,9.90.7106,0,0,0,149690.7106,0,0,0,1496.33,0,0,6.90.7477,0,0,0,202.90.7477,0,0,0,202.17,0,0,4.890.7988,0,0,0,86990.7988,0,0,0,869.279,0,0,3.90.8161,0,0,0,245890.8161,0,0,0,2458.7,0,0,2.90.8823,0,0,0,231.712,0,0,1.67279e-277,BLOCK
90.8835,0,0,0,36846.1,0,0,1.17095e-277,BLOCK
90.913,0,0,0,1486.79,0,0,8.19667e-278,BLOCK
90.9618,0,0,0,1289.8,0,0,5.73767e-278,BLOCK
90.9795,0,0,0,2556.76,0,0,4.01637e-278,BLOCK
90.9816,0,0,0,3955.13,0,0,2.81146e-278,BLOCK
91.1141,0,0,0,401.448,0,0,1.96802e-278,BLOCK
91.1538,0,0,0,1534.74,0,0,1.37761e-278,BLOCK
91.1631,0,0,0,3929.17,0,0,9.6433e-279,BLOCK
91.2048,0,0,0,1054.8,0,0,6.75031e-279,BLOCK
91.2083,0,0,0,13560.3,0,0,4.72522e-279,BLOCK
91.3037,0,0,0,571.757,0,0,3.30765e-279,BLOCK
91.3174,0,0,0,7239.08,0,0,2.31536e-279,BLOCK
91.3215,0,0,0,9708.95,0,0,1.62075e-279,BLOCK
91.3349,0,0,0,251.357,0,0,1.13452e-279,BLOCK
91.341,0,0,0,6499.81,0,0,7.94167e-280,BLOCK
91.3588,0,0,0,422.783,0,0,5.55917e-280,BLOCK
91.3901,0,0,0,1521.84,0,0,3.89142e-280,BLOCK
91.4337,0,0,0,393.518,0,0,2.72399e-280,BLOCK
91.4465,0,0,0,2991.94,0,0,1.90679e-280,BLOCK
91.4691,0,0,0,2617.79,0,0,1.33476e-280,BLOCK
91.4699,0,0,0,76340.3,0,0,9.34329e-281,BLOCK
91.4955,0,0,0,584.873,0,0,6.54031e-281,BLOCK
91.5432,0,0,0,171.052,0,0,4.57821e-281,BLOCK
91.545,0,19,0,0,1,1,1,ACCEPT
91.5531,0,0,0,6991.5531,0,0,0,6988.25,0,0,3.2091.5568,0,0,0,1191.5568,0,0,0,11840.5,0,0,2.2491.5707,0,0,0,3691.5707,0,0,0,3658.38,0,0,1.5791.6538,0,0,0,1091.6538,0,0,0,1023.88,0,0,1.0991.6897,0,0,0,1291.6897,0,0,0,1232.87,0,0,7.691.7106,0,0,0,1491.7106,0,0,0,1431.31,0,0,5.3891.7477,0,0,0,2091.7477,0,0,0,202.17,0,0,3.77091.7988,0,0,0,791.7988,0,0,0,736.558,0,0,2.63991.8161,0,0,0,291.8161,0,0,0,2001.3,0,0,1.84791.8823,0,0,0,231.712,0,0,1.29323e-282,BLOCK
91.8835,0,0,0,35854.4,0,0,9.05263e-283,BLOCK
91.913,0,0,0,1435.73,0,0,6.33684e-283,BLOCK
91.9618,0,0,0,1186.22,0,0,4.43579e-283,BLOCK
91.9795,0,0,0,2192.05,0,0,3.10505e-283,BLOCK
91.9816,0,0,0,3955.13,0,0,2.17354e-283,BLOCK
92.1141,0,0,0,401.448,0,0,1.52147e-283,BLOCK
92.1538,0,0,0,1534.74,0,0,1.06503e-283,BLOCK
92.1631,0,0,0,3928.75,0,0,7.45523e-284,BLOCK
92.1678,0,0,0,10921.7,0,0,5.21866e-284,BLOCK
92.2048,0,0,0,1520.43,0,0,3.65306e-284,BLOCK
92.2083,0,0,0,13543.9,0,0,2.55714e-284,BLOCK
92.3037,0,0,0,571.227,0,0,1.79e-284,BLOCK
92.3174,0,0,0,7239.08,0,0,1.253e-284,BLOCK
92.3214,0,0,0,10549.2,0,0,8.771e-285,BLOCK
92.3349,0,0,0,381.424,0,0,6.1397e-285,BLOC92.92.341,0,0,0,7262.9,0,0,4.29779e-285,BLOCK9292.3588,0,0,0,422.783,0,0,3.00845e-285,BLOC92.92.3901,0,0,0,1521.46,0,0,2.10592e-285,BLOC92.92.4263,0,0,0,1529.94,0,0,1.47414e-285,BLOCK
92.4337,0,0,0,5288.9,0,0,1.0319e-285,BLOCK992.4465,0,0,0,2713.68,0,0,7.22329e-286,BLOCK9292.4691,0,0,0,2943.7,0,0,5.05631e-286,BLOCK9292.4699,0,0,0,91879.4,0,0,3.53941e-286,BLOCK9292.4955,0,0,0,632.484,0,0,2.47759e-286,BLOCK9292.5432,0,0,0,171.005,0,0,1.73431e-286,BLOCK9292.545,0,19,0,0,1,1,1,ACCEPT
92.5531,0,0,0,92.5531,0,0,0,6988.25,0,0,1.214092.5568,0,0,0,92.5568,0,0,0,11856.8,0,0,8.4992.5707,0,0,0,3592.5707,0,0,0,3559.58,0,0,5.9492.6538,0,0,0,1092.6538,0,0,0,1008.86,0,0,4.1692.6897,0,0,0,1192.6897,0,0,0,1138.34,0,0,2.9192.7106,0,0,0,1192.7106,0,0,0,1190.14,0,0,2.092.7477,0,0,0,2492.7477,0,0,0,249.246,0,0,1.4292.7988,0,0,0,6692.7988,0,0,0,660.443,0,0,9.9992.8161,0,0,0,1692.8161,0,0,0,1628.4,0,0,6.99892.8823,0,0,0,265.127,0,0,4.89901e-288,BLOCK
92.8835,0,0,0,35583,0,0,3.4293e-288,BLOCK
92.913,0,0,0,1421.41,0,0,2.40051e-288,BLOCK
92.9618,0,0,0,1091.32,0,0,1.68036e-288,BLOCK
92.9795,0,0,0,1801.28,0,0,1.17625e-288,BLOCK
92.9816,0,0,0,4370.31,0,0,8.23376e-289,BLOCK
93.1141,0,0,0,392.647,0,0,5.76363e-289,BLOCK
93.1538,0,0,0,1505.48,0,0,4.03454e-289,BLOCK
93.1631,0,0,0,3928.71,0,0,2.82418e-289,BLOCK
93.1678,0,0,0,10623,0,0,1.97693e-289,BLOCK
93.2048,0,0,0,1492.19,0,0,1.38385e-289,BLOCK
93.2083,0,0,0,13539.1,0,0,9.68693e-290,BLOCK
93.3037,0,0,0,571.074,0,0,6.78085e-290,BLOCK
93.3174,0,0,0,7239.08,0,0,4.7466e-290,BLOCK
93.3215,0,0,0,11015.4,0,0,3.32262e-290,BLOCK
93.3349,0,0,0,916.473,0,0,2.32583e-290,BLOCK
93.341,0,0,0,8430.74,0,0,1.62808e-290,BLOCK
93.3588,0,0,0,422.783,0,0,1.13966e-290,BLOCK
93.3901,0,0,0,1521.36,0,0,7.97761e-291,BLOCK
93.4263,0,0,0,1368.23,0,0,5.58432e-291,BLOCK
93.4336,0,0,0,3841.59,0,0,3.90903e-291,BLOCK
93.4465,0,0,0,2958.22,0,0,2.73632e-291,BLOCK
93.4699,0,0,0,1314.21,0,0,1.91542e-291,BLOCK
93.4955,0,0,0,738.214,0,0,1.3408e-291,BLOCK
93.5432,0,0,0,185.007,0,0,9.38557e-292,BLOCK
93.545,0,19,0,0,1,1,1,ACCEPT
93.5531,0,0,0,691593.5531,0,0,0,6915.96,0,0,693.5568,0,0,0,118093.5568,0,0,0,11802.9,0,0,4.93.5707,0,0,0,351893.5707,0,0,0,3518.38,0,0,3.93.6538,0,0,0,100193.6538,0,0,0,1001.94,0,0,2.93.6897,0,0,0,988.93.6897,0,0,0,988.442,0,0,1.93.7106,0,0,0,774.93.7106,0,0,0,774.795,0,0,193.7477,0,0,0,327.93.7477,0,0,0,327.645,0,0,7.93.7988,0,0,0,624.93.7988,0,0,0,624.432,0,0,593.8161,0,0,0,138793.8161,0,0,0,1387.38,0,0,3.93.8823,0,0,0,324.733,0,0,2.65119e-293,BLOCK
93.8835,0,0,0,35511.8,0,0,1.85583e-293,BLOCK
93.913,0,0,0,1417.62,0,0,1.29908e-293,BLOCK
93.9618,0,0,0,1045.79,0,0,9.09359e-294,BLOCK
93.9795,0,0,0,1484.93,0,0,6.36551e-294,BLOCK
93.9816,0,0,0,5282.47,0,0,4.45586e-294,BLOCK
94.1141,0,0,0,358.084,0,0,3.1191e-294,BLOCK
94.1538,0,0,0,1402.72,0,0,2.18337e-294,BLOCK
94.1631,0,0,0,3864.73,0,0,1.52836e-294,BLOCK
94.1678,0,0,0,10324.7,0,0,1.06985e-294,BLOCK
94.2048,0,0,0,1464.35,0,0,7.48896e-295,BLOCK
94.2083,0,0,0,13539,0,0,5.24227e-295,BLOCK
94.3037,0,0,0,571.07,0,0,3.66959e-295,BLOCK
94.3174,0,0,0,7239.08,0,0,2.56871e-295,BLOCK
94.3214,0,0,0,11462.6,0,0,1.7981e-295,BLOCK
94.3349,0,0,0,1768.87,0,0,1.25867e-295,BLOCK
94.341,0,0,0,9908.81,0,0,8.81069e-296,BLOCK
94.3588,0,0,0,422.777,0,0,6.16748e-296,BLOCK
94.3901,0,0,0,1521.36,0,0,4.31724e-296,BLOCK
94.4263,0,0,0,1223.15,0,0,3.02207e-296,BLOCK
94.4337,0,0,0,2521.91,0,0,2.11545e-296,BLOCK
94.4465,0,0,0,3332.46,0,0,1.48081e-296,BLOCK
94.4699,0,0,0,1241.01,0,0,1.03657e-296,BLOCK
94.486,0,0,0,2756.05,0,0,7.25598e-297,BLOCK
94.4955,0,0,0,5938.32,0,0,5.07919e-297,BLOCK
94.5432,0,0,0,212.367,0,0,3.55543e-297,BLOCK
94.545,0,19,0,0,1,1,1,ACCEPT
94.5531,0,0,0,6688.9294.5531,0,0,0,6688.9,0,094.5568,0,0,0,11798.94.5568,0,0,0,11797.9,0,0,94.5707,0,0,0,3515.294.5707,0,0,0,3515.26,0,0,94.6538,0,0,0,991.9194.6538,0,0,0,991.919,0,0,94.6897,0,0,0,775.3194.6897,0,0,0,775.319,0,0,94.7106,0,0,0,480.4694.7106,0,0,0,480.464,0,0,94.7477,0,0,0,375.4194.7477,0,0,0,375.417,0,0,94.7988,0,0,0,564.4294.7988,0,0,0,564.419,0,094.8161,0,0,0,1135.8794.8161,0,0,0,1135.87,0,094.8823,0,0,0,405.68,0,0,1.00432e-298,BLOCK
94.8835,0,0,0,35062.5,0,0,7.03025e-299,BLOCK
94.913,0,0,0,1415.8,0,0,4.92117e-299,BLOCK
94.9618,0,0,0,1027.57,0,0,3.44482e-299,BLOCK
94.9795,0,0,0,1189.07,0,0,2.41138e-299,BLOCK
94.9816,0,0,0,6760.46,0,0,1.68796e-299,BLOCK
95.1141,0,0,0,298.664,0,0,1.18157e-299,BLOCK
95.1538,0,0,0,1221.06,0,0,8.27102e-300,BLOCK
95.1631,0,0,0,3737.86,0,0,5.78971e-300,BLOCK
95.1678,0,0,0,10201.8,0,0,4.0528e-300,BLOCK
95.2048,0,0,0,1445.61,0,0,2.83696e-300,BLOCK
95.2083,0,0,0,13422.5,0,0,1.98587e-300,BLOCK
95.3037,0,0,0,571.069,0,0,1.39011e-300,BLOCK
95.3174,0,0,0,7239.08,0,0,9.73077e-301,BLOCK
95.3215,0,0,0,12357.1,0,0,6.81154e-301,BLOCK
95.3349,0,0,0,2801.93,0,0,4.76808e-301,BLOCK
95.341,0,0,0,11648.1,0,0,3.33765e-301,BLOCK
95.3588,0,0,0,468.14,0,0,2.33636e-301,BLOCK
95.3901,0,0,0,1496.22,0,0,1.63545e-301,BLOCK
95.4263,0,0,0,1105.01,0,0,1.14482e-301,BLOCK
95.4337,0,0,0,1461.62,0,0,8.01371e-302,BLOCK
95.4465,0,0,0,3825.96,0,0,5.6096e-302,BLOCK
95.4699,0,0,0,1209.86,0,0,3.92672e-302,BLOCK
95.486,0,0,0,2407.88,0,0,2.7487e-302,BLOCK
95.4955,0,0,0,5561.57,0,0,1.92409e-302,BLOCK
95.5432,0,0,0,258.035,0,0,1.34686e-302,BLOCK
95.545,0,19,0,0,1,1,1,ACCEPT
95.553,0,0,0,6287.15,095.553,0,0,0,6287.14,0,95.5568,0,0,0,11695.3,95.5568,0,0,0,11695.1,0,95.5707,0,0,0,3514.92,95.5707,0,0,0,3514.95,0,95.6538,0,0,0,965.556,95.6538,0,0,0,965.556,0,95.6897,0,0,0,451.421,95.6897,0,0,0,451.421,0,95.7106,0,0,0,786.827,95.7106,0,0,0,786.825,0,95.7477,0,0,0,406.11,095.7477,0,0,0,406.11,095.7988,0,0,0,479.068,95.7988,0,0,0,479.068,095.8161,0,0,0,1009.89,95.8161,0,0,0,1009.9,0,095.8823,0,0,0,483.291,0,0,3.80456e-304,BLOCK
95.8835,0,0,0,33130.9,0,0,2.66319e-304,BLOCK
95.913,0,0,0,1395.34,0,0,1.86423e-304,BLOCK
95.9618,0,0,0,1012.4,0,0,1.30496e-304,BLOCK
95.9795,0,0,0,917.071,0,0,9.13474e-305,BLOCK
95.9816,0,0,0,8493.32,0,0,6.39432e-305,BLOCK
96.1141,0,0,0,212.835,0,0,4.47602e-305,BLOCK
96.1538,0,0,0,958.725,0,0,3.13322e-305,BLOCK
96.1631,0,0,0,3429.01,0,0,2.19325e-305,BLOCK
96.1678,0,0,0,10026.3,0,0,1.53528e-305,BLOCK
96.2048,0,0,0,1415.75,0,0,1.07469e-305,BLOCK
96.2083,0,0,0,13207.8,0,0,7.52285e-306,BLOCK
96.3037,0,0,0,567.143,0,0,5.266e-306,BLOCK
96.3109,0,0,0,8897.97,0,0,3.6862e-306,BLOCK
96.3174,0,0,0,9439.87,0,0,2.58034e-306,BLOCK
96.3214,0,0,0,13818.3,0,0,1.80624e-306,BLOCK
96.3349,0,0,0,4040.54,0,0,1.26437e-306,BLOCK996.341,0,0,0,13556.2,0,0,8.85056e-307,BLOCK
96.3588,0,0,0,527.374,0,0,6.19539e-307,BLOCK996.3901,0,0,0,1441.88,0,0,4.33677e-307,BLOCK996.4263,0,0,0,1095.05,0,0,3.03574e-307,BLOCK
96.4337,0,0,0,1425.64,0,0,2.12502e-307,BLOCK
96.4465,0,0,0,4512.9,0,0,1.48751e-307,BLOCK
96.4699,0,0,0,1281.8,0,0,1.04126e-307,BLOCK
96.486,0,0,0,2108.61,0,0,7.28882e-308,BLOCK
96.4955,0,0,0,5076.52,0,0,5.10217e-308,BLOCK
96.5432,0,0,0,325.702,0,0,3.57152e-308,BLOCK
96.545,0,19,0,0,1,1,1,ACCEPT
96.5531,0,0,0,54796.5531,0,0,0,5477.79,0,0,2.96.5568,0,0,0,111996.5568,0,0,0,11190.9,0,0,1.96.5707,0,0,0,347196.5707,0,0,0,3471.09,0,0,1.96.6538,0,0,0,909.96.6538,0,0,0,909.359,0,0,8.96.6897,0,0,0,184.96.6897,0,0,0,184.587,0,0,6.96.7106,0,0,0,153896.7106,0,0,0,1538.76,0,0,4.96.7477,0,0,0,477.96.7477,0,0,0,477.224,0,0,296.7988,0,0,0,394.96.7988,0,0,0,394.485,0,0,2.96.8161,0,0,0,112896.8161,0,0,0,1128.19,0,0,1.96.8823,0,0,0,577.231,0,0,1.00887e-309,BLOCK
96.8835,0,0,0,30044.1,0,0,7.06206e-310,BLOCK
96.913,0,0,0,1367.68,0,0,4.94344e-310,BLOCK
96.9618,0,0,0,993.79,0,0,3.46041e-310,BLOCK
96.9795,0,0,0,801.297,0,0,2.42229e-310,BLOCK
96.9816,0,0,0,10480.3,0,0,1.6956e-310,BLOCK
97.1141,0,0,0,99.1983,0,0,1.18692e-310,BLOCK
97.1538,0,0,0,605.484,0,0,8.30845e-311,BLOCK
97.1631,0,0,0,2958.79,0,0,5.81591e-311,BLOCK
97.1678,0,0,0,9975.91,0,0,4.07114e-311,BLOCK
97.2048,0,0,0,1370.49,0,0,2.8498e-311,BLOCK
97.2083,0,0,0,12557.9,0,0,1.99486e-311,BLOCK
97.3037,0,0,0,561.67,0,0,1.3964e-311,BLOCK
97.3109,0,0,0,8691.57,0,0,9.7748e-312,BLOCK
97.3174,0,0,0,9102.58,0,0,6.84236e-312,BLOCK
97.3349,0,0,0,5437,0,0,4.78965e-312,BLOCK
97.341,0,0,0,15486.6,0,0,3.35276e-312,BLOCK
97.3588,0,0,0,663.934,0,0,2.34693e-312,BLOCK
97.3901,0,0,0,1332.7,0,0,1.64285e-312,BLOCK
97.4043,0,0,0,3897.64,0,0,1.15e-312,BLOCK
97.4262,0,0,0,738.422,0,0,8.04997e-313,BLOCK
97.4337,0,0,0,2514.47,0,0,5.63498e-313,BLOCK
97.4465,0,0,0,5398.43,0,0,3.94449e-313,BLOCK
97.4699,0,0,0,1521.49,0,0,2.76114e-313,BLOCK
97.486,0,0,0,2173.82,0,0,1.9328e-313,BLOCK
97.4955,0,0,0,4673.74,0,0,1.35296e-313,BLOCK
97.5432,0,0,0,353.011,0,0,9.47071e-314,BLOCK
97.545,0,19,0,0,1,1,1,ACCEPT
97.5531,0,0,0,4467.97.5531,0,0,0,4467.27,0,0,97.5568,0,0,0,1006497.5568,0,0,0,10064.5,0,0,497.5707,0,0,0,3404.97.5707,0,0,0,3404.13,0,0,97.6538,0,0,0,818.6097.6538,0,0,0,818.608,0,0,97.6897,0,0,0,458.2797.6897,0,0,0,458.275,0,0,97.7106,0,0,0,2513,097.7106,0,0,0,2513,0,0,97.7477,0,0,0,592.7397.7477,0,0,0,592.729,0,097.7988,0,0,0,287.84997.7988,0,0,0,287.849,0,097.8161,0,0,0,1554.6897.8161,0,0,0,1554.69,0,097.8823,0,0,0,658.459,0,0,2.67524e-315,BLOCK
97.8835,0,0,0,25237.7,0,0,1.87267e-315,BLOCK
97.913,0,0,0,1271.18,0,0,1.31087e-315,BLOCK
97.9617,0,0,0,929.807,0,0,9.17608e-316,BLOCK
97.9795,0,0,0,973.919,0,0,6.42325e-316,BLOCK
97.9816,0,0,0,10719.4,0,0,4.49628e-316,BLOCK
98.1141,0,0,0,53.3677,0,0,3.14739e-316,BLOCK
98.1538,0,0,0,224.232,0,0,2.20318e-316,BLOCK
98.1631,0,0,0,2345.04,0,0,1.54222e-316,BLOCK
98.1678,0,0,0,9969.12,0,0,1.07956e-316,BLOCK
98.2048,0,0,0,1303.9,0,0,7.55689e-317,BLOCK
98.2083,0,0,0,11443,0,0,5.28983e-317,BLOCK
98.3037,0,0,0,546.646,0,0,3.70288e-317,BLOCK
98.3109,0,0,0,8142.6,0,0,2.59201e-317,BLOCK
98.3174,0,0,0,8340.62,0,0,1.81441e-317,BLOCK
98.341,0,0,0,135.95,0,0,1.27009e-317,BLOCK
98.3588,0,0,0,843.358,0,0,8.89061e-318,BLOCK
98.3901,0,0,0,1145.69,0,0,6.22342e-318,BLOCK
98.4043,0,0,0,3880.43,0,0,4.35639e-318,BLOCK
98.4262,0,0,0,731.246,0,0,3.04948e-318,BLOCK
98.4465,0,0,0,2668.46,0,0,2.13464e-318,BLOCK
98.4699,0,0,0,1904.4,0,0,1.49424e-318,BLOCK
98.486,0,0,0,2503.76,0,0,1.04597e-318,BLOCK
98.4955,0,0,0,4194.99,0,0,7.32181e-319,BLOCK
98.5432,0,0,0,317.61,0,0,5.12524e-319,BLOCK
98.545,0,19,0,0,1,1,1,ACCEPT
98.553,0,0,0,3747.23,0,98.553,0,0,0,3747.21,098.5568,0,0,0,8544.43,098.5568,0,0,0,8544.31,098.5707,0,0,0,3236.47,098.5707,0,0,0,3236.49,098.6538,0,0,0,685.517,098.6538,0,0,0,685.516,098.6897,0,0,0,941.439,098.6897,0,0,0,941.44,0,98.7106,0,0,0,3490.78,98.7106,0,0,0,3490.78,0,98.7477,0,0,0,885.025,98.7477,0,0,0,885.023,098.7988,0,0,0,173.609,98.7988,0,0,0,173.609,0,98.8161,0,0,0,2219.38,98.8161,0,0,0,2219.39,0,98.8823,0,0,0,754.015,0,0,1.44761e-320,BLOCK
98.8835,0,0,0,19708.5,0,0,1.01333e-320,BLOCK
98.913,0,0,0,1166.29,0,0,7.09478e-321,BLOCK
98.9618,0,0,0,858.758,0,0,4.96536e-321,BLOCK
98.9795,0,0,0,1392.69,0,0,3.47328e-321,BLOCK
98.9816,0,0,0,10644.5,0,0,2.4308e-321,BLOCK
99.1141,0,0,0,220.678,0,0,1.69959e-321,BLOCK
99.1538,0,0,0,352.432,0,0,1.1907e-321,BLOCK
99.1631,0,0,0,1720.61,0,0,8.34971e-322,BLOCK
99.1678,0,0,0,9967.22,0,0,5.82997e-322,BLOCK
99.2048,0,0,0,1217.8,0,0,4.10074e-322,BLOCK
99.2083,0,0,0,9824.42,0,0,2.86558e-322,BLOCK
99.3037,0,0,0,515.347,0,0,2.02567e-322,BLOCK
99.3109,0,0,0,7459.94,0,0,1.43279e-322,BLOCK
99.3174,0,0,0,7262.44,0,0,9.88131e-323,BLOCK
99.341,0,0,0,139.988,0,0,6.91692e-323,BLOCK
99.3588,0,0,0,1020.37,0,0,4.94066e-323,BLOCK
99.3901,0,0,0,898.516,0,0,3.45846e-323,BLOCK
99.4043,0,0,0,3842.89,0,0,2.47033e-323,BLOCK
99.4262,0,0,0,707.726,0,0,1.4822e-323,BLOCK
99.4465,0,0,0,2667.26,0,0,9.88131e-324,BLOCK
99.4699,0,0,0,2392.07,0,0,4.94066e-324,BLOCK
99.486,0,0,0,3074.82,0,0,4.94066e-324,BLOCK
99.4955,0,0,0,3759.35,0,0,4.94066e-324,BLOCK
99.5432,0,0,0,310.781,0,0,4.94066e-324,BLOCK
99.545,0,19,0,0,1,1,1,ACCEPT
99.5531,0,0,0,3386.12,99.5531,0,0,0,3386.09,0,99.5568,0,0,0,6670.23,99.5568,0,0,0,6670.16,0,99.5707,0,0,0,2948.37,99.5707,0,0,0,2948.39,0,99.6538,0,0,0,500.649,99.6538,0,0,0,500.649,0,99.6897,0,0,0,1520.68,99.6897,0,0,0,1520.68,0,99.7106,0,0,0,4490.01,99.7106,0,0,0,4490,0,0,499.7477,0,0,0,1235.99.7477,0,0,0,1235.24,0,0,499.7988,0,0,0,131.499.7988,0,0,0,131.494,0,0,499.8161,0,0,0,2906.99.8161,0,0,0,2906.17,0,0,499.8823,0,0,0,868.086,0,0,4.94066e-324,BLOCK
99.8835,0,0,0,16276.6,0,0,4.94066e-324,BLOCK
99.913,0,0,0,1006.05,0,0,4.94066e-324,BLOCK
99.9618,0,0,0,745.23,0,0,4.94066e-324,BLOCK
99.9795,0,0,0,1838.96,0,0,4.94066e-324,BLOCK
99.9816,0,0,0,9267.15,0,0,4.94066e-324,BLOCK
OCK
99.9816,0,0,0,9267,0,0,4.94066e-324,BLOCK
