node_id,position_x,position_y,speed,direction,acceleration,packet_sent,packet_received,packet_drop_ratio,latency,message_retransmission_count,signal_strength,trust_score,neighbor_trust_score_avg,historical_trust_score,false_packet_injection,blackhole_attack_attempts,sybil_attack_attempts,denial_of_service,is_malicious
2,86.252922,111.438457,0.0,90.641021,0.0,2,2,0.0,24.77,1,-83.917459,0.9557,0.9345,0.950855,0,0,0,0,0
1,131.89,68.429802,0.0,179.773087,0.0,2,2,0.0,26.92,1,-84.736888,0.95294,0.92,0.950441,0,0,0,0,0
3,30.058877,77.384914,0.0,359.495316,0.0,2,2,0.0,41.4,2,-78.750816,0.94634,0.918,0.949451,0,0,0,0,0
2,86.228304,109.238107,2.199685,90.641021,2.199684,3,3,0.0,31.26,1,-84.596384,0.95951,0.940375,0.952153,0,0,0,0,0
1,130.05457,68.422533,1.83543,179.773087,1.835429,3,3,0.0,30.17,2,-84.771408,0.947798,0.92025,0.950045,0,0,0,0,0
3,32.387366,77.405425,2.329001,359.495316,2.329,3,3,0.0,30.73,2,-75.110799,0.943058,0.9165,0.948492,0,0,0,0,0
2,114.184962,83.364296,0.0,90.641021,-2.199684,4,4,0.0,44.72,2,-84.094777,0.689957,0.719781,0.912824,3,0,0,0,1
1,126.772775,68.409536,3.281795,179.773087,1.446364,4,4,0.0,43.43,2,-85.734949,0.944619,0.919437,0.949231,0,0,0,0,0
3,-6.597069,38.440797,4.016449,359.495316,1.687447,12,4,0.666667,32.37,1,-81.839651,0.675741,0.698375,0.907579,2,1,0,0,1
2,114.120078,77.565111,0.0,90.641021,0.0,5,5,0.0,43.63,2,-82.230451,0.50127,0.551336,0.851091,5,0,0,0,1
1,122.058008,68.390863,4.714767,179.773087,1.432972,5,5,0.0,46.56,1,-85.069933,0.950613,0.925828,0.949438,0,0,0,0,0
4,131.89,68.429802,0.0,179.773087,0.0,2,2,0.0,52.31,2,-85.836888,0.946514,0.925,0.949477,0,0,0,0,0
3,-13.608124,11.493551,5.990264,359.495316,1.9738,14,5,0.642857,42.63,2,-85.851907,0.487718,0.534781,0.8446,3,2,0,0,1
2,114.030387,69.548648,0.0,90.641021,0.0,6,6,0.0,19.95,0,-83.199069,0.369189,0.427002,0.778805,7,0,0,0,1
1,115.983977,68.366808,6.074031,179.773087,1.359279,6,6,0.0,18.14,0,-83.510902,0.960209,0.925121,0.951054,0,0,0,0,0
4,130.479052,68.424214,1.410948,179.773087,1.410945,3,3,0.0,44.76,1,-84.237987,0.95224,0.93275,0.949892,0,0,0,0,0
2,113.976792,64.758384,0.0,90.641021,0.0,7,7,0.0,36.26,0,-80.664706,0.276732,0.332251,0.703494,9,0,0,0,1
5,131.89,68.429802,0.0,179.773087,0.0,2,2,0.0,34.26,1,-84.996888,0.95276,0.9175,0.950414,0,0,0,0,0
1,114.409946,68.360574,1.574031,179.773087,-4.499987,7,7,0.0,35.2,2,-81.320997,0.953186,0.924341,0.951374,0,0,0,0,0
4,127.579964,87.612404,2.950359,179.773137,1.539416,4,4,0.0,22.06,0,-85.891091,0.683968,0.714813,0.910003,1,0,0,0,1
3,120.722571,18.646211,9.693906,359.495316,1.851827,14,6,0.571429,45.69,2,-84.699107,0.356103,0.413336,0.771326,4,3,0,0,1
2,113.958359,63.11093,0.0,90.641021,0.0,8,8,0.0,20.47,0,-80.642066,0.269913,0.261939,0.638457,9,0,0,0,1
5,129.336656,68.41969,2.553344,179.773087,2.553332,3,3,0.0,21.59,0,-83.72803,0.961952,0.914125,0.952145,0,0,0,0,0
1,114.409946,68.360574,0.0,179.773087,-1.574024,8,8,0.0,45.53,1,-80.840997,0.95499,0.918506,0.951916,0,0,0,0,0
4,122.09174,87.590673,5.487016,179.773137,2.536666,5,5,0.0,34.19,1,-84.951739,0.554978,0.552109,0.856749,1,0,0,0,1
3,17.308507,54.73065,9.588047,359.495316,-0.105858,19,7,0.631579,29.7,1,-79.048436,0.264872,0.327002,0.695358,6,4,0,0,1
2,113.954027,62.723707,0.0,90.641021,0.0,9,9,0.0,35.99,2,-82.851524,0.265139,0.215454,0.582459,9,0,0,0,1
5,125.082598,68.402842,16.254059,179.773087,6.0,4,4,0.0,51.95,2,-82.465387,0.690766,0.697094,0.912938,1,0,0,0,1
1,114.409946,68.360574,0.0,179.773087,0.0,9,9,0.0,25.05,0,-82.580997,0.966633,0.928129,0.954124,0,0,0,0,0
4,115.042226,87.562761,7.047963,179.773137,1.560952,6,6,0.0,52.91,2,-82.39419,0.464684,0.431582,0.797939,1,0,0,0,1
2,113.951343,62.48384,0.0,90.641021,0.0,10,10,0.0,30.56,1,-80.809041,0.261797,0.17734,0.53436,9,0,0,0,1
5,122.390022,71.592231,14.679366,179.773137,-1.574689,5,5,0.0,23.15,0,-84.275159,0.500936,0.53757,0.851138,2,0,0,0,1
1,114.409946,68.360574,0.0,179.773087,0.0,10,10,0.0,22.51,1,-83.190997,0.965063,0.929847,0.955765,0,0,0,0,0
4,105.768066,87.526039,9.272121,179.773137,2.224152,7,7,0.0,44.24,2,-81.787513,0.401479,0.333937,0.73847,1,0,0,0,1
3,27.256022,28.046739,4.914053,296.918435,-2.336998,22,8,0.636364,37.68,2,-75.58693,0.20011,0.261001,0.62107,7,5,0,0,1
2,113.951264,62.47676,0.0,90.641021,0.0,11,11,0.0,34.79,0,-82.218675,0.259458,0.147005,0.493125,9,0,0,0,1
5,118.046957,71.575034,16.34211,179.773137,1.662749,6,6,0.0,29.63,1,-83.185463,0.368056,0.416428,0.778675,3,0,0,0,1
1,114.409946,68.360574,0.0,179.773087,0.0,11,11,0.0,47.9,2,-80.930997,0.955984,0.925385,0.955798,0,0,0,0,0
4,94.777322,87.482521,10.988326,179.773137,1.716198,8,8,0.0,38.19,0,-79.87236,0.357235,0.269702,0.681285,1,0,0,0,1
3,120.395833,48.568754,5.52838,270.659842,0.614328,25,9,0.64,39.4,2,-82.74929,0.154777,0.208751,0.551127,8,6,0,0,1
2,113.951206,62.471599,0.0,90.641021,0.0,12,12,0.0,35.4,2,-82.378408,0.257821,0.126504,0.457829,9,0,0,0,1
5,111.131427,71.547652,18.914009,179.773137,2.571903,7,7,0.0,52.36,2,-82.013684,0.275039,0.329571,0.70313,4,0,0,0,1
1,114.409946,68.360574,0.0,179.773087,0.0,12,12,0.0,39.14,2,-82.790997,0.951609,0.932539,0.955169,0,0,0,0,0
4,81.270557,87.40591,13.541334,179.64683,2.553012,9,9,0.0,27.98,0,-77.972155,0.326265,0.215027,0.628032,1,0,0,0,1
2,113.951203,62.471331,0.0,90.641021,0.0,13,13,0.0,33.72,2,-80.338395,0.256674,0.112628,0.427656,9,0,0,0,1
5,102.852676,71.514872,20.27693,179.773137,1.362916,8,8,0.0,40.01,1,-79.328719,0.209927,0.262428,0.62915,5,0,0,0,1
1,114.409946,68.360574,0.0,179.773087,0.0,13,13,0.0,27.55,0,-80.650997,0.960726,0.925904,0.956003,0,0,0,0,0
4,67.302586,87.31085,13.995483,179.54831,0.45415,10,10,0.0,29.58,1,-78.177039,0.304585,0.17227,0.579515,1,0,0,0,1
2,113.951203,62.471331,0.0,90.641021,0.0,14,14,0.0,48.29,2,-80.928395,0.255872,0.101971,0.401888,9,0,0,0,1
5,92.241111,71.472855,22.60923,179.773137,2.332304,9,9,0.0,39.23,2,-76.528352,0.164349,0.209571,0.559429,6,0,0,0,1
1,114.409946,68.360574,0.0,179.773087,0.0,14,14,0.0,28.83,0,-83.670997,0.967948,0.925428,0.957795,0,0,0,0,0
4,53.126947,87.185756,14.190406,179.495427,0.194923,11,11,0.0,19.31,0,-77.558878,0.28941,0.143953,0.535999,1,0,0,0,1
2,113.951203,62.471331,0.0,90.641021,0.0,15,15,0.0,34.73,1,-80.528395,0.25531,0.089728,0.379902,9,0,0,0,1
5,79.938697,71.398612,24.302256,179.64683,1.69303,10,10,0.0,25.45,0,-72.991794,0.132444,0.168678,0.495382,7,0,0,0,1
1,114.409946,68.360574,0.0,179.773087,0.0,15,15,0.0,42.9,2,-82.210997,0.958364,0.920071,0.95788,0,0,0,0,0
4,38.60236,87.057842,14.524587,179.495427,0.334182,12,12,0.0,23.86,0,-77.747094,0.278787,0.124714,0.497417,1,0,0,0,1
2,113.951203,62.471331,0.0,90.641021,0.0,16,16,0.0,31.29,0,-82.998395,0.254917,0.081796,0.361154,9,0,0,0,1
5,65.872604,71.299864,26.066093,179.508829,1.76382,11,11,0.0,37.98,2,-72.324284,0.110111,0.139509,0.437591,8,0,0,0,1
1,114.409946,68.360574,0.0,179.773087,0.0,16,16,0.0,37.86,0,-81.960997,0.968455,0.930553,0.959466,0,0,0,0,0
4,25.285621,86.940566,13.316739,179.495427,-1.207845,13,13,0.0,47.51,2,-78.817116,0.271351,0.111786,0.463507,1,0,0,0,1
2,113.951203,62.471331,0.0,90.641021,0.0,17,17,0.0,27.05,0,-82.148395,0.254642,0.076097,0.345177,9,0,0,0,1
5,52.567311,71.182689,25.305293,179.495427,-0.760808,12,12,0.0,46.04,1,-71.497184,0.094478,0.119382,0.386124,9,0,0,0,1
1,114.409946,68.360574,0.0,179.773087,0.0,17,17,0.0,28.67,1,-83.770997,0.965618,0.928665,0.960389,0,0,0,0,0
2,113.951203,62.471331,0.0,90.641021,0.0,18,18,0.0,39.34,2,-79.938395,0.254449,0.071573,0.331568,9,0,0,0,1
5,39.055477,71.063694,25.511833,179.495427,0.206538,13,13,0.0,38.72,0,-71.926008,0.083534,0.106786,0.340736,10,0,0,0,1
1,114.409946,68.360574,0.0,179.773087,0.0,18,18,0.0,35.8,2,-83.680997,0.958773,0.932999,0.960147,0,0,0,0,0
2,113.951203,62.471331,0.0,90.641021,0.0,19,19,0.0,28.0,0,-81.158395,0.254315,0.06993,0.31998,9,0,0,0,1
5,26.031708,70.948998,25.023769,179.495427,-0.488067,14,14,0.0,32.49,0,-75.877265,0.075874,0.09009,0.301006,11,0,0,0,1
1,114.409946,68.360574,0.0,179.773087,0.0,19,19,0.0,36.63,2,-81.850997,0.953621,0.939249,0.959168,0,0,0,0,0
2,113.951203,62.471331,0.0,90.641021,0.0,20,20,0.0,32.86,0,-83.128395,0.25422,0.065447,0.310116,9,0,0,0,1
1,114.409946,68.360574,0.0,179.773087,0.0,20,20,0.0,27.04,1,-81.810997,0.958475,0.943937,0.959064,0,0,0,0,0
2,113.951203,62.471331,0.0,90.641021,0.0,21,21,0.0,28.0,0,-81.698395,0.254154,0.062835,0.301722,9,0,0,0,1
1,114.409946,68.360574,0.0,179.773087,0.0,21,21,0.0,27.79,1,-83.290997,0.958572,0.939703,0.95899,0,0,0,0,0
2,113.951203,62.471331,0.0,90.641021,0.0,22,22,0.0,42.67,1,-81.648395,0.254108,0.063127,0.29458,9,0,0,0,1
1,114.409946,68.360574,0.0,179.773087,0.0,22,22,0.0,24.54,1,-82.980997,0.958761,0.933527,0.958956,0,0,0,0,0
2,113.951203,62.471331,0.0,90.641021,0.0,23,23,0.0,29.02,1,-81.958395,0.254076,0.063845,0.288504,9,0,0,0,1
1,114.409946,68.360574,0.0,179.773087,0.0,23,23,0.0,32.92,2,-82.580997,0.954212,0.936645,0.958244,0,0,0,0,0
2,113.951203,62.471331,0.0,90.641021,0.0,24,24,0.0,46.08,1,-80.158395,0.254053,0.067384,0.283336,9,0,0,0,1
6,30.058877,77.384914,0.0,359.495316,0.0,2,2,0.0,27.58,0,-76.840816,0.96038,0.91775,0.951557,0,0,0,0,0
1,114.409946,68.360574,0.0,179.773087,0.0,24,24,0.0,35.83,0,-82.200997,0.963029,0.929484,0.958962,0,0,0,0,0
2,113.951203,62.471331,0.0,90.641021,0.0,25,25,0.0,31.96,0,-80.608395,0.254037,0.062538,0.278942,9,0,0,0,1
6,31.674484,74.198881,1.585956,359.495316,1.585953,3,3,0.0,19.96,0,-76.906519,0.969746,0.932063,0.954285,0,0,0,0,0
1,114.409946,68.360574,0.0,179.773087,0.0,25,25,0.0,37.53,2,-83.770997,0.9551,0.923613,0.958383,0,0,0,0,0
2,113.951203,62.471331,0.0,90.641021,0.0,26,26,0.0,26.02,0,-82.188395,0.254026,0.065903,0.275204,9,0,0,0,1
6,35.187178,74.229823,9.513468,359.495316,6.0,4,4,0.0,26.36,1,-75.364222,0.921218,0.925047,0.949325,0,0,0,0,1
1,114.409946,68.360574,0.0,179.773087,0.0,26,26,0.0,27.54,0,-82.970997,0.96365,0.92396,0.959173,0,0,0,0,0
2,113.951203,62.471331,0.0,90.641021,0.0,27,27,0.0,30.06,2,-81.918395,0.254018,0.064927,0.272026,9,0,0,0,1
6,40.429666,74.276002,0.0,359.495316,-9.0,5,5,0.0,39.89,2,-74.800785,0.661353,0.704285,0.906129,1,0,0,0,1
1,114.409946,68.360574,0.0,179.773087,0.0,27,27,0.0,34.5,0,-80.400997,0.971615,0.92747,0.961039,0,0,0,0,0
2,113.951203,62.471331,0.0,90.641021,0.0,28,28,0.0,16.01,0,-81.528395,0.254013,0.062446,0.269324,9,0,0,0,1
6,47.040801,74.334237,0.612591,359.495316,0.61259,6,6,0.0,40.77,2,-74.208795,0.521154,0.544214,0.848383,1,0,0,0,1
1,114.409946,68.360574,0.0,179.773087,0.0,28,28,0.0,39.14,2,-82.360997,0.960631,0.926602,0.960978,0,0,0,0,0
2,113.951203,62.471331,0.0,90.641021,0.0,29,29,0.0,36.27,2,-83.288395,0.254009,0.061834,0.267027,9,0,0,0,1
6,56.010931,74.413252,0.972106,359.495316,0.359519,7,7,0.0,25.67,1,-71.493061,0.411017,0.42516,0.782778,1,0,0,0,1
1,114.409946,68.360574,0.0,179.773087,0.0,29,29,0.0,21.93,0,-82.820997,0.968481,0.930702,0.962103,0,0,0,0,0
2,113.951203,62.471331,0.0,90.641021,0.0,30,30,0.0,25.4,1,-83.258395,0.254006,0.061626,0.265074,9,0,0,0,1
6,65.970719,74.500984,15.961982,359.495316,6.0,8,8,0.0,24.92,0,-72.277133,0.304212,0.32887,0.710993,2,0,0,0,1
1,114.409946,68.360574,0.0,179.773087,0.0,30,30,0.0,32.11,0,-82.100997,0.973797,0.933026,0.963857,0,0,0,0,0
2,113.951203,62.471331,0.0,90.641021,0.0,31,31,0.0,29.46,0,-81.688395,0.254004,0.057969,0.263413,9,0,0,0,1
6,71.893344,74.338116,9.938445,1.966401,-6.023485,9,9,0.0,49.74,2,-71.869724,0.283067,0.260903,0.646804,2,0,0,0,1
1,114.409946,68.360574,0.0,179.773087,0.0,31,31,0.0,36.55,2,-82.550997,0.964138,0.93977,0.963899,0,0,0,0,0
2,113.951203,62.471331,0.0,90.641021,0.0,32,32,0.0,38.66,0,-80.378395,0.254003,0.061477,0.262002,9,0,0,0,1
6,78.862077,71.94615,2.527432,24.694037,-7.411088,10,10,0.0,15.97,0,-75.860121,0.214647,0.208177,0.581981,3,0,0,0,1
1,114.409946,68.360574,0.0,179.773087,0.0,32,32,0.0,35.81,0,-83.670997,0.970277,0.934827,0.964856,0,0,0,0,0
2,113.951203,62.471331,0.0,90.641021,0.0,33,33,0.0,40.86,1,-82.558395,0.254002,0.059608,0.260802,9,0,0,0,1
6,82.222908,63.685407,13.259333,78.934386,6.0,11,11,0.0,41.79,1,-73.489973,0.168553,0.168633,0.519966,4,0,0,0,1
1,114.409946,68.360574,0.0,179.773087,0.0,33,33,0.0,44.74,1,-83.760997,0.968694,0.93262,0.965432,0,0,0,0,0
2,113.951203,62.471331,0.0,90.641021,0.0,34,34,0.0,44.37,2,-82.268395,0.254001,0.056706,0.259782,9,0,0,0,1
6,82.211454,54.968033,12.728998,91.30091,-0.530337,12,12,0.0,40.56,1,-70.179203,0.136287,0.140725,0.462415,5,0,0,0,1
1,114.409946,68.360574,0.0,179.773087,0.0,34,34,0.0,22.99,0,-82.470997,0.973705,0.927465,0.966673,0,0,0,0,0
2,113.951203,62.471331,0.0,90.641021,0.0,35,35,0.0,32.18,1,-80.608395,0.254001,0.058779,0.258915,9,0,0,0,1
6,81.961586,43.965038,4.005934,91.30091,-8.723101,13,13,0.0,15.87,0,-70.850338,0.113701,0.117793,0.410107,7,0,0,0,1
1,114.409946,68.360574,0.0,179.773087,0.0,35,35,0.0,26.78,1,-83.440997,0.972414,0.940849,0.967534,0,0,0,0,0
2,113.951203,62.471331,0.0,90.641021,0.0,36,36,0.0,25.5,0,-81.728395,0.254001,0.058834,0.258178,9,0,0,0,1
6,81.673046,31.259085,16.709347,91.30091,6.0,14,14,0.0,35.24,2,-74.27199,0.097891,0.106595,0.363275,8,0,0,0,1
1,114.409946,68.360574,0.0,179.773087,0.0,36,36,0.0,31.93,1,-82.680997,0.96917,0.940137,0.967779,0,0,0,0,0
2,113.951203,62.471331,0.0,90.641021,0.0,37,37,0.0,40.39,1,-81.608395,0.254001,0.056376,0.257551,9,0,0,0,1
1,114.409946,68.360574,0.0,179.773087,0.0,37,37,0.0,34.94,1,-82.090997,0.966599,0.932603,0.967602,0,0,0,0,0
2,113.951203,62.471331,0.0,90.641021,0.0,38,38,0.0,32.42,0,-80.338395,0.254,0.060032,0.257018,9,0,0,0,1
1,114.409946,68.360574,0.0,179.773087,0.0,38,38,0.0,44.71,2,-82.520997,0.957839,0.929702,0.966138,0,0,0,0,0
7,30.058877,77.384914,0.0,359.495316,0.0,2,2,0.0,34.01,2,-76.950816,0.94826,0.9305,0.949739,0,0,0,0,0
2,113.951203,62.471331,0.0,90.641021,0.0,39,39,0.0,30.04,2,-81.338395,0.254,0.062524,0.256566,9,0,0,0,1
1,114.409946,68.360574,0.0,179.773087,0.0,39,39,0.0,40.31,2,-81.620997,0.951647,0.932776,0.963964,0,0,0,0,0
7,32.435844,77.405852,2.37749,359.495316,2.377486,3,3,0.0,33.39,1,-75.290642,0.954542,0.935375,0.950459,0,0,0,0,0
2,113.951203,62.471331,0.0,90.641021,0.0,40,40,0.0,46.68,2,-80.738395,0.254,0.062143,0.256181,9,0,0,0,1
1,114.409946,68.360574,0.0,179.773087,0.0,40,40,0.0,37.62,0,-82.990997,0.963093,0.936082,0.963834,0,0,0,0,0
7,36.311758,77.439993,0.0,359.495316,-2.377486,4,4,0.0,46.04,1,-76.540433,0.684679,0.715531,0.910592,1,0,0,0,1
2,113.951203,62.471331,0.0,90.641021,0.0,41,41,0.0,37.09,0,-80.508395,0.254,0.060857,0.255854,9,0,0,0,1
1,114.409946,68.360574,0.0,179.773087,0.0,41,41,0.0,46.11,1,-82.860997,0.964385,0.943812,0.963916,0,0,0,0,0
7,42.346675,77.493153,0.0,359.495316,0.0,5,5,0.0,32.68,2,-75.628557,0.495776,0.552898,0.84837,2,0,0,0,1
2,113.951203,62.471331,0.0,90.641021,0.0,42,42,0.0,26.94,0,-80.928395,0.254,0.063393,0.255576,9,0,0,0,1
1,114.409946,68.360574,0.0,179.773087,0.0,42,42,0.0,37.41,2,-80.710997,0.95617,0.942859,0.962754,0,0,0,0,0
7,49.819971,77.558982,0.0,359.495316,0.0,6,6,0.0,27.18,0,-73.832497,0.363543,0.432924,0.775646,3,0,0,0,1
2,113.951203,62.471331,0.0,90.641021,0.0,43,43,0.0,48.32,2,-79.988395,0.254,0.063045,0.255339,9,0,0,0,1
8,30.058877,77.384914,0.0,359.495316,0.0,2,2,0.0,37.3,1,-78.150816,0.95438,0.92425,0.950657,0,0,0,0,0
1,114.409946,68.360574,0.0,179.773087,0.0,43,43,0.0,36.86,1,-80.800997,0.958699,0.943644,0.962146,0,0,0,0,0
7,59.541079,77.644612,0.0,359.495316,0.0,7,7,0.0,37.25,2,-74.141518,0.27098,0.336693,0.699946,4,0,0,0,1
2,113.951203,62.471331,0.0,90.641021,0.0,44,44,0.0,31.82,0,-80.538395,0.254,0.060784,0.255138,9,0,0,0,1
8,31.790149,74.1999,1.701646,359.495316,1.701651,3,3,0.0,31.85,2,-74.839058,0.950486,0.927687,0.950631,0,0,0,0,0
1,114.409946,68.360574,0.0,179.773087,0.0,44,44,0.0,22.73,1,-83.800997,0.958969,0.933483,0.961669,0,0,0,0,0
7,66.399693,77.705027,0.0,359.495316,0.0,8,8,0.0,37.18,1,-73.623824,0.206186,0.26677,0.625882,5,0,0,0,1
2,113.951203,62.471331,0.0,90.641021,0.0,45,45,0.0,15.05,0,-82.068395,0.254,0.058088,0.254968,9,0,0,0,1
8,35.723814,74.23455,0.0,359.495316,-1.701641,4,4,0.0,53.54,2,-75.247989,0.68184,0.708516,0.910313,1,0,0,0,1
1,114.409946,68.360574,0.0,179.773087,0.0,45,45,0.0,36.35,0,-83.200997,0.968818,0.943112,0.962742,0,0,0,0,0
7,69.354408,77.731054,0.0,359.495316,0.0,9,9,0.0,37.55,0,-73.923873,0.22053,0.212577,0.565079,5,0,0,0,1
2,113.951203,62.471331,0.0,90.641021,0.0,46,46,0.0,34.35,0,-82.468395,0.254,0.055066,0.254823,9,0,0,0,1
8,35.723814,74.23455,0.0,359.495316,0.0,5,5,0.0,18.99,0,-75.337989,0.493788,0.541387,0.847834,2,0,0,0,1
1,114.409946,68.360574,0.0,179.773087,0.0,46,46,0.0,39.63,1,-83.630997,0.968993,0.953084,0.963679,0,0,0,0,0
7,69.367588,77.73117,0.0,359.495316,0.0,10,10,0.0,15.1,0,-74.565805,0.230571,0.178433,0.514903,5,0,0,0,1
2,113.979289,61.167963,0.0,90.151997,0.0,47,47,0.0,39.68,2,-81.082715,0.254,0.054049,0.254699,9,0,0,0,1
8,35.723814,74.23455,0.0,359.495316,0.0,6,6,0.0,16.46,0,-74.267989,0.362152,0.42079,0.774982,3,0,0,0,1
1,114.409946,68.360574,0.0,179.773087,0.0,47,47,0.0,39.34,0,-80.570997,0.976015,0.957063,0.96553,0,0,0,0,0
7,69.368842,77.731181,0.0,359.495316,0.0,11,11,0.0,37.33,0,-73.815989,0.2376,0.151825,0.473308,5,0,0,0,1
2,114.996503,57.770692,0.0,77.669993,0.0,48,48,0.0,32.63,1,-82.263083,0.1961,0.057287,0.245909,11,0,0,0,1
8,35.723814,74.23455,0.0,359.495316,0.0,7,7,0.0,20.23,0,-76.747989,0.270006,0.334093,0.699235,4,0,0,0,1
1,114.409946,68.360574,0.0,179.773087,0.0,48,48,0.0,37.47,1,-81.590997,0.973251,0.951797,0.966688,0,0,0,0,0
7,69.369067,77.731183,0.0,359.495316,0.0,12,12,0.0,31.54,0,-75.236022,0.24252,0.132369,0.438689,5,0,0,0,1
2,120.536674,55.874106,0.0,13.011575,0.0,49,49,0.0,19.36,0,-81.999212,0.15377,0.052965,0.232088,12,0,0,0,1
8,35.723814,74.23455,0.0,359.495316,0.0,8,8,0.0,24.62,1,-76.037989,0.205504,0.266069,0.625176,5,0,0,0,1
1,114.409946,68.360574,0.0,179.773087,0.0,49,49,0.0,37.98,0,-81.780997,0.978455,0.948098,0.968453,0,0,0,0,0
7,69.369067,77.731183,0.0,359.495316,0.0,13,13,0.0,33.15,0,-74.986022,0.245964,0.116026,0.409781,5,0,0,0,1
2,128.33417,55.904987,0.0,359.773087,0.0,50,50,0.0,24.69,1,-85.19053,0.124139,0.054224,0.215896,13,0,0,0,1
8,35.723814,74.23455,0.0,359.495316,0.0,9,9,0.0,51.03,2,-76.477989,0.160353,0.212802,0.555452,6,0,0,0,1
1,114.409946,68.360574,0.0,179.773087,0.0,50,50,0.0,46.78,2,-82.460997,0.966679,0.949324,0.968187,0,0,0,0,0
7,69.36922,77.731184,0.0,359.495316,0.0,14,14,0.0,27.58,0,-73.256044,0.248375,0.10052,0.38557,5,0,0,0,1
2,138.509597,55.945286,0.0,359.773087,0.0,51,51,0.0,35.76,1,-84.467793,0.103397,0.055168,0.199021,15,0,0,0,1
8,35.723814,74.23455,0.0,359.495316,0.0,10,10,0.0,31.21,2,-74.467989,0.128747,0.176852,0.491447,7,0,0,0,1
1,114.409946,68.360574,0.0,179.773087,0.0,51,51,0.0,44.6,2,-82.930997,0.957835,0.944493,0.966634,0,0,0,0,0
7,69.36922,77.731184,0.0,359.495316,0.0,15,15,0.0,22.0,1,-75.306044,0.250062,0.08989,0.365244,5,0,0,0,1
8,35.723814,74.23455,0.0,359.495316,0.0,11,11,0.0,30.64,0,-74.257989,0.106623,0.147139,0.433723,8,0,0,0,1
1,114.409946,68.360574,0.0,179.773087,0.0,52,52,0.0,35.17,2,-82.130997,0.953505,0.948369,0.964665,0,0,0,0,0
7,69.36922,77.731184,0.0,359.495316,0.0,16,16,0.0,37.32,1,-73.226044,0.251244,0.077917,0.348144,5,0,0,0,1
8,35.723814,74.23455,0.0,359.495316,0.0,12,12,0.0,16.29,0,-75.947989,0.091136,0.127854,0.382335,9,0,0,0,1
1,114.409946,68.360574,0.0,179.773087,0.0,53,53,0.0,33.31,1,-81.370997,0.956833,0.946277,0.96349,0,0,0,0,0
7,69.36922,77.731184,0.0,359.495316,0.0,17,17,0.0,40.31,2,-75.226044,0.252071,0.069188,0.333733,5,0,0,0,1
8,35.723814,74.23455,0.0,359.495316,0.0,13,13,0.0,34.32,2,-75.277989,0.080295,0.11114,0.337029,10,0,0,0,1
1,114.409946,68.360574,0.0,179.773087,0.0,54,54,0.0,32.46,0,-83.020997,0.967083,0.944458,0.964029,0,0,0,0,0
7,69.36922,77.731184,0.0,359.495316,0.0,18,18,0.0,27.51,1,-73.336044,0.252649,0.066141,0.32157,5,0,0,0,1
8,35.723814,74.23455,0.0,359.495316,0.0,14,14,0.0,28.81,1,-75.787989,0.072707,0.099855,0.297381,11,0,0,0,1
9,30.058877,77.384914,0.0,359.495316,0.0,2,2,0.0,44.08,1,-77.550816,0.9533,0.926,0.950495,0,0,0,0,0
1,114.409946,68.360574,0.0,179.773087,0.0,55,55,0.0,39.33,0,-83.840997,0.972518,0.943343,0.965302,0,0,0,0,0
7,69.36922,77.731184,0.0,359.495316,0.0,19,19,0.0,47.16,2,-74.626044,0.253055,0.060356,0.311293,5,0,0,0,1
8,35.723814,74.23455,0.0,359.495316,0.0,15,15,0.0,39.11,1,-73.767989,0.067395,0.086142,0.262883,12,0,0,0,1
9,31.558666,74.197861,1.470112,359.495316,1.470098,3,3,0.0,31.3,1,-75.284015,0.95651,0.93025,0.951397,0,0,0,0,0
1,114.409946,68.360574,0.0,179.773087,0.0,56,56,0.0,30.66,0,-82.630997,0.977763,0.943008,0.967171,0,0,0,0,0
7,69.36922,77.731184,0.0,359.495316,0.0,20,20,0.0,27.89,0,-75.196044,0.253338,0.056517,0.3026,5,0,0,0,1
8,35.723814,74.23455,0.0,359.495316,0.0,16,16,0.0,28.1,0,-75.307989,0.063676,0.079106,0.233002,13,0,0,0,1
9,35.073209,74.228819,3.515317,359.495316,2.045226,4,4,0.0,38.78,2,-76.971082,0.952277,0.935937,0.951529,0,0,0,0,1
1,112.225244,68.351922,2.184702,179.773087,2.184696,57,57,0.0,23.38,0,-81.993629,0.979334,0.934756,0.968996,0,0,0,0,0
7,69.36922,77.731184,0.0,359.495316,0.0,21,21,0.0,30.53,1,-73.286044,0.253537,0.054388,0.29524,5,0,0,0,1
8,35.723814,74.23455,0.0,359.495316,0.0,17,17,0.0,53.0,2,-75.777989,0.061073,0.07358,0.207213,14,0,0,0,1
9,40.206452,74.274036,3.515317,359.495316,0.0,5,5,0.0,30.76,0,-75.190125,0.962934,0.939453,0.95324,0,0,0,0,1
1,108.323777,68.33647,3.901468,179.773087,1.716783,58,58,0.0,23.6,0,-79.636341,0.983014,0.945317,0.971098,0,0,0,0,0
7,69.36922,77.731184,0.0,359.495316,0.0,22,22,0.0,45.6,2,-73.796044,0.253676,0.059041,0.289006,5,0,0,0,1
8,35.723814,74.23455,0.0,359.495316,0.0,18,18,0.0,29.26,0,-73.847989,0.059251,0.074935,0.185018,15,0,0,0,1
9,46.643482,74.330738,3.515317,359.495316,0.0,6,6,0.0,32.87,1,-71.436941,0.964874,0.94609,0.954985,0,0,0,0,1
1,102.571029,68.313687,5.752748,179.773087,1.851275,59,59,0.0,24.02,0,-79.543477,0.98493,0.940988,0.973173,0,0,0,0,0
7,69.36922,77.731184,0.0,359.495316,0.0,23,23,0.0,34.98,1,-75.596044,0.253773,0.060281,0.283721,5,0,0,0,1
8,35.723814,74.23455,0.0,359.495316,0.0,19,19,0.0,22.55,0,-75.207989,0.057976,0.072701,0.165962,16,0,0,0,1
9,55.679831,74.410335,3.515317,359.495316,0.0,7,7,0.0,22.28,1,-71.154849,0.948163,0.942317,0.953962,0,0,0,0,1
1,96.152036,68.288265,6.418993,179.773087,0.666247,60,60,0.0,14.5,0,-77.786859,0.984351,0.938741,0.97485,0,0,0,0,0
7,69.36922,77.731184,0.0,359.495316,0.0,24,24,0.0,33.27,1,-73.036044,0.253841,0.06071,0.279239,5,0,0,0,1
8,35.723814,74.23455,0.0,359.495316,0.0,20,20,0.0,47.84,2,-75.377989,0.057083,0.074276,0.14963,17,0,0,0,1
9,60.217172,74.450303,3.515317,359.495316,0.0,8,8,0.0,28.59,1,-72.339252,0.951414,0.939738,0.95358,0,0,0,0,1
1,93.591447,68.278125,2.560589,179.773087,-3.858394,61,61,0.0,42.12,2,-77.785781,0.972366,0.944805,0.974477,0,0,0,0,0
10,30.058877,77.384914,0.0,359.495316,0.0,2,2,0.0,31.04,2,-75.650816,0.7448,0.70325,0.91922,0,0,1,0,0
7,69.36922,77.731184,0.0,359.495316,0.0,25,25,0.0,38.01,0,-72.976044,0.253889,0.056533,0.275436,5,0,0,0,1
8,35.723814,74.23455,0.0,359.495316,0.0,21,21,0.0,54.41,2,-76.577989,0.056458,0.068707,0.135654,18,0,0,0,1
9,61.547227,74.462019,3.515317,359.495316,0.0,9,9,0.0,43.09,2,-71.07472,0.94787,0.942054,0.952723,0,0,0,0,1
1,92.682178,68.274523,0.90927,179.773087,-1.651312,62,62,0.0,38.06,2,-78.804723,0.961456,0.938854,0.972524,0,0,0,0,0
10,31.443397,74.196846,1.354818,359.495316,1.354823,3,3,0.0,16.15,0,-76.981377,0.60116,0.545188,0.871511,0,0,2,0,0
7,69.36922,77.731184,0.0,359.495316,0.0,26,26,0.0,53.11,2,-75.086044,0.253922,0.05315,0.272209,5,0,0,0,1
8,35.723814,74.23455,0.0,359.495316,0.0,22,22,0.0,40.0,1,-74.567989,0.056021,0.06803,0.123709,19,0,0,0,1
9,61.779684,74.464067,3.515317,359.495316,0.0,10,10,0.0,33.14,0,-72.391102,0.956952,0.93929,0.953358,0,0,0,0,1
1,92.558046,68.274032,0.124132,179.773087,-0.785141,63,63,0.0,53.25,2,-76.941555,0.953609,0.941641,0.969687,0,0,0,0,0
10,34.298964,74.221999,2.856196,179.495316,1.501383,4,4,0.0,54.19,2,-74.163944,0.500612,0.427891,0.815876,0,0,3,0,1
7,69.36922,77.731184,0.0,359.495316,0.0,27,27,0.0,32.94,2,-74.476044,0.253945,0.049862,0.26947,5,0,0,0,1
8,35.723814,74.23455,0.0,359.495316,0.0,23,23,0.0,49.15,2,-75.087989,0.055715,0.069523,0.11351,20,0,0,0,1
9,61.89594,74.465091,3.515317,359.495316,0.0,11,11,0.0,16.33,0,-71.089646,0.964412,0.938968,0.955016,0,0,0,0,1
1,92.541574,68.273967,0.016472,179.773087,-0.10766,64,64,0.0,23.21,1,-77.417149,0.955706,0.93948,0.96759,0,0,0,0,0
10,39.001608,74.263423,4.70368,179.495316,1.847465,5,5,0.0,50.81,2,-73.780135,0.368728,0.339168,0.748804,1,0,4,0,1
7,69.36922,77.731184,0.0,359.495316,0.0,28,28,0.0,49.98,2,-75.766044,0.253962,0.051147,0.267143,5,0,0,0,1
8,35.723814,74.23455,0.0,359.495316,0.0,24,24,0.0,47.83,2,-76.077989,0.0555,0.071642,0.104809,21,0,0,0,1
9,61.899078,74.465119,3.515317,359.495316,0.0,12,12,0.0,16.05,0,-70.27988,0.967395,0.936976,0.956873,0,0,0,0,1
1,92.54124,68.273965,0.000334,179.773087,-0.016138,65,65,0.0,33.83,2,-75.99706,0.951774,0.93936,0.965217,0,0,0,0,0
10,45.929448,74.324448,6.929365,179.495316,2.225706,6,6,0.0,21.27,0,-74.333586,0.27641,0.269376,0.677945,2,0,5,0,1
7,69.36922,77.731184,0.0,359.495316,0.0,29,29,0.0,17.11,0,-73.226044,0.253973,0.05586,0.265168,5,0,0,0,1
8,35.723814,74.23455,0.0,359.495316,0.0,25,25,0.0,38.0,1,-73.447989,0.05535,0.072231,0.09739,22,0,0,0,1
9,61.899533,74.465123,3.515317,359.495316,0.0,13,13,0.0,34.92,0,-72.369913,0.971328,0.940982,0.959041,0,0,0,0,1
1,92.541092,68.273965,0.000147,179.773087,-0.000187,66,66,0.0,25.83,1,-77.657021,0.957182,0.94502,0.964012,0,0,0,0,0
10,51.905983,74.377093,5.977851,179.495316,-0.951503,7,7,0.0,49.06,2,-70.425672,0.211787,0.217282,0.608021,3,0,6,0,1
7,69.36922,77.731184,0.0,359.495316,0.0,30,30,0.0,19.61,0,-72.576044,0.253981,0.053645,0.26349,5,0,0,0,1
8,35.723814,74.23455,0.0,359.495316,0.0,26,26,0.0,39.29,1,-73.867989,0.055245,0.069674,0.091068,23,0,0,0,1
9,61.899744,74.465124,3.515317,359.495316,0.0,14,14,0.0,29.52,2,-72.039929,0.957879,0.933486,0.958867,0,0,0,0,1
1,92.541092,68.273965,0.0,179.773087,-0.000147,67,67,0.0,33.83,1,-76.557021,0.958447,0.937265,0.963177,0,0,0,0,0
10,54.262407,74.39785,2.356944,179.495316,-3.620915,8,8,0.0,54.46,2,-70.657661,0.224451,0.177461,0.550486,3,0,7,0,1
7,69.36922,77.731184,0.0,359.495316,0.0,31,31,0.0,31.76,0,-72.446044,0.253987,0.058734,0.262064,5,0,0,0,1
8,35.723814,74.23455,0.0,359.495316,0.0,27,27,0.0,24.35,0,-76.877989,0.055172,0.069255,0.085684,24,0,0,0,1
9,61.89985,74.465125,3.515317,359.495316,0.0,15,15,0.0,37.29,1,-72.029937,0.958364,0.941865,0.958791,0,0,0,0,1
1,92.541092,68.273965,0.0,179.773087,0.0,68,68,0.0,36.24,1,-76.517021,0.959453,0.930199,0.962619,0,0,0,0,0
10,54.342877,74.398559,0.080487,179.495316,-2.276478,9,9,0.0,34.6,2,-73.20257,0.233316,0.143096,0.50291,3,0,8,0,1
7,69.36922,77.731184,0.0,359.495316,0.0,32,32,0.0,42.39,2,-72.746044,0.253991,0.05905,0.260853,5,0,0,0,1
8,35.723814,74.23455,0.0,359.495316,0.0,28,28,0.0,38.88,2,-74.677989,0.05512,0.071191,0.081099,25,0,0,0,1
9,61.89985,74.465125,3.515317,359.495316,0.0,16,16,0.0,36.6,2,-70.539937,0.949163,0.940149,0.957347,0,0,0,0,1
1,92.541092,68.273965,0.0,179.773087,0.0,69,69,0.0,33.41,0,-77.027021,0.967297,0.932149,0.963321,0,0,0,0,0
10,54.396425,74.39903,0.05356,179.495316,-0.026927,10,10,0.0,17.79,0,-72.349246,0.239521,0.125072,0.463402,3,0,9,0,1
7,69.36922,77.731184,0.0,359.495316,0.0,33,33,0.0,30.45,0,-74.346044,0.253994,0.059038,0.259824,5,0,0,0,1
8,35.723814,74.23455,0.0,359.495316,0.0,29,29,0.0,38.54,1,-74.827989,0.055084,0.069894,0.077197,26,0,0,0,1
9,61.89985,74.465125,3.515317,359.495316,0.0,17,17,0.0,54.19,2,-70.549937,0.939608,0.933361,0.954686,0,0,0,0,1
1,92.541092,68.273965,0.0,179.773087,0.0,70,70,0.0,36.13,0,-77.227021,0.972128,0.933112,0.964642,0,0,0,0,0
10,54.398719,74.399051,0.002294,179.495316,-0.051265,11,11,0.0,44.49,2,-73.169105,0.243865,0.111554,0.430471,3,0,10,0,1
7,69.36922,77.731184,0.0,359.495316,0.0,34,34,0.0,46.92,2,-75.556044,0.253996,0.056778,0.25895,5,0,0,0,1
8,35.723814,74.23455,0.0,359.495316,0.0,30,30,0.0,35.49,1,-76.097989,0.055059,0.07117,0.073876,27,0,0,0,1
9,61.89985,74.465125,3.515317,359.495316,0.0,18,18,0.0,14.61,0,-71.539937,0.950074,0.929271,0.953994,0,0,0,0,1
1,92.541092,68.273965,0.0,179.773087,0.0,71,71,0.0,37.37,2,-75.617021,0.96387,0.936334,0.964526,0,0,0,0,0
10,54.399726,74.399059,0.001008,179.495316,-0.001287,12,12,0.0,18.04,0,-72.099043,0.246905,0.094666,0.402936,3,0,11,0,1
7,69.36922,77.731184,0.0,359.495316,0.0,35,35,0.0,42.09,2,-74.306044,0.253997,0.058334,0.258207,5,0,0,0,1
8,35.723814,74.23455,0.0,359.495316,0.0,31,31,0.0,39.12,1,-75.977989,0.055041,0.070628,0.071051,28,0,0,0,1
9,61.89985,74.465125,3.515317,359.495316,0.0,19,19,0.0,31.83,2,-71.769937,0.9445,0.932703,0.95257,0,0,0,0,1
1,92.541092,68.273965,0.0,179.773087,0.0,72,72,0.0,36.87,1,-76.897021,0.963429,0.9395,0.964361,0,0,0,0,0
10,54.400319,74.399065,0.000593,179.495316,-0.000415,13,13,0.0,25.6,0,-71.569006,0.249034,0.082249,0.379851,3,0,12,0,1
7,69.36922,77.731184,0.0,359.495316,0.0,36,36,0.0,48.61,2,-74.956044,0.253998,0.063,0.257576,5,0,0,0,1
8,35.723814,74.23455,0.0,359.495316,0.0,32,32,0.0,42.66,2,-75.977989,0.055029,0.065971,0.068648,29,0,0,0,1
9,61.89985,74.465125,3.515317,359.495316,0.0,20,20,0.0,40.55,2,-71.449937,0.939638,0.932527,0.95063,0,0,0,0,1
1,92.541092,68.273965,0.0,179.773087,0.0,73,73,0.0,23.28,0,-77.177021,0.97062,0.938875,0.9653,0,0,0,0,0
10,54.400436,74.399066,0.000117,179.495316,-0.000476,14,14,0.0,25.53,1,-70.538999,0.250524,0.078187,0.360452,3,0,13,0,1
7,69.36922,77.731184,0.0,359.495316,0.0,37,37,0.0,34.86,2,-74.356044,0.253998,0.06375,0.257039,5,0,0,0,1
8,35.723814,74.23455,0.0,359.495316,0.0,33,33,0.0,26.17,1,-73.867989,0.05502,0.065478,0.066603,30,0,0,0,1
9,61.89985,74.465125,3.515317,359.495316,0.0,21,21,0.0,31.8,1,-70.429937,0.942415,0.931896,0.949398,0,0,0,0,1
11,30.058877,77.384914,0.0,359.495316,0.0,2,2,0.0,23.87,0,-76.210816,0.96278,0.92675,0.951917,0,0,0,0,0
1,92.541092,68.273965,0.0,179.773087,0.0,74,74,0.0,28.81,0,-77.517021,0.977454,0.948156,0.967123,0,0,0,0,0
10,54.400436,74.399066,0.0,179.495316,-0.000117,15,15,0.0,45.58,2,-72.738999,0.251566,0.07589,0.344119,3,0,14,0,1
7,69.36922,77.731184,0.0,359.495316,0.0,38,38,0.0,38.72,0,-74.366044,0.253999,0.060563,0.256583,5,0,0,0,1
8,35.723814,74.23455,0.0,359.495316,0.0,34,34,0.0,35.09,2,-75.137989,0.055014,0.059359,0.064865,31,0,0,0,1
9,61.89985,74.465125,3.515317,359.495316,0.0,22,22,0.0,45.21,2,-73.249937,0.939198,0.932672,0.947868,0,0,0,0,1
11,32.102605,77.402917,2.044178,359.495316,2.044182,3,3,0.0,35.41,2,-77.770508,0.954686,0.921563,0.952332,0,0,0,0,0
1,92.541092,68.273965,0.0,179.773087,0.0,75,75,0.0,30.12,1,-76.677021,0.973418,0.950117,0.968067,0,0,0,0,0
10,54.400436,74.399066,0.0,179.495316,0.0,16,16,0.0,46.63,2,-70.508999,0.252297,0.073418,0.330346,3,0,15,0,1
7,69.36922,77.731184,0.0,359.495316,0.0,39,39,0.0,32.44,0,-75.116044,0.253999,0.057422,0.256196,5,0,0,0,1
8,35.723814,74.23455,0.0,359.495316,0.0,35,35,0.0,40.42,1,-76.857989,0.05501,0.064269,0.063387,32,0,0,0,1
9,61.89985,74.465125,3.515317,359.495316,0.0,23,23,0.0,36.48,2,-70.359937,0.937547,0.939254,0.94632,0,0,0,0,1
11,35.986352,77.437127,3.884602,359.495316,1.840427,4,4,0.0,38.31,1,-74.376424,0.68478,0.703172,0.9122,1,0,0,0,1
1,92.541092,68.273965,0.0,179.773087,0.0,76,76,0.0,50.21,2,-76.937021,0.963027,0.942338,0.967311,0,0,0,0,0
10,54.400436,74.399066,0.0,179.495316,0.0,17,17,0.0,26.95,1,-72.428999,0.252808,0.070063,0.318715,3,0,16,0,1
7,69.36922,77.731184,0.0,359.495316,0.0,40,40,0.0,44.26,1,-73.636044,0.253999,0.061566,0.255866,5,0,0,0,1
8,35.723814,74.23455,0.0,359.495316,0.0,36,36,0.0,18.06,0,-73.697989,0.055007,0.066202,0.06213,33,0,0,0,1
9,61.89985,74.465125,3.515317,359.495316,0.0,24,24,0.0,23.96,0,-70.449937,0.951331,0.94944,0.947071,0,0,0,0,1
11,41.556301,77.486191,5.571175,359.495316,1.686577,5,5,0.0,31.11,2,-74.199362,0.495846,0.543629,0.849747,2,0,0,0,1
1,92.541092,68.273965,0.0,179.773087,0.0,77,77,0.0,52.89,2,-78.057021,0.954625,0.943754,0.965408,0,0,0,0,0
10,54.400436,74.399066,0.0,179.495316,0.0,18,18,0.0,34.67,1,-73.478999,0.253165,0.066047,0.308882,3,0,17,0,1
7,69.36922,77.731184,0.0,359.495316,0.0,41,41,0.0,34.69,2,-75.486044,0.254,0.061175,0.255586,5,0,0,0,1
8,35.723814,74.23455,0.0,359.495316,0.0,37,37,0.0,25.32,1,-76.867989,0.055005,0.068651,0.061061,34,0,0,0,1
9,61.89985,74.465125,3.515317,359.495316,0.0,25,25,0.0,36.53,1,-71.129937,0.95234,0.94708,0.947862,0,0,0,0,1
11,49.580245,77.556871,8.025712,359.495316,2.454524,6,6,0.0,22.51,0,-74.808757,0.363592,0.418472,0.776823,3,0,0,0,1
1,92.541092,68.273965,0.0,179.773087,0.0,78,78,0.0,20.59,0,-76.317021,0.966197,0.944315,0.965527,0,0,0,0,0
10,54.400436,74.399066,0.0,179.495316,0.0,19,19,0.0,36.85,2,-70.308999,0.253416,0.065536,0.300562,3,0,18,0,1
7,69.36922,77.731184,0.0,359.495316,0.0,42,42,0.0,31.14,2,-72.476044,0.254,0.056631,0.255348,5,0,0,0,1
8,35.723814,74.23455,0.0,359.495316,0.0,38,38,0.0,24.51,1,-75.437989,0.055003,0.063988,0.060152,35,0,0,0,1
9,61.89985,74.465125,3.515317,359.495316,0.0,26,26,0.0,28.65,1,-73.269937,0.952506,0.94481,0.948558,0,0,0,0,1
11,56.774576,77.620243,7.195915,359.495316,-0.829793,7,7,0.0,50.41,2,-71.794914,0.271015,0.330604,0.700952,4,0,0,0,1
1,92.541092,68.273965,0.0,179.773087,0.0,79,79,0.0,43.31,1,-76.737021,0.966198,0.950736,0.965627,0,0,0,0,0
10,54.400436,74.399066,0.0,179.495316,0.0,20,20,0.0,34.68,1,-72.408999,0.253591,0.065902,0.293517,3,0,19,0,1
12,30.058877,77.384914,0.0,359.495316,0.0,2,2,0.0,38.88,0,-77.410816,0.96008,0.923,0.951512,0,0,0,0,0
7,69.36922,77.731184,0.0,359.495316,0.0,43,43,0.0,37.98,1,-74.716044,0.254,0.053973,0.255146,5,0,0,0,1
8,35.723814,74.23455,0.0,359.495316,0.0,39,39,0.0,44.13,2,-74.467989,0.055002,0.062491,0.05938,36,0,0,0,1
9,61.89985,74.465125,3.515317,359.495316,0.0,27,27,0.0,44.55,2,-72.829937,0.945002,0.941358,0.948025,0,0,0,0,1
11,60.286459,77.651178,3.512656,359.495316,-3.683284,8,8,0.0,33.75,0,-72.525074,0.20621,0.265953,0.626741,5,0,0,0,1
1,92.541092,68.273965,0.0,179.773087,0.0,80,80,0.0,41.66,1,-77.427021,0.967159,0.956802,0.965857,0,0,0,0,0
10,54.400436,74.399066,0.0,179.495316,0.0,21,21,0.0,27.16,1,-71.898999,0.253714,0.060926,0.287546,3,0,20,0,1
12,31.481754,74.197183,1.393184,359.495316,1.393185,3,3,0.0,38.27,0,-76.042272,0.967856,0.928,0.953964,0,0,0,0,0
7,69.36922,77.731184,0.0,359.495316,0.0,44,44,0.0,19.53,0,-75.236044,0.254,0.05923,0.254974,5,0,0,0,1
2,86.252922,111.438457,0.0,90.641021,0.0,2,2,0.0,24.77,1,-83.917459,0.9557,0.9345,0.950855,0,0,0,0,0
1,131.89,68.429802,0.0,179.773087,0.0,2,2,0.0,26.92,1,-84.736888,0.95294,0.92,0.950441,0,0,0,0,0
3,30.058877,77.384914,0.0,359.495316,0.0,2,2,0.0,41.4,2,-78.750816,0.94634,0.918,0.949451,0,0,0,0,0
2,86.228304,109.238107,2.199685,90.641021,2.199684,3,3,0.0,31.26,1,-84.596384,0.95951,0.940375,0.952153,0,0,0,0,0
1,130.05457,68.422533,1.83543,179.773087,1.835429,3,3,0.0,30.17,2,-84.771408,0.947798,0.92025,0.950045,0,0,0,0,0
3,32.387366,77.405425,2.329001,359.495316,2.329,3,3,0.0,30.73,2,-75.110799,0.943058,0.9165,0.948492,0,0,0,0,0
2,114.184962,83.364296,0.0,90.641021,-2.199684,4,4,0.0,44.72,2,-84.094777,0.689957,0.719781,0.912824,3,0,0,0,1
1,126.772775,68.409536,3.281795,179.773087,1.446364,4,4,0.0,43.43,2,-85.734949,0.944619,0.919437,0.949231,0,0,0,0,0
3,-6.597069,38.440797,4.016449,359.495316,1.687447,12,4,0.666667,32.37,1,-81.839651,0.675741,0.698375,0.907579,2,1,0,0,1
2,114.120078,77.565111,0.0,90.641021,0.0,5,5,0.0,43.63,2,-82.230451,0.50127,0.551336,0.851091,5,0,0,0,1
1,122.058008,68.390863,4.714767,179.773087,1.432972,5,5,0.0,46.56,1,-85.069933,0.950613,0.925828,0.949438,0,0,0,0,0
4,131.89,68.429802,0.0,179.773087,0.0,2,2,0.0,52.31,2,-85.836888,0.946514,0.925,0.949477,0,0,0,0,0
3,-13.608124,11.493551,5.990264,359.495316,1.9738,14,5,0.642857,42.63,2,-85.851907,0.487718,0.534781,0.8446,3,2,0,0,1
2,114.030387,69.548648,0.0,90.641021,0.0,6,6,0.0,19.95,0,-83.199069,0.369189,0.427002,0.778805,7,0,0,0,1
1,115.983977,68.366808,6.074031,179.773087,1.359279,6,6,0.0,18.14,0,-83.510902,0.960209,0.925121,0.951054,0,0,0,0,0
4,130.479052,68.424214,1.410948,179.773087,1.410945,3,3,0.0,44.76,1,-84.237987,0.95224,0.93275,0.949892,0,0,0,0,0
2,113.976792,64.758384,0.0,90.641021,0.0,7,7,0.0,36.26,0,-80.664706,0.276732,0.332251,0.703494,9,0,0,0,1
5,131.89,68.429802,0.0,179.773087,0.0,2,2,0.0,34.26,1,-84.996888,0.95276,0.9175,0.950414,0,0,0,0,0
1,114.409946,68.360574,1.574031,179.773087,-4.499987,7,7,0.0,35.2,2,-81.320997,0.953186,0.924341,0.951374,0,0,0,0,0
4,127.579964,87.612404,2.950359,179.773137,1.539427,4,4,0.0,30.47,2,-85.881091,0.683968,0.715063,0.910003,1,0,0,0,1
3,81.722571,98.646211,9.693906,359.495316,1.851822,15,6,0.6,32.36,0,-79.693844,0.356103,0.417336,0.771326,4,3,0,0,1
2,113.958359,63.11093,0.0,90.641021,0.0,8,8,0.0,45.69,2,-82.412066,0.269913,0.259189,0.638457,9,0,0,0,1
5,129.336656,68.41969,2.553344,179.773087,2.553351,3,3,0.0,20.67,0,-83.28803,0.964952,0.927625,0.952595,0,0,0,0,0
1,114.409946,68.360574,0.0,179.773087,-1.574036,8,8,0.0,21.59,0,-81.120997,0.96225,0.919256,0.953005,0,0,0,0,0
4,122.09174,87.590673,5.487016,179.773137,2.536633,5,5,0.0,45.53,1,-83.591739,0.554978,0.552797,0.856749,1,0,0,0,1
3,122.308507,33.73065,9.588047,359.495316,-0.105859,18,7,0.611111,33.21,2,-81.8981,0.263972,0.330252,0.695223,5,4,0,0,1
2,113.954027,62.723707,0.0,90.641021,0.0,9,9,0.0,22.2,0,-83.141524,0.265139,0.206391,0.582459,9,0,0,0,1
5,125.082598,68.402842,16.254059,179.773087,6.0,4,4,0.0,35.4,1,-83.435387,0.692866,0.712969,0.913635,1,0,0,0,1
1,114.409946,68.360574,0.0,179.773087,0.0,9,9,0.0,15.68,0,-81.600997,0.969675,0.919692,0.955506,0,0,0,0,0
4,115.042226,87.562761,7.047963,179.773137,1.560952,6,6,0.0,25.05,0,-84.32419,0.464684,0.429348,0.797939,1,0,0,0,1
3,122.172057,58.840683,5.088047,346.923234,-4.500014,23,8,0.652174,37.0,1,-84.830584,0.19948,0.258689,0.620861,6,5,0,0,1
2,113.951343,62.48384,0.0,90.641021,0.0,10,10,0.0,34.37,0,-81.579041,0.261797,0.168794,0.53436,9,0,0,0,1
5,122.390022,71.592231,14.679366,179.773137,-1.574698,5,5,0.0,36.77,0,-82.915159,0.502406,0.545977,0.851951,2,0,0,0,1
1,114.409946,68.360574,0.0,179.773087,0.0,10,10,0.0,28.82,0,-83.730997,0.974033,0.924269,0.958285,0,0,0,0,0
4,105.768066,87.526039,9.272121,179.773137,2.224165,7,7,0.0,26.07,1,-83.467513,0.401479,0.340511,0.73847,1,0,0,0,1
2,113.951264,62.47676,0.0,90.641021,0.0,11,11,0.0,22.68,0,-80.868675,0.259458,0.143595,0.493125,9,0,0,0,1
5,118.046957,71.575034,16.34211,179.773137,1.66274,6,6,0.0,23.78,0,-84.365463,0.369085,0.421732,0.779521,3,0,0,0,1
1,114.409946,68.360574,0.0,179.773087,0.0,11,11,0.0,48.93,2,-81.410997,0.964603,0.929702,0.959232,0,0,0,0,0
4,94.777322,87.482521,10.988326,179.773137,1.71621,8,8,0.0,47.9,2,-79.55236,0.357235,0.271383,0.681285,1,0,0,0,1
3,134.395833,51.568754,5.52838,270.659842,0.220167,25,9,0.64,41.96,1,-84.052784,0.213136,0.209767,0.559702,6,6,0,0,1
2,113.951206,62.471599,0.0,90.641021,0.0,12,12,0.0,24.4,0,-81.768408,0.257821,0.122446,0.457829,9,0,0,0,1
5,111.131427,71.547652,18.914009,179.773137,2.571903,7,7,0.0,28.44,1,-82.223684,0.275759,0.333799,0.703957,4,0,0,0,1
1,114.409946,68.360574,0.0,179.773087,0.0,12,12,0.0,34.04,2,-83.260997,0.958182,0.938526,0.959075,0,0,0,0,0
4,81.270557,87.40591,13.541334,179.64683,2.553012,9,9,0.0,39.14,2,-79.352155,0.326265,0.222787,0.628032,1,0,0,0,1
3,52.486243,127.647004,8.07825,270.641215,2.549874,28,10,0.642857,17.78,0,-83.978314,0.164795,0.173075,0.500466,8,7,0,0,1
2,113.951203,62.471331,0.0,90.641021,0.0,13,13,0.0,40.4,1,-82.118395,0.256674,0.107335,0.427656,9,0,0,0,1
5,102.852676,71.514872,20.27693,179.773137,1.362923,8,8,0.0,30.55,2,-78.878719,0.210431,0.260599,0.629928,5,0,0,0,1
1,114.409946,68.360574,0.0,179.773087,0.0,13,13,0.0,45.78,1,-80.670997,0.958427,0.927645,0.958978,0,0,0,0,0
4,67.302586,87.31085,13.995483,179.54831,0.454144,10,10,0.0,40.76,2,-75.797039,0.304585,0.17759,0.579515,1,0,0,0,1
2,113.951203,62.471331,0.0,90.641021,0.0,14,14,0.0,50.12,2,-80.308395,0.255872,0.096501,0.401888,9,0,0,0,1
5,92.241111,71.472855,22.60923,179.773137,2.332291,9,9,0.0,24.02,0,-79.178352,0.164702,0.2102,0.560144,6,0,0,0,1
1,114.409946,68.360574,0.0,179.773087,0.0,14,14,0.0,39.18,0,-81.870997,0.966159,0.924233,0.960055,0,0,0,0,0
4,53.126947,87.185756,14.190406,179.495427,0.194925,11,11,0.0,53.8,2,-76.378878,0.28941,0.146443,0.535999,1,0,0,0,1
2,113.951203,62.471331,0.0,90.641021,0.0,15,15,0.0,31.13,2,-80.038395,0.25531,0.092126,0.379902,9,0,0,0,1
5,79.938697,71.398612,24.302256,179.64683,1.69303,10,10,0.0,34.46,2,-75.581794,0.132691,0.1774,0.496026,7,0,0,0,1
1,114.409946,68.360574,0.0,179.773087,0.0,15,15,0.0,36.18,0,-81.000997,0.973911,0.931925,0.962133,0,0,0,0,0
4,38.60236,87.057842,14.524587,179.495427,0.334182,12,12,0.0,30.34,2,-76.987094,0.278787,0.124832,0.497417,1,0,0,0,1
2,113.951203,62.471331,0.0,90.641021,0.0,16,16,0.0,30.76,1,-82.778395,0.254917,0.084594,0.361154,9,0,0,0,1
5,65.872604,71.299864,26.066093,179.508829,1.763843,11,11,0.0,38.95,0,-72.274284,0.110284,0.15205,0.438165,8,0,0,0,1
1,114.409946,68.360574,0.0,179.773087,0.0,16,16,0.0,40.87,1,-82.050997,0.971058,0.936444,0.963472,0,0,0,0,0
4,25.285621,86.940566,13.316739,179.495427,-1.207845,13,13,0.0,42.09,1,-80.847116,0.271351,0.107624,0.463507,1,0,0,0,1
2,113.951203,62.471331,0.0,90.641021,0.0,17,17,0.0,30.37,2,-80.858395,0.254642,0.074946,0.345177,9,0,0,0,1
5,52.567311,71.182689,25.305293,179.495427,-0.760798,12,12,0.0,38.22,0,-68.917184,0.094599,0.124287,0.38663,9,0,0,0,1
1,114.409946,68.360574,0.0,179.773087,0.0,17,17,0.0,42.99,1,-81.060997,0.968401,0.936083,0.964211,0,0,0,0,0
2,113.951203,62.471331,0.0,90.641021,0.0,18,18,0.0,36.4,1,-83.048395,0.254449,0.072959,0.331568,9,0,0,0,1
5,39.055477,71.063694,25.511833,179.495427,0.206541,13,13,0.0,40.77,2,-74.966008,0.083619,0.110716,0.341178,10,0,0,0,1
1,114.409946,68.360574,0.0,179.773087,0.0,18,18,0.0,28.7,0,-83.450997,0.97272,0.931062,0.965488,0,0,0,0,0
2,113.951203,62.471331,0.0,90.641021,0.0,19,19,0.0,45.31,2,-80.898395,0.254315,0.072219,0.31998,9,0,0,0,1
5,26.031708,70.948998,25.023769,179.495427,-0.48806,14,14,0.0,49.22,2,-78.077265,0.075933,0.101037,0.301392,11,0,0,0,1
1,114.409946,68.360574,0.0,179.773087,0.0,19,19,0.0,33.35,2,-81.620997,0.961224,0.926047,0.964848,0,0,0,0,0
2,113.951203,62.471331,0.0,90.641021,0.0,20,20,0.0,41.4,2,-81.918395,0.25422,0.065165,0.310116,9,0,0,0,1
1,114.409946,68.360574,0.0,179.773087,0.0,20,20,0.0,40.31,2,-80.960997,0.955397,0.930785,0.963431,0,0,0,0,0
2,113.951203,62.471331,0.0,90.641021,0.0,21,21,0.0,24.44,0,-80.488395,0.254154,0.059873,0.301722,9,0,0,0,1
1,114.409946,68.360574,0.0,179.773087,0.0,21,21,0.0,32.23,2,-80.560997,0.952338,0.937089,0.961767,0,0,0,0,0
2,113.951203,62.471331,0.0,90.641021,0.0,22,22,0.0,28.42,1,-83.038395,0.254108,0.059655,0.29458,9,0,0,0,1
1,114.409946,68.360574,0.0,179.773087,0.0,22,22,0.0,29.05,1,-81.300997,0.956497,0.937317,0.960976,0,0,0,0,0
2,113.951203,62.471331,0.0,90.641021,0.0,23,23,0.0,49.11,2,-83.068395,0.254076,0.063241,0.288504,9,0,0,0,1
1,114.409946,68.360574,0.0,179.773087,0.0,23,23,0.0,28.94,0,-81.460997,0.965468,0.931487,0.96165,0,0,0,0,0
2,113.951203,62.471331,0.0,90.641021,0.0,24,24,0.0,49.71,2,-82.778395,0.254053,0.057931,0.283336,9,0,0,0,1
1,114.409946,68.360574,0.0,179.773087,0.0,24,24,0.0,16.39,0,-81.150997,0.973547,0.941116,0.963434,0,0,0,0,0
6,30.058877,77.384914,0.0,359.495316,0.0,2,2,0.0,19.86,0,-76.960816,0.96248,0.93275,0.951872,0,0,0,0,0
2,113.951203,62.471331,0.0,90.641021,0.0,25,25,0.0,37.83,2,-80.468395,0.254037,0.056698,0.278942,9,0,0,0,1
1,114.409946,68.360574,0.0,179.773087,0.0,25,25,0.0,52.04,2,-83.270997,0.960879,0.936587,0.963051,0,0,0,0,0
6,31.674484,74.198881,1.585956,359.495316,1.585942,3,3,0.0,37.47,0,-75.286519,0.970076,0.936813,0.954603,0,0,0,0,0
2,113.951203,62.471331,0.0,90.641021,0.0,26,26,0.0,25.63,1,-82.268395,0.254026,0.056774,0.275204,9,0,0,0,1
1,114.409946,68.360574,0.0,179.773087,0.0,26,26,0.0,31.36,2,-81.290997,0.955515,0.94419,0.961921,0,0,0,0,0
6,35.187178,74.229823,0.0,359.495316,-1.585953,4,4,0.0,34.29,1,-74.644222,0.695553,0.721609,0.915745,1,0,0,0,1
2,113.951203,62.471331,0.0,90.641021,0.0,27,27,0.0,28.71,0,-81.578395,0.254018,0.05758,0.272026,9,0,0,0,1
1,114.409946,68.360574,0.0,179.773087,0.0,27,27,0.0,34.77,2,-81.650997,0.952061,0.950142,0.960442,0,0,0,0,0
6,40.429666,74.276002,13.243642,359.495316,6.0,5,5,0.0,33.99,1,-74.340785,0.533081,0.551957,0.858346,1,0,0,0,1
2,113.951203,62.471331,0.0,90.641021,0.0,28,28,0.0,33.78,2,-81.458395,0.254013,0.053935,0.269324,9,0,0,0,1
1,114.409946,68.360574,0.0,179.773087,0.0,28,28,0.0,30.97,2,-81.680997,0.947723,0.949357,0.958534,0,0,0,0,0
6,47.040801,74.334237,0.0,359.495316,-9.0,6,6,0.0,46.42,2,-73.948795,0.389657,0.427718,0.788042,2,0,0,0,1
2,113.951203,62.471331,0.0,90.641021,0.0,29,29,0.0,20.79,0,-81.978395,0.254009,0.052701,0.267027,9,0,0,0,1
1,114.409946,68.360574,0.0,179.773087,0.0,29,29,0.0,28.79,0,-80.720997,0.959386,0.944018,0.958662,0,0,0,0,0
6,56.010931,74.413252,15.972106,359.495316,6.0,7,7,0.0,33.99,0,-72.813061,0.32495,0.333038,0.718578,2,0,0,0,1
2,113.951203,62.471331,0.0,90.641021,0.0,30,30,0.0,52.42,2,-81.818395,0.254006,0.058276,0.265074,9,0,0,0,1
1,114.409946,68.360574,0.0,179.773087,0.0,30,30,0.0,32.79,2,-82.310997,0.95237,0.933513,0.957718,0,0,0,0,0
6,65.970719,74.500984,1.961982,359.495316,-9.0,8,8,0.0,46.82,2,-73.427133,0.243965,0.265029,0.647386,3,0,0,0,1
2,113.951203,62.471331,0.0,90.641021,0.0,31,31,0.0,30.67,0,-82.538395,0.254004,0.059457,0.263413,9,0,0,0,1
1,114.409946,68.360574,0.0,179.773087,0.0,31,31,0.0,42.59,2,-83.180997,0.948659,0.936385,0.956359,0,0,0,0,0
6,71.893344,74.338116,10.938445,1.966401,6.0,9,9,0.0,25.07,0,-72.849724,0.187275,0.212272,0.57837,4,0,0,0,1
2,113.951203,62.471331,0.0,90.641021,0.0,32,32,0.0,33.08,2,-80.988395,0.254003,0.062593,0.262002,9,0,0,0,1
1,114.409946,68.360574,0.0,179.773087,0.0,32,32,0.0,40.46,1,-82.870997,0.951821,0.934789,0.955678,0,0,0,0,0
6,78.862077,71.94615,14.527432,24.694037,3.589002,10,10,0.0,36.46,1,-73.250121,0.182335,0.171704,0.518965,4,0,0,0,1
2,113.951203,62.471331,0.0,90.641021,0.0,33,33,0.0,45.01,2,-80.138395,0.254002,0.056945,0.260802,9,0,0,0,1
1,114.409946,68.360574,0.0,179.773087,0.0,33,33,0.0,38.07,2,-81.300997,0.946895,0.933342,0.954361,0,0,0,0,0
6,82.222908,63.685407,13.259333,78.934386,-1.268104,11,11,0.0,22.9,1,-74.489973,0.145935,0.141778,0.46301,5,0,0,0,1
2,113.951203,62.471331,0.0,90.641021,0.0,34,34,0.0,29.19,0,-81.038395,0.254001,0.059958,0.259782,9,0,0,0,1
1,114.409946,68.360574,0.0,179.773087,0.0,34,34,0.0,30.91,2,-82.420997,0.944226,0.935756,0.952841,0,0,0,0,0
6,82.211454,54.968033,15.728998,91.30091,2.469643,12,12,0.0,17.2,0,-71.499203,0.120454,0.117333,0.411627,6,0,0,0,1
2,113.951203,62.471331,0.0,90.641021,0.0,35,35,0.0,35.56,2,-82.108395,0.254001,0.059969,0.258915,9,0,0,0,1
1,114.409946,68.360574,0.0,179.773087,0.0,35,35,0.0,44.05,1,-82.740997,0.949499,0.933317,0.952339,0,0,0,0,0
6,81.961586,43.965038,4.005934,91.30091,-9.0,13,13,0.0,24.08,0,-71.350338,0.102618,0.10625,0.365275,8,0,0,0,1
2,113.951203,62.471331,0.0,90.641021,0.0,36,36,0.0,34.33,2,-81.328395,0.254001,0.056727,0.258178,9,0,0,0,1
1,114.409946,68.360574,0.0,179.773087,0.0,36,36,0.0,32.64,0,-82.440997,0.962309,0.937488,0.953835,0,0,0,0,0
6,81.673046,31.259085,5.709347,91.30091,1.70342,14,14,0.0,19.75,0,-73.77199,0.090133,0.096687,0.324004,9,0,0,0,1
2,113.951203,62.471331,0.0,90.641021,0.0,37,37,0.0,21.07,0,-83.268395,0.254001,0.052795,0.257551,9,0,0,0,1
1,114.409946,68.360574,0.0,179.773087,0.0,37,37,0.0,17.2,0,-80.950997,0.969356,0.934616,0.956163,0,0,0,0,0
2,113.951203,62.471331,0.0,90.641021,0.0,38,38,0.0,34.94,1,-81.658395,0.254,0.052846,0.257018,9,0,0,0,1
7,30.058877,77.384914,0.0,359.495316,0.0,2,2,0.0,46.62,1,-78.290816,0.95492,0.9305,0.950738,0,0,0,0,0
1,114.409946,68.360574,0.0,179.773087,0.0,38,38,0.0,30.07,2,-81.780997,0.959649,0.927462,0.956686,0,0,0,0,0
2,113.951203,62.471331,0.0,90.641021,0.0,39,39,0.0,44.41,2,-80.678395,0.254,0.056385,0.256566,9,0,0,0,1
7,32.435844,77.405852,2.37749,359.495316,2.377486,3,3,0.0,22.21,1,-75.790642,0.956864,0.929625,0.951657,0,0,0,0,0
1,114.409946,68.360574,0.0,179.773087,0.0,39,39,0.0,30.48,0,-82.670997,0.966655,0.919596,0.958181,0,0,0,0,0
2,113.951203,62.471331,0.0,90.641021,0.0,40,40,0.0,27.02,1,-80.598395,0.254,0.060039,0.256181,9,0,0,0,1
7,36.311758,77.439993,0.0,359.495316,-2.377486,4,4,0.0,18.54,0,-77.640433,0.686305,0.711719,0.911854,1,0,0,0,1
1,114.409946,68.360574,0.0,179.773087,0.0,40,40,0.0,37.21,1,-80.550997,0.965858,0.925197,0.959333,0,0,0,0,0
2,113.951203,62.471331,0.0,90.641021,0.0,41,41,0.0,46.77,1,-80.728395,0.254,0.056279,0.255854,9,0,0,0,1
7,42.346675,77.493153,0.0,359.495316,0.0,5,5,0.0,46.26,2,-73.068557,0.496913,0.544539,0.849613,2,0,0,0,1
1,114.409946,68.360574,0.0,179.773087,0.0,41,41,0.0,53.07,2,-81.460997,0.954699,0.922148,0.958638,0,0,0,0,0
2,113.951203,62.471331,0.0,90.641021,0.0,42,42,0.0,29.0,0,-81.208395,0.254,0.061209,0.255576,9,0,0,0,1
7,49.819971,77.558982,0.0,359.495316,0.0,6,6,0.0,23.05,1,-72.622497,0.364339,0.419154,0.776822,3,0,0,0,1
1,114.409946,68.360574,0.0,179.773087,0.0,42,42,0.0,26.61,0,-81.310997,0.963189,0.918861,0.95932,0,0,0,0,0
2,113.951203,62.471331,0.0,90.641021,0.0,43,43,0.0,36.55,1,-81.188395,0.254,0.059407,0.255339,9,0,0,0,1
7,59.541079,77.644612,0.0,359.495316,0.0,7,7,0.0,36.93,1,-71.701518,0.271538,0.333866,0.701029,4,0,0,0,1
8,30.058877,77.384914,0.0,359.495316,0.0,2,2,0.0,37.72,0,-76.300816,0.96092,0.92725,0.951638,0,0,0,0,0
1,114.409946,68.360574,0.0,179.773087,0.0,43,43,0.0,45.24,2,-81.800997,0.957192,0.931396,0.959001,0,0,0,0,0
2,113.951203,62.471331,0.0,90.641021,0.0,44,44,0.0,36.29,2,-81.568395,0.254,0.058805,0.255138,9,0,0,0,1
7,66.399693,77.705027,0.0,359.495316,0.0,8,8,0.0,35.38,0,-72.273824,0.206576,0.270149,0.626861,5,0,0,0,1
8,31.790149,74.1999,1.701646,359.495316,1.701651,3,3,0.0,32.44,2,-75.199058,0.953864,0.928687,0.951972,0,0,0,0,0
1,114.409946,68.360574,0.0,179.773087,0.0,44,44,0.0,36.41,2,-83.740997,0.951015,0.930047,0.957803,0,0,0,0,0
2,113.951203,62.471331,0.0,90.641021,0.0,45,45,0.0,31.25,1,-81.718395,0.254,0.056854,0.254968,9,0,0,0,1
7,69.354408,77.731054,0.0,359.495316,0.0,9,9,0.0,51.67,2,-72.593873,0.220803,0.221612,0.565953,5,0,0,0,1
8,35.723814,74.23455,0.0,359.495316,-1.701641,4,4,0.0,50.4,2,-75.997989,0.684205,0.711016,0.911807,1,0,0,0,1
1,114.409946,68.360574,0.0,179.773087,0.0,45,45,0.0,25.21,0,-82.410997,0.96157,0.933535,0.958368,0,0,0,0,0
2,113.951203,62.471331,0.0,90.641021,0.0,46,46,0.0,20.23,0,-82.828395,0.254,0.05364,0.254823,9,0,0,0,1
7,69.367588,77.73117,0.0,359.495316,0.0,10,10,0.0,39.5,1,-72.965805,0.230762,0.183209,0.515674,5,0,0,0,1
8,35.723814,74.23455,0.0,359.495316,0.0,5,5,0.0,44.56,2,-76.297989,0.495443,0.552012,0.849352,2,0,0,0,1
1,114.409946,68.360574,0.0,179.773087,0.0,46,46,0.0,40.7,2,-83.360997,0.953719,0.930901,0.957671,0,0,0,0,0
2,113.979289,61.167963,0.0,90.151997,0.0,47,47,0.0,27.96,1,-81.652715,0.254,0.05548,0.254699,9,0,0,0,1
7,69.368842,77.731181,0.0,359.495316,0.0,11,11,0.0,37.36,1,-72.515989,0.237734,0.156157,0.473983,5,0,0,0,1
8,35.723814,74.23455,0.0,359.495316,0.0,6,6,0.0,31.61,0,-75.127989,0.36331,0.429509,0.776446,3,0,0,0,1
1,114.409946,68.360574,0.0,179.773087,0.0,47,47,0.0,53.29,2,-80.830997,0.947089,0.933426,0.956084,0,0,0,0,0
2,114.996503,57.770692,0.0,77.669993,0.0,48,48,0.0,48.77,2,-81.683083,0.1961,0.06011,0.245909,11,0,0,0,1
7,69.369067,77.731183,0.0,359.495316,0.0,12,12,0.0,22.72,1,-75.246022,0.242614,0.136618,0.439278,5,0,0,0,1
8,35.723814,74.23455,0.0,359.495316,0.0,7,7,0.0,25.47,1,-76.577989,0.270817,0.339632,0.700602,4,0,0,0,1
1,114.409946,68.360574,0.0,179.773087,0.0,48,48,0.0,26.64,0,-82.100997,0.958703,0.927819,0.956477,0,0,0,0,0
2,120.536674,55.874106,0.0,13.011575,0.0,49,49,0.0,15.32,0,-82.759212,0.15377,0.063833,0.232088,12,0,0,0,1
7,69.369067,77.731183,0.0,359.495316,0.0,13,13,0.0,19.04,0,-72.956022,0.246029,0.113213,0.41029,5,0,0,0,1
8,35.723814,74.23455,0.0,359.495316,0.0,8,8,0.0,35.9,2,-74.307989,0.206072,0.274224,0.626422,5,0,0,0,1
1,114.409946,68.360574,0.0,179.773087,0.0,49,49,0.0,39.62,1,-81.490997,0.958672,0.919365,0.956806,0,0,0,0,0
2,128.33417,55.904987,0.0,359.773087,0.0,50,50,0.0,37.85,0,-85.47053,0.124139,0.063125,0.215896,13,0,0,0,1
7,69.36922,77.731184,0.0,359.495316,0.0,14,14,0.0,31.97,2,-74.066044,0.248421,0.09766,0.38601,5,0,0,0,1
8,35.723814,74.23455,0.0,359.495316,0.0,9,9,0.0,31.68,2,-73.637989,0.16075,0.220918,0.556571,6,0,0,0,1
1,114.409946,68.360574,0.0,179.773087,0.0,50,50,0.0,46.33,1,-80.900997,0.96129,0.933523,0.957478,0,0,0,0,0
2,138.509597,55.945286,0.0,359.773087,0.0,51,51,0.0,22.47,0,-85.117793,0.103397,0.057343,0.199021,15,0,0,0,1
7,69.36922,77.731184,0.0,359.495316,0.0,15,15,0.0,17.84,0,-73.996044,0.250094,0.087745,0.365623,5,0,0,0,1
8,35.723814,74.23455,0.0,359.495316,0.0,10,10,0.0,28.48,0,-75.707989,0.129025,0.184438,0.49244,7,0,0,0,1
1,114.409946,68.360574,0.0,179.773087,0.0,51,51,0.0,21.39,0,-81.080997,0.971043,0.943893,0.959513,0,0,0,0,0
7,69.36922,77.731184,0.0,359.495316,0.0,16,16,0.0,28.09,1,-74.656044,0.251266,0.080559,0.348469,5,0,0,0,1
8,35.723814,74.23455,0.0,359.495316,0.0,11,11,0.0,20.59,0,-74.727989,0.106818,0.151579,0.434596,8,0,0,0,1
1,114.409946,68.360574,0.0,179.773087,0.0,52,52,0.0,42.88,2,-82.010997,0.96167,0.944169,0.959837,0,0,0,0,0
7,69.36922,77.731184,0.0,359.495316,0.0,17,17,0.0,47.37,2,-75.146044,0.252086,0.078169,0.334012,5,0,0,0,1
8,35.723814,74.23455,0.0,359.495316,0.0,12,12,0.0,42.31,2,-75.667989,0.091272,0.132434,0.383098,9,0,0,0,1
1,114.409946,68.360574,0.0,179.773087,0.0,53,53,0.0,30.4,0,-80.660997,0.969809,0.946627,0.961333,0,0,0,0,0
7,69.36922,77.731184,0.0,359.495316,0.0,18,18,0.0,18.07,0,-72.546044,0.25266,0.072127,0.321809,5,0,0,0,1
8,35.723814,74.23455,0.0,359.495316,0.0,13,13,0.0,50.53,2,-75.757989,0.080391,0.109326,0.337692,10,0,0,0,1
1,114.409946,68.360574,0.0,179.773087,0.0,54,54,0.0,31.31,2,-80.690997,0.960686,0.94297,0.961236,0,0,0,0,0
7,69.36922,77.731184,0.0,359.495316,0.0,19,19,0.0,26.04,1,-73.666044,0.253062,0.064595,0.311497,5,0,0,0,1
8,35.723814,74.23455,0.0,359.495316,0.0,14,14,0.0,24.97,1,-73.457989,0.072773,0.099994,0.297954,11,0,0,0,1
1,114.409946,68.360574,0.0,179.773087,0.0,55,55,0.0,24.56,0,-83.180997,0.97038,0.947728,0.962607,0,0,0,0,0
9,30.058877,77.384914,0.0,359.495316,0.0,2,2,0.0,29.76,1,-76.310816,0.95444,0.92525,0.950666,0,0,0,0,0
7,69.36922,77.731184,0.0,359.495316,0.0,20,20,0.0,46.32,1,-72.786044,0.253344,0.063946,0.302774,5,0,0,0,1
8,35.723814,74.23455,0.0,359.495316,0.0,15,15,0.0,25.13,0,-74.607989,0.067441,0.089996,0.263377,12,0,0,0,1
1,114.409946,68.360574,0.0,179.773087,0.0,56,56,0.0,16.35,0,-83.480997,0.976626,0.946046,0.96471,0,0,0,0,0
9,31.558666,74.197861,1.470112,359.495316,1.470108,3,3,0.0,42.83,1,-76.334015,0.958748,0.938937,0.951878,0,0,0,0,0
7,69.36922,77.731184,0.0,359.495316,0.0,21,21,0.0,40.92,1,-74.116044,0.253541,0.05921,0.295389,5,0,0,0,1
8,35.723814,74.23455,0.0,359.495316,0.0,16,16,0.0,14.75,0,-75.337989,0.063709,0.079997,0.233427,13,0,0,0,1
1,112.225244,68.351922,2.184702,179.773087,2.184696,57,57,0.0,50.68,2,-81.043629,0.96481,0.942034,0.964725,0,0,0,0,0
9,35.073209,74.228819,3.515317,359.495316,2.045199,4,4,0.0,38.21,1,-75.421082,0.960324,0.942953,0.953145,0,0,0,0,1
7,69.36922,77.731184,0.0,359.495316,0.0,22,22,0.0,40.15,1,-73.666044,0.253678,0.056907,0.289132,5,0,0,0,1
8,35.723814,74.23455,0.0,359.495316,0.0,17,17,0.0,14.58,0,-76.477989,0.061096,0.070498,0.207577,14,0,0,0,1
1,108.323777,68.33647,3.901468,179.773087,1.716783,58,58,0.0,26.07,0,-79.646341,0.973387,0.950026,0.966025,0,0,0,0,0
9,40.206452,74.274036,3.515317,359.495316,0.0,5,5,0.0,35.21,0,-75.610125,0.969887,0.949715,0.955656,0,0,0,0,1
7,69.36922,77.731184,0.0,359.495316,0.0,23,23,0.0,35.89,2,-72.696044,0.253775,0.06218,0.283829,5,0,0,0,1
8,35.723814,74.23455,0.0,359.495316,0.0,18,18,0.0,38.43,0,-76.547989,0.059267,0.067123,0.185331,15,0,0,0,1
1,102.571029,68.313687,5.752748,179.773087,1.851275,59,59,0.0,16.49,0,-79.643477,0.979091,0.950769,0.967985,0,0,0,0,0
9,46.643482,74.330738,3.515317,359.495316,0.0,6,6,0.0,30.49,2,-73.896941,0.962541,0.950536,0.956689,0,0,0,0,1
7,69.36922,77.731184,0.0,359.495316,0.0,24,24,0.0,23.41,1,-75.086044,0.253842,0.060385,0.279331,5,0,0,0,1
8,35.723814,74.23455,0.0,359.495316,0.0,19,19,0.0,21.34,0,-75.927989,0.057987,0.069092,0.166229,16,0,0,0,1
1,96.152036,68.288265,6.418993,179.773087,0.666243,60,60,0.0,17.16,0,-76.886859,0.981644,0.951077,0.970033,0,0,0,0,0
9,55.679831,74.410335,3.515317,359.495316,0.0,7,7,0.0,42.93,1,-70.194849,0.94953,0.959152,0.955615,0,0,0,0,1
7,69.36922,77.731184,0.0,359.495316,0.0,25,25,0.0,29.74,1,-75.136044,0.25389,0.056539,0.275515,5,0,0,0,1
8,35.723814,74.23455,0.0,359.495316,0.0,20,20,0.0,39.47,2,-75.697989,0.057091,0.062569,0.149859,17,0,0,0,1
10,30.058877,77.384914,0.0,359.495316,0.0,2,2,0.0,30.82,1,-75.750816,0.7448,0.70525,0.91922,0,0,1,0,0
1,93.591447,68.278125,2.560589,179.773087,-3.858417,61,61,0.0,53.89,2,-78.515781,0.967057,0.949558,0.969587,0,0,0,0,0
9,60.217172,74.450303,3.515317,359.495316,0.0,8,8,0.0,44.91,2,-72.849252,0.945831,0.948864,0.954147,0,0,0,0,1
7,69.36922,77.731184,0.0,359.495316,0.0,26,26,0.0,26.82,1,-75.036044,0.253923,0.062154,0.272276,5,0,0,0,1
8,35.723814,74.23455,0.0,359.495316,0.0,21,21,0.0,26.23,0,-73.487989,0.056464,0.060677,0.135849,18,0,0,0,1
10,31.443397,74.196846,1.354818,359.495316,1.354813,3,3,0.0,28.14,0,-76.971377,0.60116,0.546438,0.871511,0,0,2,0,0
1,92.682178,68.274523,0.90927,179.773087,-1.651313,62,62,0.0,28.72,1,-76.344723,0.96536,0.943168,0.968953,0,0,0,0,0
9,61.547227,74.462019,3.515317,359.495316,0.0,9,9,0.0,38.21,2,-70.48472,0.943481,0.945898,0.952547,0,0,0,0,1
7,69.36922,77.731184,0.0,359.495316,0.0,27,27,0.0,37.91,2,-74.816044,0.253946,0.059116,0.269526,5,0,0,0,1
8,35.723814,74.23455,0.0,359.495316,0.0,22,22,0.0,19.61,0,-76.097989,0.056025,0.062758,0.123876,19,0,0,0,1
10,34.298964,74.221999,2.856196,179.495316,1.501383,4,4,0.0,27.83,1,-75.393944,0.500612,0.427578,0.815876,0,0,3,0,1
1,92.558046,68.274032,0.124132,179.773087,-0.785141,63,63,0.0,44.56,2,-76.401555,0.957032,0.941126,0.967165,0,0,0,0,0
9,61.779684,74.464067,3.515317,359.495316,0.0,10,10,0.0,24.82,0,-70.611102,0.95418,0.941424,0.952792,0,0,0,0,1
7,69.36922,77.731184,0.0,359.495316,0.0,28,28,0.0,25.91,0,-73.706044,0.253962,0.057337,0.267192,5,0,0,0,1
8,35.723814,74.23455,0.0,359.495316,0.0,23,23,0.0,35.86,2,-75.637989,0.055717,0.059568,0.113652,20,0,0,0,1
10,39.001608,74.263423,4.70368,179.495316,1.847489,5,5,0.0,32.1,2,-73.130135,0.368728,0.332934,0.748804,1,0,4,0,1
1,92.541574,68.273967,0.016472,179.773087,-0.107659,64,64,0.0,40.14,1,-78.047149,0.957682,0.931345,0.965742,0,0,0,0,0
9,61.89594,74.465091,3.515317,359.495316,0.0,11,11,0.0,49.19,2,-71.119646,0.949032,0.950318,0.952228,0,0,0,0,1
7,69.36922,77.731184,0.0,359.495316,0.0,29,29,0.0,39.9,1,-75.346044,0.253974,0.055253,0.265209,5,0,0,0,1
8,35.723814,74.23455,0.0,359.495316,0.0,24,24,0.0,51.23,2,-75.257989,0.055502,0.060676,0.104929,21,0,0,0,1
10,45.929448,74.324448,6.929365,179.495316,2.225677,6,6,0.0,32.45,0,-73.233586,0.27641,0.26895,0.677945,2,0,5,0,1
1,92.54124,68.273965,0.000334,179.773087,-0.016138,65,65,0.0,36.48,2,-77.72706,0.951118,0.932009,0.963549,0,0,0,0,0
9,61.899078,74.465119,3.515317,359.495316,0.0,12,12,0.0,39.18,2,-71.15988,0.944809,0.949238,0.951115,0,0,0,0,1
7,69.36922,77.731184,0.0,359.495316,0.0,30,30,0.0,22.36,0,-75.646044,0.253981,0.054189,0.263525,5,0,0,0,1
8,35.723814,74.23455,0.0,359.495316,0.0,25,25,0.0,23.4,1,-74.217989,0.055351,0.056757,0.097493,22,0,0,0,1
10,51.905983,74.377093,5.977851,179.495316,-0.95151,7,7,0.0,29.4,0,-70.995672,0.211787,0.212463,0.608021,3,0,6,0,1
1,92.541092,68.273965,0.000147,179.773087,-0.000187,66,66,0.0,46.54,1,-78.397021,0.954082,0.926256,0.962129,0,0,0,0,0
9,61.899533,74.465123,3.515317,359.495316,0.0,13,13,0.0,23.59,1,-70.469913,0.948017,0.946429,0.950651,0,0,0,0,1
7,69.36922,77.731184,0.0,359.495316,0.0,31,31,0.0,34.38,1,-72.606044,0.253987,0.058392,0.262094,5,0,0,0,1
8,35.723814,74.23455,0.0,359.495316,0.0,26,26,0.0,14.69,0,-73.777989,0.055246,0.055818,0.091156,23,0,0,0,1
10,54.262407,74.39785,2.356944,179.495316,-3.620941,8,8,0.0,49.06,2,-70.227661,0.224451,0.174597,0.550486,3,0,7,0,1
1,92.541092,68.273965,0.0,179.773087,-0.000147,67,67,0.0,19.61,0,-75.557021,0.965278,0.936942,0.962601,0,0,0,0,0
9,61.899744,74.465124,3.515317,359.495316,0.0,14,14,0.0,46.57,2,-72.969929,0.944201,0.950822,0.949683,0,0,0,0,1
7,69.36922,77.731184,0.0,359.495316,0.0,32,32,0.0,34.37,2,-75.686044,0.253991,0.061794,0.260879,5,0,0,0,1
8,35.723814,74.23455,0.0,359.495316,0.0,27,27,0.0,22.62,1,-76.517989,0.055172,0.053113,0.085758,24,0,0,0,1
10,54.342877,74.398559,0.080487,179.495316,-2.276432,9,9,0.0,54.46,2,-70.65257,0.233316,0.145448,0.50291,3,0,8,0,1
1,92.541092,68.273965,0.0,179.773087,0.0,68,68,0.0,31.76,0,-75.427021,0.971134,0.933707,0.963881,0,0,0,0,0
9,61.89985,74.465125,3.515317,359.495316,0.0,15,15,0.0,23.98,0,-73.579937,0.95395,0.949366,0.950323,0,0,0,0,1
7,69.36922,77.731184,0.0,359.495316,0.0,33,33,0.0,33.48,0,-74.506044,0.253994,0.056346,0.259846,5,0,0,0,1
8,35.723814,74.23455,0.0,359.495316,0.0,28,28,0.0,31.69,2,-76.687989,0.055121,0.049835,0.081163,25,0,0,0,1
10,54.396425,74.39903,0.05356,179.495316,-0.026927,10,10,0.0,34.6,2,-73.199246,0.239521,0.119086,0.463402,3,0,9,0,1
1,92.541092,68.273965,0.0,179.773087,0.0,69,69,0.0,42.39,2,-75.727021,0.962394,0.93978,0.963658,0,0,0,0,0
9,61.89985,74.465125,3.515317,359.495316,0.0,16,16,0.0,22.57,1,-71.109937,0.955253,0.955525,0.951063,0,0,0,0,1
7,69.36922,77.731184,0.0,359.495316,0.0,34,34,0.0,23.55,0,-74.116044,0.253996,0.054759,0.258968,5,0,0,0,1
8,35.723814,74.23455,0.0,359.495316,0.0,29,29,0.0,40.88,2,-73.857989,0.055084,0.054876,0.077251,26,0,0,0,1
10,54.398719,74.399051,0.002294,179.495316,-0.051265,11,11,0.0,17.79,0,-72.349105,0.243865,0.107064,0.430471,3,0,10,0,1
1,92.541092,68.273965,0.0,179.773087,0.0,70,70,0.0,30.45,0,-77.327021,0.969416,0.938085,0.964522,0,0,0,0,0
9,61.89985,74.465125,3.515317,359.495316,0.0,17,17,0.0,38.36,0,-72.269937,0.961925,0.954393,0.952692,0,0,0,0,1
7,69.36922,77.731184,0.0,359.495316,0.0,35,35,0.0,53.23,2,-73.016044,0.253997,0.058569,0.258223,5,0,0,0,1
8,35.723814,74.23455,0.0,359.495316,0.0,30,30,0.0,30.37,2,-76.577989,0.055059,0.060907,0.073922,27,0,0,0,1
10,54.399726,74.399059,0.001008,179.495316,-0.001287,12,12,0.0,44.49,2,-73.169043,0.246905,0.098048,0.402936,3,0,11,0,1
1,92.541092,68.273965,0.0,179.773087,0.0,71,71,0.0,46.92,2,-78.537021,0.959391,0.930064,0.963752,0,0,0,0,0
9,61.89985,74.465125,3.515317,359.495316,0.0,18,18,0.0,46.15,1,-73.719937,0.958016,0.940045,0.953491,0,0,0,0,1
7,69.36922,77.731184,0.0,359.495316,0.0,36,36,0.0,30.83,0,-74.756044,0.253998,0.060677,0.257589,5,0,0,0,1
8,35.723814,74.23455,0.0,359.495316,0.0,31,31,0.0,47.23,2,-75.817989,0.055041,0.05643,0.07109,28,0,0,0,1
10,54.400319,74.399065,0.000593,179.495316,-0.000415,13,13,0.0,18.04,0,-72.099006,0.249034,0.084536,0.379851,3,0,12,0,1
1,92.541092,68.273965,0.0,179.773087,0.0,72,72,0.0,42.09,2,-77.287021,0.954354,0.935298,0.962342,0,0,0,0,0
9,61.89985,74.465125,3.515317,359.495316,0.0,19,19,0.0,32.19,2,-72.849937,0.948019,0.929784,0.95267,0,0,0,0,1
7,69.36922,77.731184,0.0,359.495316,0.0,37,37,0.0,38.03,2,-74.786044,0.253998,0.062758,0.25705,5,0,0,0,1
8,35.723814,74.23455,0.0,359.495316,0.0,32,32,0.0,52.52,2,-76.317989,0.055029,0.061573,0.068681,29,0,0,0,1
10,54.400436,74.399066,0.000117,179.495316,-0.000476,14,14,0.0,25.6,0,-71.568999,0.250524,0.074652,0.360452,3,0,13,0,1
1,92.541092,68.273965,0.0,179.773087,0.0,73,73,0.0,48.61,2,-77.937021,0.950468,0.940473,0.960561,0,0,0,0,0
9,61.89985,74.465125,3.515317,359.495316,0.0,20,20,0.0,37.79,1,-72.659937,0.949181,0.927088,0.952147,0,0,0,0,1
7,69.36922,77.731184,0.0,359.495316,0.0,38,38,0.0,31.5,2,-74.386044,0.253999,0.058318,0.256593,5,0,0,0,1
8,35.723814,74.23455,0.0,359.495316,0.0,33,33,0.0,53.49,2,-75.317989,0.05502,0.06393,0.066632,30,0,0,0,1
10,54.400436,74.399066,0.0,179.495316,-0.000117,15,15,0.0,25.53,1,-70.538999,0.251566,0.072489,0.344119,3,0,14,0,1
1,92.541092,68.273965,0.0,179.773087,0.0,74,74,0.0,34.86,2,-77.337021,0.945887,0.936105,0.95836,0,0,0,0,0
11,30.058877,77.384914,0.0,359.495316,0.0,2,2,0.0,51.14,2,-76.650816,0.944576,0.91775,0.949186,0,0,0,0,0
9,61.89985,74.465125,3.515317,359.495316,0.0,21,21,0.0,24.44,0,-73.389937,0.959175,0.932066,0.953201,0,0,0,0,1
7,69.36922,77.731184,0.0,359.495316,0.0,39,39,0.0,49.34,2,-72.746044,0.253999,0.062989,0.256204,5,0,0,0,1
8,35.723814,74.23455,0.0,359.495316,0.0,34,34,0.0,44.67,2,-75.257989,0.055014,0.065197,0.064889,31,0,0,0,1
10,54.400436,74.399066,0.0,179.495316,0.0,16,16,0.0,45.58,2,-72.738999,0.252297,0.071617,0.330346,3,0,15,0,1
1,92.541092,68.273965,0.0,179.773087,0.0,75,75,0.0,38.72,0,-77.347021,0.957381,0.931079,0.958213,0,0,0,0,0
11,32.102605,77.402917,2.044178,359.495316,2.044182,3,3,0.0,45.01,1,-77.640508,0.951963,0.927813,0.949603,0,0,0,0,0
9,61.89985,74.465125,3.515317,359.495316,0.0,22,22,0.0,43.75,2,-70.629937,0.949911,0.930299,0.952707,0,0,0,0,1
7,69.36922,77.731184,0.0,359.495316,0.0,40,40,0.0,37.27,1,-75.806044,0.253999,0.058742,0.255873,5,0,0,0,1
8,35.723814,74.23455,0.0,359.495316,0.0,35,35,0.0,20.0,0,-74.567989,0.05501,0.067898,0.063407,32,0,0,0,1
10,54.400436,74.399066,0.0,179.495316,0.0,17,17,0.0,46.63,2,-70.508999,0.252808,0.070213,0.318715,3,0,16,0,1
1,92.541092,68.273965,0.0,179.773087,0.0,76,76,0.0,32.44,0,-78.097021,0.966447,0.936559,0.959448,0,0,0,0,0
11,35.986352,77.437127,3.884602,359.495316,1.840427,4,4,0.0,30.89,2,-74.666424,0.682874,0.715109,0.909594,1,0,0,0,1
9,61.89985,74.465125,3.515317,359.495316,0.0,23,23,0.0,25.4,0,-71.709937,0.959986,0.935475,0.953799,0,0,0,0,1
7,69.36922,77.731184,0.0,359.495316,0.0,41,41,0.0,30.78,2,-74.726044,0.254,0.058306,0.255592,5,0,0,0,1
8,35.723814,74.23455,0.0,359.495316,0.0,36,36,0.0,45.46,1,-74.657989,0.055007,0.061673,0.062147,33,0,0,0,1
10,54.400436,74.399066,0.0,179.495316,0.0,18,18,0.0,26.95,1,-72.428999,0.253165,0.067659,0.308882,3,0,17,0,1
1,92.541092,68.273965,0.0,179.773087,0.0,77,77,0.0,44.26,1,-76.617021,0.964753,0.937919,0.960244,0,0,0,0,0
11,41.556301,77.486191,5.571175,359.495316,1.686577,5,5,0.0,31.52,1,-73.729362,0.494512,0.547582,0.847331,2,0,0,0,1
9,61.89985,74.465125,3.515317,359.495316,0.0,24,24,0.0,22.89,0,-71.189937,0.964158,0.927606,0.955353,0,0,0,0,1
7,69.36922,77.731184,0.0,359.495316,0.0,42,42,0.0,22.75,0,-74.526044,0.254,0.05923,0.255353,5,0,0,0,1
8,35.723814,74.23455,0.0,359.495316,0.0,37,37,0.0,38.74,1,-76.837989,0.055005,0.062255,0.061076,34,0,0,0,1
10,54.400436,74.399066,0.0,179.495316,0.0,19,19,0.0,34.67,1,-73.478999,0.253416,0.064245,0.300562,3,0,18,0,1
1,92.541092,68.273965,0.0,179.773087,0.0,78,78,0.0,34.69,2,-78.467021,0.956727,0.933439,0.959716,0,0,0,0,0
11,49.580245,77.556871,8.025712,359.495316,2.45451,6,6,0.0,33.26,0,-73.288757,0.362658,0.430437,0.77463,3,0,0,0,1
9,61.89985,74.465125,3.515317,359.495316,0.0,25,25,0.0,35.85,2,-72.259937,0.952919,0.931454,0.954988,0,0,0,0,1
7,69.36922,77.731184,0.0,359.495316,0.0,43,43,0.0,30.33,2,-75.426044,0.254,0.054422,0.25515,5,0,0,0,1
8,35.723814,74.23455,0.0,359.495316,0.0,38,38,0.0,44.46,2,-76.037989,0.055003,0.056691,0.060165,35,0,0,0,1
10,54.400436,74.399066,0.0,179.495316,0.0,20,20,0.0,36.85,2,-70.308999,0.253591,0.064183,0.293517,3,0,19,0,1
1,92.541092,68.273965,0.0,179.773087,0.0,79,79,0.0,31.14,2,-75.457021,0.950089,0.92608,0.958272,0,0,0,0,0
11,56.774576,77.620243,7.195915,359.495316,-0.829802,7,7,0.0,40.29,2,-72.754914,0.270361,0.340577,0.69899,4,0,0,0,1
9,61.89985,74.465125,3.515317,359.495316,0.0,26,26,0.0,39.34,2,-71.799937,0.946011,0.929091,0.953641,0,0,0,0,1
12,30.058877,77.384914,0.0,359.495316,0.0,2,2,0.0,30.03,0,-78.790816,0.96008,0.92125,0.951512,0,0,0,0,0
7,69.36922,77.731184,0.0,359.495316,0.0,44,44,0.0,14.93,0,-75.606044,0.254,0.056067,0.254978,5,0,0,0,1
8,35.723814,74.23455,0.0,359.495316,0.0,39,39,0.0,23.87,1,-74.627989,0.055002,0.062268,0.059391,36,0,0,0,1
10,54.400436,74.399066,0.0,179.495316,0.0,21,21,0.0,34.38,0,-73.058999,0.253714,0.066638,0.287546,3,0,20,0,1
1,92.541092,68.273965,0.0,179.773087,0.0,80,80,0.0,37.98,1,-77.697021,0.952822,0.92306,0.957455,0,0,0,0,0
11,60.286459,77.651178,3.512656,359.495316,-3.683262,8,8,0.0,37.98,1,-72.175074,0.205753,0.269183,0.625004,5,0,0,0,1
9,61.89985,74.465125,3.515317,359.495316,0.0,27,27,0.0,36.29,2,-71.779937,0.940636,0.931318,0.95169,0,0,0,0,1
12,31.481754,74.197183,1.393184,359.495316,1.393185,3,3,0.0,36.72,1,-76.202272,0.962936,0.931187,0.953226,0,0,0,0,0
2,86.252922,111.438457,0.0,90.641021,0.0,2,2,0.0,24.77,1,-83.917459,0.9557,0.9345,0.950855,0,0,0,0,0
1,131.89,68.429802,0.0,179.773087,0.0,2,2,0.0,26.92,1,-84.736888,0.95294,0.92,0.950441,0,0,0,0,0
3,30.058877,77.384914,0.0,359.495316,0.0,2,2,0.0,41.4,2,-78.750816,0.94634,0.918,0.949451,0,0,0,0,0
2,86.228304,109.238107,2.199685,90.641021,2.199684,3,3,0.0,31.26,1,-84.596384,0.95951,0.940375,0.952153,0,0,0,0,0
1,130.05457,68.422533,1.83543,179.773087,1.835429,3,3,0.0,30.17,2,-84.771408,0.947798,0.92025,0.950045,0,0,0,0,0
3,32.387366,77.405425,2.329001,359.495316,2.329,3,3,0.0,30.73,2,-75.110799,0.943058,0.9165,0.948492,0,0,0,0,0
2,86.184962,105.364296,3.87264,90.641021,1.672955,4,4,0.0,44.72,2,-83.559466,0.689957,0.719781,0.912824,1,0,0,0,0
1,126.772775,68.409536,3.281795,179.773087,1.446364,4,4,0.0,43.43,2,-85.734949,0.944619,0.919437,0.949231,0,0,0,0,0
3,36.402931,77.440797,4.016449,359.495316,1.687447,4,4,0.0,45.73,1,-74.451994,0.948801,0.924875,0.948538,0,0,0,0,0
2,86.120078,99.565111,5.797431,90.641021,1.924815,5,5,0.0,31.48,2,-80.873144,0.50127,0.550836,0.851091,2,0,0,0,0
1,122.058008,68.390863,4.714767,179.773087,1.432972,5,5,0.0,43.63,2,-82.969933,0.944193,0.926328,0.948475,0,0,0,0,0
4,131.89,68.429802,0.0,179.773087,0.0,2,2,0.0,48.23,2,-84.436888,0.94532,0.9155,0.949298,0,0,0,0,0
3,42.391876,77.493551,5.990264,359.495316,1.9738,5,5,0.0,45.05,1,-73.330621,0.95426,0.928406,0.949397,0,0,0,0,0
2,86.030387,91.548648,8.01404,90.641021,2.216592,6,6,0.0,29.55,0,-79.822123,0.369189,0.424627,0.778805,3,0,0,0,0
1,115.983977,68.366808,6.074031,179.773087,1.359279,6,6,0.0,23.07,0,-82.800902,0.956975,0.926996,0.94975,0,0,0,0,0
4,130.479052,68.424214,1.410948,179.773087,1.410945,3,3,0.0,27.64,0,-83.607987,0.957944,0.924375,0.950595,0,0,0,0,0
3,50.030799,77.560839,7.640605,359.495316,1.650348,6,6,0.0,42.0,2,-72.849959,0.948602,0.922555,0.949277,0,0,0,0,0
2,85.976792,86.758384,4.788815,90.641021,-3.225238,7,7,0.0,22.38,0,-77.762412,0.276732,0.33447,0.703494,4,0,0,0,0
5,131.89,68.429802,0.0,179.773087,0.0,2,2,0.0,17.04,0,-83.886888,0.96074,0.92025,0.951611,0,0,0,0,0
1,114.409946,68.360574,1.574031,179.773087,-4.499987,7,7,0.0,23.18,0,-80.630997,0.965623,0.925497,0.952131,0,0,0,0,0
4,127.516612,71.612529,2.950359,179.773137,1.539416,4,4,0.0,25.78,1,-85.180837,0.960781,0.927781,0.952123,0,0,0,0,0
3,59.722571,77.646211,9.693906,359.495316,2.053306,7,7,0.0,37.67,2,-73.546515,0.944942,0.920416,0.948627,0,0,0,0,0
2,85.958359,85.11093,1.646955,90.641021,-3.141847,8,8,0.0,23.94,0,-78.526221,0.269913,0.265603,0.638457,4,0,0,0,0
5,129.336656,68.41969,2.553344,179.773087,2.553332,3,3,0.0,27.31,1,-84.26803,0.962138,0.926187,0.95319,0,0,0,0,0
1,114.409946,68.360574,0.0,179.773087,-1.574024,8,8,0.0,36.25,2,-80.680997,0.956676,0.920623,0.952813,0,0,0,0,0
4,122.028388,71.590799,5.487016,179.773137,2.536666,5,5,0.0,34.47,0,-84.004248,0.969127,0.933086,0.954673,0,0,0,0,0
3,69.308507,77.73065,9.588047,359.495316,-0.105858,8,8,0.0,51.33,2,-73.467157,0.944401,0.933562,0.947993,0,0,0,0,0
2,85.954027,84.723707,0.387107,90.641021,-1.259845,9,9,0.0,29.32,1,-78.764227,0.265139,0.216452,0.582459,4,0,0,0,0
5,125.082598,68.402842,4.254059,179.773087,1.700711,4,4,0.0,22.2,0,-85.475387,0.970977,0.936141,0.955858,0,0,0,0,0
1,114.409946,68.360574,0.0,179.773087,0.0,9,9,0.0,35.99,2,-83.270997,0.952033,0.922717,0.952696,0,0,0,0,0
4,114.978874,71.562886,7.047963,179.773137,1.560943,6,6,0.0,32.96,2,-82.150791,0.961649,0.935314,0.95572,0,0,0,0,0
3,74.172057,78.840683,5.088047,346.923234,-4.500047,9,9,0.0,54.38,2,-75.338265,0.941293,0.940672,0.946988,0,0,0,0,0
2,85.951343,84.48384,0.239794,90.641021,-0.147314,10,10,0.0,23.93,1,-78.503321,0.261797,0.177339,0.53436,4,0,0,0,0
5,122.390022,71.592231,2.679366,179.773137,-1.574689,5,5,0.0,30.74,2,-83.145159,0.961924,0.939855,0.956768,0,0,0,0,0
1,114.409946,68.360574,0.0,179.773087,0.0,10,10,0.0,44.41,2,-83.800997,0.949443,0.927538,0.952208,0,0,0,0,0
4,105.704714,71.526165,9.272121,179.773137,2.224152,7,7,0.0,28.82,0,-82.243786,0.968414,0.935986,0.957624,0,0,0,0,0
3,76.256022,83.046739,4.914053,296.918435,-0.173992,10,10,0.0,39.79,2,-78.561809,0.677205,0.724754,0.906521,1,0,0,0,0
2,85.951264,84.47676,0.007078,90.641021,-0.232714,11,11,0.0,22.68,0,-77.931817,0.259458,0.150004,0.493125,4,0,0,0,0
5,118.046957,71.575034,4.34211,179.773137,1.662749,6,6,0.0,23.78,0,-84.365463,0.968487,0.933642,0.958526,0,0,0,0,0
1,114.409946,68.360574,0.0,179.773087,0.0,11,11,0.0,29.63,1,-82.300997,0.95519,0.935903,0.952655,0,0,0,0,0
4,94.71397,71.482647,10.988326,179.773137,1.716211,8,8,0.0,33.54,2,-78.821577,0.96157,0.940989,0.958216,0,0,0,0,0
3,76.395833,88.568754,5.52838,270.659842,0.614334,11,11,0.0,18.67,0,-77.27491,0.492343,0.562815,0.844394,2,0,0,0,0
2,85.951206,84.471599,0.005159,90.641021,-0.001918,12,12,0.0,16.93,0,-79.240721,0.257821,0.130003,0.457829,4,0,0,0,0
5,111.131427,71.547652,6.914009,179.773137,2.571892,7,7,0.0,34.49,2,-81.373684,0.961261,0.936981,0.958936,0,0,0,0,0
1,114.409946,68.360574,0.0,179.773087,0.0,12,12,0.0,27.82,1,-83.560997,0.958553,0.940928,0.95354,0,0,0,0,0
4,81.171934,71.406214,13.541334,179.64683,2.553016,9,9,0.0,40.55,1,-73.495529,0.960739,0.936242,0.958594,0,0,0,0,0
3,76.486243,96.647004,8.07825,270.641215,2.549844,12,12,0.0,32.78,2,-78.719093,0.36294,0.436861,0.772176,3,0,0,0,0
2,85.951203,84.471331,0.000268,90.641021,-0.004891,13,13,0.0,20.18,0,-79.460664,0.256674,0.112502,0.427656,4,0,0,0,0
5,102.852676,71.514872,8.27693,179.773137,1.362933,8,8,0.0,35.1,1,-80.388719,0.962982,0.936736,0.959543,0,0,0,0,0
1,114.409946,68.360574,0.0,179.773087,0.0,13,13,0.0,45.78,1,-80.670997,0.958687,0.929446,0.954312,0,0,0,0,0
4,67.176452,71.311347,13.995483,179.54831,0.454147,10,10,0.0,37.32,2,-71.102865,0.954997,0.935182,0.958055,0,0,0,0,0
3,76.602903,107.070762,10.423757,270.641215,2.345528,13,13,0.0,20.74,0,-82.260095,0.272358,0.337646,0.697203,4,0,0,0,0
2,85.951203,84.471331,0.0,90.641021,-0.000268,14,14,0.0,33.49,0,-78.020664,0.255872,0.099127,0.401888,4,0,0,0,0
5,92.241111,71.472855,10.60923,179.773137,2.332291,9,9,0.0,22.71,1,-78.998352,0.963468,0.936052,0.960132,0,0,0,0,0
1,114.409946,68.360574,0.0,179.773087,0.0,14,14,0.0,28.83,0,-83.670997,0.966521,0.928084,0.956143,0,0,0,0,0
4,52.986046,71.186376,14.190406,179.495427,0.194924,11,11,0.0,19.31,0,-71.228739,0.966638,0.947636,0.959342,0,0,0,0,0
2,85.951203,84.471331,0.0,90.641021,0.0,15,15,0.0,17.63,0,-79.230664,0.25531,0.091345,0.379902,4,0,0,0,0
5,79.938697,71.398612,12.302256,179.64683,1.693032,10,10,0.0,33.76,2,-76.041794,0.956187,0.932039,0.95954,0,0,0,0,0
1,114.409946,68.360574,0.0,179.773087,0.0,15,15,0.0,16.34,0,-80.770997,0.973325,0.933063,0.958721,0,0,0,0,0
4,38.461459,71.058463,14.524587,179.495427,0.334182,12,12,0.0,38.95,0,-74.914889,0.973407,0.946977,0.961452,0,0,0,0,0
2,85.951203,84.471331,0.0,90.641021,0.0,16,16,0.0,33.62,0,-79.870664,0.254917,0.085509,0.361154,4,0,0,0,0
5,65.872604,71.299864,14.066093,179.508829,1.763822,11,11,0.0,42.09,1,-71.794284,0.960091,0.938029,0.959623,0,0,0,0,0
1,114.409946,68.360574,0.0,179.773087,0.0,16,16,0.0,21.56,0,-83.740997,0.977187,0.935797,0.961491,0,0,0,0,0
4,25.14472,70.941186,13.316739,179.495427,-1.207846,13,13,0.0,27.05,0,-77.592755,0.979525,0.957233,0.964163,0,0,0,0,0
2,85.951203,84.471331,0.0,90.641021,0.0,17,17,0.0,46.55,2,-77.170664,0.254642,0.081132,0.345177,4,0,0,0,0
5,52.567311,71.182689,13.305293,179.495427,-0.760803,12,12,0.0,39.34,2,-68.787184,0.955744,0.940522,0.959041,0,0,0,0,0
1,114.409946,68.360574,0.0,179.773087,0.0,17,17,0.0,44.69,1,-81.090997,0.974791,0.938598,0.963486,0,0,0,0,0
2,85.951203,84.471331,0.0,90.641021,0.0,18,18,0.0,32.42,0,-78.340664,0.254449,0.073849,0.331568,4,0,0,0,0
5,39.055477,71.063694,13.511833,179.495427,0.20654,13,13,0.0,30.75,2,-73.186008,0.951921,0.944641,0.957973,0,0,0,0,0
1,114.409946,68.360574,0.0,179.773087,0.0,18,18,0.0,52.48,2,-81.000997,0.964066,0.939949,0.963573,0,0,0,0,0
2,85.951203,84.471331,0.0,90.641021,0.0,19,19,0.0,40.31,2,-77.590664,0.254315,0.070137,0.31998,4,0,0,0,0
5,26.031708,70.948998,13.023769,179.495427,-0.488067,14,14,0.0,33.55,1,-75.977265,0.954584,0.935481,0.957465,0,0,0,0,0
1,114.409946,68.360574,0.0,179.773087,0.0,19,19,0.0,32.23,2,-80.560997,0.958406,0.943961,0.962798,0,0,0,0,0
2,85.951203,84.471331,0.0,90.641021,0.0,20,20,0.0,49.43,2,-79.340664,0.25422,0.063852,0.310116,4,0,0,0,0
1,114.409946,68.360574,0.0,179.773087,0.0,20,20,0.0,29.54,2,-83.540997,0.951864,0.933971,0.961158,0,0,0,0,0
2,85.951203,84.471331,0.0,90.641021,0.0,21,21,0.0,47.09,2,-77.260664,0.254154,0.063889,0.301722,4,0,0,0,0
1,114.409946,68.360574,0.0,179.773087,0.0,21,21,0.0,32.06,1,-82.890997,0.956345,0.939228,0.960436,0,0,0,0,0
2,85.951203,84.471331,0.0,90.641021,0.0,22,22,0.0,34.78,0,-78.680664,0.254108,0.065167,0.29458,4,0,0,0,0
1,114.409946,68.360574,0.0,179.773087,0.0,22,22,0.0,46.58,1,-81.950997,0.957921,0.940421,0.960059,0,0,0,0,0
2,85.951203,84.471331,0.0,90.641021,0.0,23,23,0.0,26.98,0,-77.030664,0.254076,0.064625,0.288504,4,0,0,0,0
1,114.409946,68.360574,0.0,179.773087,0.0,23,23,0.0,38.48,1,-81.700997,0.959745,0.943816,0.960012,0,0,0,0,0
2,85.951203,84.471331,0.0,90.641021,0.0,24,24,0.0,25.68,1,-78.960664,0.254053,0.060719,0.283336,4,0,0,0,0
6,30.058877,77.384914,0.0,359.495316,0.0,2,2,0.0,42.38,2,-76.440816,0.94622,0.919,0.949433,0,0,0,0,0
1,114.409946,68.360574,0.0,179.773087,0.0,24,24,0.0,27.33,1,-81.900997,0.959402,0.935362,0.95992,0,0,0,0,0
2,85.951203,84.471331,0.0,90.641021,0.0,25,25,0.0,31.36,2,-77.920664,0.254037,0.056789,0.278942,4,0,0,0,0
6,31.674484,74.198881,1.585956,359.495316,1.585953,3,3,0.0,39.25,2,-77.866519,0.943034,0.923,0.948473,0,0,0,0,0
1,114.409946,68.360574,0.0,179.773087,0.0,25,25,0.0,39.1,0,-81.230997,0.967021,0.927771,0.960985,0,0,0,0,0
2,85.951203,84.471331,0.0,90.641021,0.0,26,26,0.0,39.48,1,-80.000664,0.254026,0.061592,0.275204,4,0,0,0,0
6,35.187178,74.229823,3.513468,359.495316,1.927521,4,4,0.0,31.47,2,-76.514222,0.941464,0.92025,0.947422,0,0,0,0,0
1,114.409946,68.360574,0.0,179.773087,0.0,26,26,0.0,33.78,2,-81.890997,0.957295,0.924079,0.960432,0,0,0,0,0
2,85.951203,84.471331,0.0,90.641021,0.0,27,27,0.0,39.88,2,-79.470664,0.254018,0.065944,0.272026,4,0,0,0,0
6,40.429666,74.276002,5.243642,359.495316,1.730171,5,5,0.0,50.84,2,-73.720785,0.939861,0.920437,0.946288,0,0,0,0,0
1,114.409946,68.360574,0.0,179.773087,0.0,27,27,0.0,19.54,0,-82.140997,0.966446,0.925059,0.961334,0,0,0,0,0
2,85.951203,84.471331,0.0,90.641021,0.0,28,28,0.0,28.79,0,-77.350664,0.254013,0.065208,0.269324,4,0,0,0,0
6,47.040801,74.334237,6.612591,359.495316,1.368946,6,6,0.0,26.0,1,-74.328795,0.948782,0.930078,0.946662,0,0,0,0,0
1,114.409946,68.360574,0.0,179.773087,0.0,28,28,0.0,33.17,2,-81.760997,0.958392,0.926294,0.960893,0,0,0,0,0
2,85.951203,84.471331,0.0,90.641021,0.0,29,29,0.0,35.94,2,-80.430664,0.254009,0.066156,0.267027,4,0,0,0,0
6,56.010931,74.413252,8.972106,359.495316,2.359511,7,7,0.0,25.4,1,-73.423061,0.952808,0.927559,0.947584,0,0,0,0,0
1,114.409946,68.360574,0.0,179.773087,0.0,29,29,0.0,30.67,0,-82.970997,0.965655,0.918221,0.961607,0,0,0,0,0
2,85.951203,84.471331,0.0,90.641021,0.0,30,30,0.0,21.4,0,-79.090664,0.254006,0.065867,0.265074,4,0,0,0,0
6,65.970719,74.500984,9.961982,359.495316,0.98988,8,8,0.0,51.27,2,-70.837133,0.949643,0.934169,0.947893,0,0,0,0,0
1,114.409946,68.360574,0.0,179.773087,0.0,30,30,0.0,32.57,1,-81.610997,0.964198,0.916665,0.961996,0,0,0,0,0
2,85.951203,84.471331,0.0,90.641021,0.0,31,31,0.0,27.62,0,-79.080664,0.254004,0.0659,0.263413,4,0,0,0,0
6,71.893344,74.338116,5.938445,1.966401,-4.023531,9,9,0.0,24.26,1,-73.569724,0.95539,0.945627,0.949017,0,0,0,0,0
1,114.409946,68.360574,0.0,179.773087,0.0,31,31,0.0,39.79,2,-83.150997,0.955499,0.913999,0.961021,0,0,0,0,0
2,85.951203,84.471331,0.0,90.641021,0.0,32,32,0.0,25.43,0,-77.310664,0.254003,0.063675,0.262002,4,0,0,0,0
6,78.862077,71.94615,7.527432,24.694037,1.588994,10,10,0.0,40.86,1,-75.080121,0.959413,0.95397,0.950577,0,0,0,0,0
1,114.409946,68.360574,0.0,179.773087,0.0,32,32,0.0,48.62,2,-81.270997,0.951389,0.920249,0.959576,0,0,0,0,0
2,85.951203,84.471331,0.0,90.641021,0.0,33,33,0.0,44.74,1,-80.390664,0.254002,0.066506,0.260802,4,0,0,0,0
6,82.222908,63.685407,9.259333,78.934386,1.731899,11,11,0.0,33.83,2,-73.069973,0.689889,0.732228,0.911474,1,0,0,0,0
1,114.409946,68.360574,0.0,179.773087,0.0,33,33,0.0,42.66,1,-82.250997,0.953972,0.916187,0.958736,0,0,0,0,0
2,85.951203,84.471331,0.0,90.641021,0.0,34,34,0.0,35.56,2,-79.170664,0.254001,0.06488,0.259782,4,0,0,0,0
6,82.211454,54.968033,8.728998,91.30091,-0.530334,12,12,0.0,44.05,1,-72.209203,0.501223,0.563921,0.849936,2,0,0,0,0
1,114.409946,68.360574,0.0,179.773087,0.0,34,34,0.0,53.95,2,-80.550997,0.945791,0.91864,0.956794,0,0,0,0,0
2,85.951203,84.471331,0.0,90.641021,0.0,35,35,0.0,30.87,2,-78.230664,0.254001,0.06091,0.258915,4,0,0,0,0
6,81.961586,43.965038,11.005934,91.30091,2.276934,13,13,0.0,26.78,1,-72.690338,0.369156,0.44219,0.777819,3,0,0,0,0
1,114.409946,68.360574,0.0,179.773087,0.0,35,35,0.0,29.29,1,-83.580997,0.949453,0.91623,0.955693,0,0,0,0,0
2,85.951203,84.471331,0.0,90.641021,0.0,36,36,0.0,34.75,2,-78.880664,0.254001,0.062682,0.258178,4,0,0,0,0
6,81.673046,31.259085,12.709347,91.30091,1.70342,14,14,0.0,21.07,0,-75.22199,0.276709,0.341893,0.702652,4,0,0,0,0
1,114.409946,68.360574,0.0,179.773087,0.0,36,36,0.0,17.2,0,-80.950997,0.960357,0.918673,0.956393,0,0,0,0,0
2,85.951203,84.471331,0.0,90.641021,0.0,37,37,0.0,30.63,1,-78.190664,0.254001,0.062512,0.257551,4,0,0,0,0
1,114.409946,68.360574,0.0,179.773087,0.0,37,37,0.0,45.47,1,-80.600997,0.96271,0.929754,0.95734,0,0,0,0,0
2,85.951203,84.471331,0.0,90.641021,0.0,38,38,0.0,30.07,2,-78.410664,0.254,0.065634,0.257018,4,0,0,0,0
7,30.058877,77.384914,0.0,359.495316,0.0,2,2,0.0,40.24,2,-77.050816,0.94586,0.922,0.949379,0,0,0,0,0
1,114.409946,68.360574,0.0,179.773087,0.0,38,38,0.0,22.21,1,-81.180997,0.962317,0.929066,0.958087,0,0,0,0,0
2,85.951203,84.471331,0.0,90.641021,0.0,39,39,0.0,30.48,0,-79.300664,0.254,0.060475,0.256566,4,0,0,0,0
7,32.435844,77.405852,2.37749,359.495316,2.377486,3,3,0.0,32.16,1,-75.140642,0.950822,0.92725,0.949595,0,0,0,0,0
1,114.409946,68.360574,0.0,179.773087,0.0,39,39,0.0,18.54,0,-83.830997,0.970502,0.933799,0.959949,0,0,0,0,0
2,85.951203,84.471331,0.0,90.641021,0.0,40,40,0.0,29.2,0,-79.710664,0.254,0.060857,0.256181,4,0,0,0,0
7,36.311758,77.439993,3.876768,359.495316,1.499276,4,4,0.0,46.77,1,-74.970433,0.954475,0.928188,0.950327,0,0,0,0,0
1,114.409946,68.360574,0.0,179.773087,0.0,40,40,0.0,24.33,0,-82.630997,0.976771,0.94435,0.962472,0,0,0,0,0
2,85.951203,84.471331,0.0,90.641021,0.0,41,41,0.0,24.49,0,-77.940664,0.254,0.063392,0.255854,4,0,0,0,0
7,42.346675,77.493153,6.036245,359.495316,2.159473,5,5,0.0,31.86,2,-75.528557,0.950733,0.933141,0.950388,0,0,0,0,0
1,114.409946,68.360574,0.0,179.773087,0.0,41,41,0.0,29.99,2,-82.000997,0.96658,0.949512,0.963089,0,0,0,0,0
2,85.951203,84.471331,0.0,90.641021,0.0,42,42,0.0,37.41,2,-77.340664,0.254,0.061294,0.255576,4,0,0,0,0
7,49.819971,77.558982,7.474942,359.495316,1.438694,6,6,0.0,40.39,2,-75.082497,0.947393,0.937605,0.949939,0,0,0,0,0
1,114.409946,68.360574,0.0,179.773087,0.0,42,42,0.0,48.32,2,-80.420997,0.956926,0.940634,0.962164,0,0,0,0,0
2,85.951203,84.471331,0.0,90.641021,0.0,43,43,0.0,35.43,2,-78.800664,0.254,0.059471,0.255339,4,0,0,0,0
7,59.541079,77.644612,9.723249,359.495316,2.248333,7,7,0.0,36.86,1,-71.951518,0.952555,0.939704,0.950331,0,0,0,0,0
8,30.058877,77.384914,0.0,359.495316,0.0,2,2,0.0,37.25,2,-78.100816,0.94568,0.92425,0.949352,0,0,0,0,0
1,114.409946,68.360574,0.0,179.773087,0.0,43,43,0.0,32.44,2,-81.190997,0.951068,0.938726,0.9605,0,0,0,0,0
2,85.951203,84.471331,0.0,90.641021,0.0,44,44,0.0,42.78,2,-80.230664,0.254,0.055853,0.255138,4,0,0,0,0
7,66.399693,77.705027,6.860124,359.495316,-2.863096,8,8,0.0,37.18,1,-73.623824,0.956409,0.945528,0.951243,0,0,0,0,0
8,31.790149,74.1999,1.701646,359.495316,1.701641,3,3,0.0,50.4,2,-76.929058,0.944216,0.927687,0.948582,0,0,0,0,0
1,114.409946,68.360574,0.0,179.773087,0.0,44,44,0.0,16.11,0,-81.580997,0.962328,0.936044,0.960774,0,0,0,0,0
2,85.951203,84.471331,0.0,90.641021,0.0,45,45,0.0,23.04,1,-80.230664,0.254,0.05464,0.254968,4,0,0,0,0
7,69.354408,77.731054,2.955366,359.495316,-3.904774,9,9,0.0,33.18,2,-73.913873,0.951066,0.938646,0.951216,0,0,0,0,0
8,35.723814,74.23455,3.934532,359.495316,2.232895,4,4,0.0,50.89,2,-74.897989,0.943557,0.930516,0.947828,0,0,0,0,0
1,114.409946,68.360574,0.0,179.773087,0.0,45,45,0.0,39.63,1,-83.630997,0.964449,0.947783,0.961325,0,0,0,0,0
2,85.951203,84.471331,0.0,90.641021,0.0,46,46,0.0,15.1,0,-79.150664,0.254,0.05998,0.254823,4,0,0,0,0
7,69.367588,77.73117,0.013183,359.495316,-2.942196,10,10,0.0,39.68,2,-73.615805,0.949006,0.944735,0.950885,0,0,0,0,0
8,41.51099,74.285527,5.788451,359.495316,1.853903,5,5,0.0,53.29,2,-72.595256,0.939976,0.933137,0.94665,0,0,0,0,0
1,114.409946,68.360574,0.0,179.773087,0.0,46,46,0.0,48.77,2,-82.090997,0.958555,0.946837,0.96091,0,0,0,0,0
2,85.979289,83.167963,1.305539,90.151997,1.305528,47,47,0.0,38.48,0,-79.949988,0.254,0.062485,0.254699,4,0,0,0,0
7,69.368842,77.731181,0.001254,359.495316,-0.011929,11,11,0.0,49.0,2,-74.385989,0.946304,0.941801,0.950198,0,0,0,0,0
8,49.610299,74.356871,8.101092,359.495316,2.312651,6,6,0.0,29.72,2,-73.75314,0.939803,0.930103,0.945623,0,0,0,0,0
1,114.409946,68.360574,0.0,179.773087,0.0,47,47,0.0,26.82,0,-82.220997,0.965828,0.942128,0.961647,0,0,0,0,0
2,86.996503,79.770692,3.616948,77.669993,2.311419,48,48,0.0,19.36,0,-77.183035,0.1961,0.056864,0.245909,5,0,0,0,0
7,69.369067,77.731183,0.000225,359.495316,-0.001029,12,12,0.0,24.62,1,-75.006022,0.952333,0.940101,0.950518,0,0,0,0,0
8,59.734673,74.446053,10.126604,359.495316,2.025521,7,7,0.0,46.73,2,-71.089711,0.940702,0.939077,0.944885,0,0,0,0,0
1,114.409946,68.360574,0.0,179.773087,0.0,48,48,0.0,31.97,2,-82.020997,0.95814,0.940846,0.961121,0,0,0,0,0
2,92.536674,77.874106,6.145214,13.011575,2.528259,49,49,0.0,26.51,0,-79.141988,0.21347,0.058398,0.241043,5,0,0,0,0
7,69.369067,77.731183,0.0,359.495316,-0.000225,13,13,0.0,31.07,1,-72.746022,0.956373,0.939326,0.951396,0,0,0,0,0
8,65.924559,74.500577,6.191249,359.495316,-3.935316,8,8,0.0,16.48,0,-71.500783,0.956152,0.943558,0.946575,0,0,0,0,0
1,114.409946,68.360574,0.0,179.773087,0.0,49,49,0.0,25.02,0,-81.020997,0.965958,0.938135,0.961847,0,0,0,0,0
2,100.33417,77.904987,7.797496,359.773087,1.652287,50,50,0.0,37.39,1,-79.625409,0.225629,0.053798,0.238731,5,0,0,0,0
7,69.36922,77.731184,0.000153,359.495316,0.000153,14,14,0.0,22.53,1,-75.506044,0.959321,0.945744,0.952585,0,0,0,0,0
8,69.160079,74.529078,3.236233,359.495316,-2.955046,9,9,0.0,33.76,0,-72.060958,0.964326,0.938668,0.949238,0,0,0,0,0
1,114.409946,68.360574,0.0,179.773087,0.0,50,50,0.0,44.31,1,-81.740997,0.96549,0.934601,0.962393,0,0,0,0,0
2,110.509597,77.945286,10.175426,359.773087,2.37791,51,51,0.0,45.5,1,-83.185739,0.23414,0.055099,0.238043,5,0,0,0,0
7,69.36922,77.731184,0.0,359.495316,-0.000153,15,15,0.0,33.0,2,-73.956044,0.954785,0.947808,0.952915,0,0,0,0,0
8,69.379235,74.531008,0.219204,359.495316,-3.017003,10,10,0.0,31.31,0,-72.649842,0.969688,0.927501,0.952305,0,0,0,0,0
1,114.409946,68.360574,0.0,179.773087,0.0,51,51,0.0,34.32,2,-82.200997,0.958503,0.935451,0.96181,0,0,0,0,0
2,122.555411,77.992992,12.045815,359.773087,1.870397,52,52,0.0,42.75,2,-83.906816,0.240098,0.052324,0.238351,5,0,0,0,0
7,69.36922,77.731184,0.0,359.495316,0.0,16,16,0.0,27.51,1,-73.336044,0.959169,0.955606,0.953853,0,0,0,0,0
8,69.398223,74.531176,0.018992,359.495316,-0.200214,11,11,0.0,24.56,0,-74.023234,0.976682,0.936126,0.955962,0,0,0,0,0
1,114.409946,68.360574,0.0,179.773087,0.0,52,52,0.0,54.49,2,-81.320997,0.950978,0.938838,0.960185,0,0,0,0,0
2,136.283477,78.04736,13.728066,359.773087,1.682258,53,53,0.0,16.04,0,-87.215497,0.244269,0.053493,0.239239,5,0,0,0,0
7,69.36922,77.731184,0.0,359.495316,0.0,17,17,0.0,46.32,1,-72.786044,0.958939,0.944955,0.954616,0,0,0,0,0
8,69.399025,74.531183,0.000802,359.495316,-0.01819,12,12,0.0,28.1,0,-71.343377,0.980797,0.937844,0.959687,0,0,0,0,0
1,114.409946,68.360574,0.0,179.773087,0.0,53,53,0.0,39.85,1,-80.730997,0.953685,0.936628,0.95921,0,0,0,0,0
7,69.36922,77.731184,0.0,359.495316,0.0,18,18,0.0,29.26,0,-73.556044,0.966817,0.940216,0.956446,0,0,0,0,0
8,69.399199,74.531184,0.000174,359.495316,-0.000628,13,13,0.0,19.78,0,-73.463408,0.982298,0.931883,0.963079,0,0,0,0,0
1,114.409946,68.360574,0.0,179.773087,0.0,54,54,0.0,32.87,2,-83.800997,0.949459,0.937471,0.957747,0,0,0,0,0
7,69.36922,77.731184,0.0,359.495316,0.0,19,19,0.0,19.05,0,-75.516044,0.973052,0.940912,0.958937,0,0,0,0,0
8,69.399199,74.531184,0.0,359.495316,-0.000174,14,14,0.0,32.33,0,-72.933408,0.982809,0.928162,0.966038,0,0,0,0,0
9,30.058877,77.384914,0.0,359.495316,0.0,2,2,0.0,30.76,0,-78.250816,0.96134,0.9275,0.951701,0,0,0,0,0
1,114.409946,68.360574,0.0,179.773087,0.0,55,55,0.0,23.6,0,-80.860997,0.962102,0.947354,0.958401,0,0,0,0,0
7,69.36922,77.731184,0.0,359.495316,0.0,20,20,0.0,29.26,0,-72.816044,0.976876,0.940934,0.961628,0,0,0,0,0
8,69.399199,74.531184,0.0,359.495316,0.0,15,15,0.0,34.77,1,-73.083408,0.978906,0.937622,0.967968,0,0,0,0,0
9,31.558666,74.197861,1.470112,359.495316,1.470119,3,3,0.0,42.17,1,-76.954015,0.962798,0.932125,0.953366,0,0,0,0,0
1,114.409946,68.360574,0.0,179.773087,0.0,56,56,0.0,21.34,0,-82.850997,0.968971,0.940765,0.959986,0,0,0,0,0
7,69.36922,77.731184,0.0,359.495316,0.0,21,21,0.0,38.78,2,-75.076044,0.964853,0.9337,0.962112,0,0,0,0,0
8,69.399199,74.531184,0.0,359.495316,0.0,16,16,0.0,52.28,2,-74.643408,0.967486,0.948716,0.967896,0,0,0,0,0
9,35.073209,74.228819,3.515317,359.495316,2.045202,4,4,0.0,36.45,1,-74.341082,0.962559,0.927844,0.954745,0,0,0,0,0
1,112.225244,68.351922,2.184702,179.773087,2.184699,57,57,0.0,38.62,2,-80.773629,0.9589,0.935324,0.959823,0,0,0,0,0
7,69.36922,77.731184,0.0,359.495316,0.0,22,22,0.0,47.84,2,-74.346044,0.956737,0.931025,0.961306,0,0,0,0,0
8,69.399199,74.531184,0.0,359.495316,0.0,17,17,0.0,39.35,0,-74.303408,0.97526,0.956787,0.969001,0,0,0,0,0
9,40.206452,74.274036,5.134373,359.495316,1.619053,5,5,0.0,34.22,2,-72.540125,0.954051,0.927633,0.95464,0,0,0,0,0
1,108.323777,68.33647,3.901468,179.773087,1.716763,58,58,0.0,26.12,0,-81.146341,0.96595,0.934243,0.960742,0,0,0,0,0
7,69.36922,77.731184,0.0,359.495316,0.0,23,23,0.0,26.23,0,-72.456044,0.965216,0.931019,0.961892,0,0,0,0,0
8,69.399199,74.531184,0.0,359.495316,0.0,18,18,0.0,37.4,0,-71.853408,0.979862,0.95359,0.97063,0,0,0,0,0
9,46.643482,74.330738,6.438448,359.495316,1.304073,6,6,0.0,39.87,2,-71.496941,0.951576,0.939975,0.954181,0,0,0,0,0
1,102.571029,68.313687,5.752748,179.773087,1.851278,59,59,0.0,34.37,0,-79.183477,0.974125,0.944682,0.96275,0,0,0,0,0
7,69.36922,77.731184,0.0,359.495316,0.0,24,24,0.0,33.02,2,-73.616044,0.957351,0.934764,0.961211,0,0,0,0,0
8,69.399199,74.531184,0.0,359.495316,0.0,19,19,0.0,53.11,2,-73.883408,0.965618,0.951193,0.969878,0,0,0,0,0
9,55.679831,74.410335,9.038339,359.495316,2.599904,7,7,0.0,29.39,0,-70.254849,0.963823,0.948981,0.955627,0,0,0,0,0
1,96.152036,68.288265,6.418993,179.773087,0.666243,60,60,0.0,54.19,2,-76.716859,0.960533,0.937512,0.962417,0,0,0,0,0
2,86.252922,111.438457,0.0,90.641021,0.0,2,2,0.0,24.77,1,-83.917459,0.9557,0.9345,0.950855,0,0,0,0,0
1,131.89,68.429802,0.0,179.773087,0.0,2,2,0.0,26.92,1,-84.736888,0.95294,0.92,0.950441,0,0,0,0,0
3,30.058877,77.384914,0.0,359.495316,0.0,2,2,0.0,41.4,2,-78.750816,0.94634,0.918,0.949451,0,0,0,0,0
2,86.228304,109.238107,2.199685,90.641021,2.199684,3,3,0.0,31.26,1,-84.596384,0.95951,0.940375,0.952153,0,0,0,0,0
1,130.05457,68.422533,1.83543,179.773087,1.835429,3,3,0.0,30.17,2,-84.771408,0.947798,0.92025,0.950045,0,0,0,0,0
3,32.387366,77.405425,2.329001,359.495316,2.329,3,3,0.0,30.73,2,-75.110799,0.943058,0.9165,0.948492,0,0,0,0,0
2,86.184962,105.364296,3.87264,90.641021,1.672955,4,4,0.0,44.72,2,-83.559466,0.689957,0.719781,0.912824,1,0,0,0,0
1,126.772775,68.409536,3.281795,179.773087,1.446364,4,4,0.0,43.43,2,-85.734949,0.944619,0.919437,0.949231,0,0,0,0,0
3,36.402931,77.440797,4.016449,359.495316,1.687447,4,4,0.0,45.73,1,-74.451994,0.948801,0.924875,0.948538,0,0,0,0,0
2,86.120078,99.565111,5.797431,90.641021,1.924815,5,5,0.0,31.48,2,-80.873144,0.50127,0.550836,0.851091,2,0,0,0,0
1,122.058008,68.390863,4.714767,179.773087,1.432972,5,5,0.0,43.63,2,-82.969933,0.944193,0.926328,0.948475,0,0,0,0,0
4,131.89,68.429802,0.0,179.773087,0.0,2,2,0.0,48.23,2,-84.436888,0.94532,0.9155,0.949298,0,0,0,0,0
3,42.391876,77.493551,5.990264,359.495316,1.9738,5,5,0.0,45.05,1,-73.330621,0.95426,0.928406,0.949397,0,0,0,0,0
2,86.030387,91.548648,8.01404,90.641021,2.216592,6,6,0.0,29.55,0,-79.822123,0.369189,0.424627,0.778805,3,0,0,0,0
1,115.983977,68.366808,6.074031,179.773087,1.359279,6,6,0.0,23.07,0,-82.800902,0.956975,0.926996,0.94975,0,0,0,0,0
4,130.479052,68.424214,1.410948,179.773087,1.410945,3,3,0.0,27.64,0,-83.607987,0.957944,0.924375,0.950595,0,0,0,0,0
3,50.030799,77.560839,7.640605,359.495316,1.650348,6,6,0.0,42.0,2,-72.849959,0.948602,0.922555,0.949277,0,0,0,0,0
2,85.976792,86.758384,4.788815,90.641021,-3.225238,7,7,0.0,22.38,0,-77.762412,0.276732,0.33447,0.703494,4,0,0,0,0
5,131.89,68.429802,0.0,179.773087,0.0,2,2,0.0,17.04,0,-83.886888,0.96074,0.92025,0.951611,0,0,0,0,0
1,114.409946,68.360574,1.574031,179.773087,-4.499987,7,7,0.0,23.18,0,-80.630997,0.965623,0.925497,0.952131,0,0,0,0,0
4,127.516612,71.612529,2.950359,179.773137,1.539416,4,4,0.0,25.78,1,-85.180837,0.960781,0.927781,0.952123,0,0,0,0,0
3,59.722571,77.646211,9.693906,359.495316,2.053306,7,7,0.0,37.67,2,-73.546515,0.944942,0.920416,0.948627,0,0,0,0,0
2,85.958359,85.11093,1.646955,90.641021,-3.141847,8,8,0.0,23.94,0,-78.526221,0.269913,0.265603,0.638457,4,0,0,0,0
5,129.336656,68.41969,2.553344,179.773087,2.553332,3,3,0.0,27.31,1,-84.26803,0.962138,0.926187,0.95319,0,0,0,0,0
1,114.409946,68.360574,0.0,179.773087,-1.574024,8,8,0.0,36.25,2,-80.680997,0.956676,0.920623,0.952813,0,0,0,0,0
4,122.028388,71.590799,5.487016,179.773137,2.536666,5,5,0.0,34.47,0,-84.004248,0.969127,0.933086,0.954673,0,0,0,0,0
3,69.308507,77.73065,9.588047,359.495316,-0.105858,8,8,0.0,51.33,2,-73.467157,0.944401,0.933562,0.947993,0,0,0,0,0
2,85.954027,84.723707,0.387107,90.641021,-1.259845,9,9,0.0,29.32,1,-78.764227,0.265139,0.216452,0.582459,4,0,0,0,0
5,97.082598,46.402842,0.0,179.773087,-2.553337,4,4,0.0,22.2,0,-78.468495,0.689997,0.706641,0.913711,2,0,0,0,1
1,114.409946,68.360574,0.0,179.773087,0.0,9,9,0.0,35.4,1,-81.520997,0.957613,0.924217,0.953533,0,0,0,0,0
4,114.978874,71.562886,7.047963,179.773137,1.560943,6,6,0.0,51.95,2,-80.880791,0.958979,0.931564,0.955319,0,0,0,0,0
3,74.172057,78.840683,5.088047,346.923234,-4.500047,9,9,0.0,45.79,1,-74.598265,0.950161,0.930672,0.948318,0,0,0,0,0
2,85.951343,84.48384,0.239794,90.641021,-0.147314,10,10,0.0,53.0,2,-77.413321,0.261797,0.180589,0.53436,4,0,0,0,0
5,94.390022,49.592231,0.0,179.773137,0.0,5,5,0.0,24.64,1,-77.730892,0.499498,0.54098,0.851579,3,0,0,0,1
1,114.409946,68.360574,0.0,179.773087,0.0,10,10,0.0,30.56,1,-81.240997,0.957909,0.919163,0.954189,0,0,0,0,0
4,105.704714,71.526165,9.272121,179.773137,2.224152,7,7,0.0,53.09,2,-79.033786,0.950591,0.933173,0.95461,0,0,0,0,0
3,76.256022,83.046739,4.914053,296.918435,-0.173992,10,10,0.0,28.08,0,-75.821809,0.683413,0.716754,0.908582,1,0,0,0,0
2,85.951264,84.47676,0.007078,90.641021,-0.232714,11,11,0.0,36.85,2,-78.371817,0.259458,0.153692,0.493125,4,0,0,0,0
5,90.046957,49.575034,0.0,179.773137,0.0,6,6,0.0,40.93,2,-75.637626,0.366148,0.418485,0.778764,4,0,0,0,1
1,114.409946,68.360574,0.0,179.773087,0.0,11,11,0.0,27.26,0,-80.660997,0.965376,0.913622,0.955867,0,0,0,0,0
4,94.71397,71.482647,10.988326,179.773137,1.71622,8,8,0.0,42.38,1,-76.551577,0.954374,0.92888,0.954574,0,0,0,0,0
3,76.395833,88.568754,5.52838,270.659842,0.614329,11,11,0.0,23.28,1,-79.26491,0.496689,0.549565,0.846798,2,0,0,0,0
2,85.951206,84.471599,0.005159,90.641021,-0.001918,12,12,0.0,38.67,0,-78.170721,0.257821,0.134269,0.457829,4,0,0,0,0
5,83.131427,49.547652,0.0,179.773137,0.0,7,7,0.0,49.2,2,-73.36556,0.272804,0.329614,0.70287,5,0,0,0,1
1,114.409946,68.360574,0.0,179.773087,0.0,12,12,0.0,52.22,2,-83.860997,0.954931,0.909967,0.955727,0,0,0,0,0
4,81.171934,71.406214,13.541334,179.64683,2.552983,9,9,0.0,20.89,0,-75.975529,0.963502,0.92916,0.955914,0,0,0,0,0
3,76.486243,96.647004,8.07825,270.641215,2.549877,12,12,0.0,24.92,0,-79.319093,0.365982,0.428174,0.774676,3,0,0,0,0
2,85.951203,84.471331,0.000268,90.641021,-0.004891,13,13,0.0,40.55,1,-77.570664,0.256674,0.111702,0.427656,4,0,0,0,0
5,74.852676,49.514872,0.0,179.773137,0.0,8,8,0.0,40.72,2,-67.792513,0.207463,0.264211,0.628559,6,0,0,0,1
1,114.409946,68.360574,0.0,179.773087,0.0,13,13,0.0,36.96,2,-82.800997,0.949132,0.911975,0.954738,0,0,0,0,0
4,67.176452,71.311347,13.995483,179.54831,0.45415,10,10,0.0,45.78,1,-69.742865,0.962151,0.92062,0.956849,0,0,0,0,0
3,76.602903,107.070762,10.423757,270.641215,2.345511,13,13,0.0,40.76,2,-81.080095,0.274488,0.33163,0.699648,4,0,0,0,0
2,85.951203,84.471331,0.0,90.641021,-0.000268,14,14,0.0,38.66,2,-79.080664,0.255872,0.094276,0.401888,4,0,0,0,0
5,64.241111,49.472855,0.0,179.773137,0.0,9,9,0.0,30.87,2,-56.440117,0.161724,0.213658,0.558534,8,0,0,0,1
1,114.409946,68.360574,0.0,179.773087,0.0,14,14,0.0,49.86,2,-81.370997,0.946512,0.919231,0.953504,0,0,0,0,0
4,52.986046,71.186376,14.190406,179.495427,0.194925,11,11,0.0,39.18,0,-70.238739,0.968766,0.918965,0.958637,0,0,0,0,0
2,85.951203,84.471331,0.0,90.641021,0.0,15,15,0.0,53.8,2,-78.310664,0.25531,0.083957,0.379902,4,0,0,0,0
5,51.938697,49.398612,0.0,179.64683,0.0,10,10,0.0,31.13,2,-54.005755,0.129707,0.179993,0.49421,10,0,0,0,1
1,114.409946,68.360574,0.0,179.773087,0.0,15,15,0.0,34.46,2,-83.360997,0.945099,0.924923,0.952243,0,0,0,0,0
4,38.461459,71.058463,14.524587,179.495427,0.33418,12,12,0.0,43.9,1,-74.524889,0.968836,0.926974,0.960167,0,0,0,0,0
2,85.951203,84.471331,0.0,90.641021,0.0,16,16,0.0,42.9,2,-78.840664,0.254917,0.075468,0.361154,4,0,0,0,0
5,37.872604,49.299864,0.0,179.508829,0.0,11,11,0.0,34.92,2,-70.041575,0.107295,0.148995,0.436173,12,0,0,0,1
1,114.409946,68.360574,0.0,179.773087,0.0,16,16,0.0,44.56,1,-81.320997,0.950109,0.925443,0.951923,0,0,0,0,0
4,25.14472,70.941186,13.316739,179.495427,-1.207853,13,13,0.0,37.98,2,-78.502755,0.961505,0.93548,0.960367,0,0,0,0,0
2,85.951203,84.471331,0.0,90.641021,0.0,17,17,0.0,47.51,2,-77.560664,0.254642,0.074851,0.345177,4,0,0,0,0
5,24.567311,49.182689,0.0,179.495427,0.0,12,12,0.0,27.05,0,-75.576342,0.091606,0.126496,0.384488,14,0,0,0,1
1,114.409946,68.360574,0.0,179.773087,0.0,17,17,0.0,46.04,1,-83.080997,0.953616,0.924082,0.952177,0,0,0,0,0
2,85.951203,84.471331,0.0,90.641021,0.0,18,18,0.0,46.55,2,-77.170664,0.254449,0.073138,0.331568,4,0,0,0,0
5,11.055477,49.063694,0.0,179.495427,0.0,13,13,0.0,39.34,2,-77.469774,0.080624,0.109372,0.338908,16,0,0,0,1
1,114.409946,68.360574,0.0,179.773087,0.0,18,18,0.0,38.72,0,-80.610997,0.963871,0.931811,0.953931,0,0,0,0,0
2,85.951203,84.471331,0.0,90.641021,0.0,19,19,0.0,22.84,1,-77.800664,0.254315,0.067854,0.31998,4,0,0,0,0
5,-1.968292,48.948998,0.0,179.495427,0.0,14,14,0.0,28.0,0,-81.657614,0.072937,0.098279,0.299012,18,0,0,0,1
1,114.409946,68.360574,0.0,179.773087,0.0,19,19,0.0,32.49,0,-81.090997,0.97171,0.931859,0.956598,0,0,0,0,0
2,85.951203,84.471331,0.0,90.641021,0.0,20,20,0.0,30.4,2,-77.240664,0.25422,0.06314,0.310116,4,0,0,0,0
1,114.409946,68.360574,0.0,179.773087,0.0,20,20,0.0,32.86,0,-83.560997,0.975517,0.933144,0.959436,0,0,0,0,0
2,85.951203,84.471331,0.0,90.641021,0.0,21,21,0.0,33.29,2,-79.040664,0.254154,0.059605,0.301722,4,0,0,0,0
1,114.409946,68.360574,0.0,179.773087,0.0,21,21,0.0,28.0,0,-82.130997,0.980762,0.941108,0.962635,0,0,0,0,0
2,85.951203,84.471331,0.0,90.641021,0.0,22,22,0.0,30.84,1,-78.790664,0.254108,0.062954,0.29458,4,0,0,0,0
1,114.409946,68.360574,0.0,179.773087,0.0,22,22,0.0,42.67,1,-82.080997,0.976573,0.942581,0.964726,0,0,0,0,0
2,85.951203,84.471331,0.0,90.641021,0.0,23,23,0.0,35.26,1,-77.540664,0.254076,0.061965,0.288504,4,0,0,0,0
1,114.409946,68.360574,0.0,179.773087,0.0,23,23,0.0,29.02,1,-82.390997,0.972561,0.941936,0.965901,0,0,0,0,0
2,85.951203,84.471331,0.0,90.641021,0.0,24,24,0.0,30.68,1,-80.420664,0.254053,0.058474,0.283336,4,0,0,0,0
6,30.058877,77.384914,0.0,359.495316,0.0,2,2,0.0,46.08,1,-75.700816,0.95348,0.9215,0.950522,0,0,0,0,0
1,114.409946,68.360574,0.0,179.773087,0.0,24,24,0.0,17.03,0,-83.450997,0.975873,0.936702,0.967397,0,0,0,0,0
2,85.951203,84.471331,0.0,90.641021,0.0,25,25,0.0,38.48,1,-78.330664,0.254037,0.056356,0.278942,4,0,0,0,0
6,31.674484,74.198881,1.585956,359.495316,1.585953,3,3,0.0,31.96,0,-75.076519,0.962516,0.917875,0.952321,0,0,0,0,0
1,114.409946,68.360574,0.0,179.773087,0.0,25,25,0.0,42.38,2,-81.330997,0.964331,0.931526,0.966937,0,0,0,0,0
2,85.951203,84.471331,0.0,90.641021,0.0,26,26,0.0,17.03,0,-79.970664,0.254026,0.055267,0.275204,4,0,0,0,0
6,35.187178,74.229823,3.513468,359.495316,1.927496,4,4,0.0,26.02,0,-75.824222,0.969321,0.918656,0.954871,0,0,0,0,0
1,114.409946,68.360574,0.0,179.773087,0.0,26,26,0.0,41.79,2,-81.440997,0.956192,0.930145,0.965325,0,0,0,0,0
2,85.951203,84.471331,0.0,90.641021,0.0,27,27,0.0,34.1,2,-77.210664,0.254018,0.05745,0.272026,4,0,0,0,0
6,40.429666,74.276002,5.243642,359.495316,1.730193,5,5,0.0,35.0,2,-75.640785,0.959205,0.922492,0.955521,0,0,0,0,0
1,114.409946,68.360574,0.0,179.773087,0.0,27,27,0.0,31.47,2,-83.310997,0.950674,0.925609,0.963127,0,0,0,0,0
2,85.951203,84.471331,0.0,90.641021,0.0,28,28,0.0,33.78,2,-78.520664,0.254013,0.053837,0.269324,4,0,0,0,0
6,47.040801,74.334237,6.612591,359.495316,1.368946,6,6,0.0,30.97,2,-72.368795,0.952723,0.928619,0.955102,0,0,0,0,0
1,114.409946,68.360574,0.0,179.773087,0.0,28,28,0.0,50.84,2,-81.720997,0.946308,0.924456,0.960605,0,0,0,0,0
2,85.951203,84.471331,0.0,90.641021,0.0,29,29,0.0,19.54,0,-78.770664,0.254009,0.057628,0.267027,4,0,0,0,0
6,56.010931,74.413252,8.972106,359.495316,2.359511,7,7,0.0,29.85,1,-71.243061,0.957246,0.936964,0.955423,0,0,0,0,0
1,114.409946,68.360574,0.0,179.773087,0.0,29,29,0.0,41.49,1,-83.080997,0.950356,0.919842,0.959067,0,0,0,0,0
2,85.951203,84.471331,0.0,90.641021,0.0,30,30,0.0,29.95,1,-79.920664,0.254006,0.058971,0.265074,4,0,0,0,0
6,65.970719,74.500984,9.961982,359.495316,0.989867,8,8,0.0,23.4,0,-72.457133,0.967192,0.940723,0.957189,0,0,0,0,0
1,114.409946,68.360574,0.0,179.773087,0.0,30,30,0.0,27.76,0,-83.060997,0.961769,0.925632,0.959472,0,0,0,0,0
2,85.951203,84.471331,0.0,90.641021,0.0,31,31,0.0,30.67,0,-79.600664,0.254004,0.059978,0.263413,4,0,0,0,0
6,71.893344,74.338116,5.938445,1.966401,-4.023583,9,9,0.0,42.59,2,-74.419724,0.959035,0.941792,0.957466,0,0,0,0,0
1,114.409946,68.360574,0.0,179.773087,0.0,31,31,0.0,51.27,2,-80.540997,0.955916,0.932724,0.958939,0,0,0,0,0
2,85.951203,84.471331,0.0,90.641021,0.0,32,32,0.0,36.55,2,-79.180664,0.254003,0.064484,0.262002,4,0,0,0,0
6,78.862077,71.94615,7.527432,24.694037,1.588973,10,10,0.0,30.5,2,-73.320121,0.951884,0.931844,0.956628,0,0,0,0,0
1,114.409946,68.360574,0.0,179.773087,0.0,32,32,0.0,30.02,0,-81.530997,0.964821,0.928793,0.959821,0,0,0,0,0
2,85.951203,84.471331,0.0,90.641021,0.0,33,33,0.0,15.97,0,-80.400664,0.254002,0.060863,0.260802,4,0,0,0,0
6,82.222908,63.685407,9.259333,78.934386,1.731899,11,11,0.0,35.81,0,-74.669973,0.684619,0.717133,0.915827,1,0,0,0,0
1,114.409946,68.360574,0.0,179.773087,0.0,33,33,0.0,35.12,1,-80.640997,0.965535,0.934095,0.960678,0,0,0,0,0
2,85.951203,84.471331,0.0,90.641021,0.0,34,34,0.0,22.9,1,-80.120664,0.254001,0.058647,0.259782,4,0,0,0,0
6,82.211454,54.968033,8.728998,91.30091,-0.530334,12,12,0.0,29.19,0,-70.939203,0.497533,0.5551,0.853083,2,0,0,0,0
1,114.409946,68.360574,0.0,179.773087,0.0,34,34,0.0,30.91,2,-82.420997,0.957274,0.936321,0.960168,0,0,0,0,0
2,85.951203,84.471331,0.0,90.641021,0.0,35,35,0.0,22.88,0,-77.880664,0.254001,0.055485,0.258915,4,0,0,0,0
6,81.961586,43.965038,11.005934,91.30091,2.276963,13,13,0.0,40.56,1,-69.960338,0.366573,0.430575,0.780106,3,0,0,0,0
1,114.409946,68.360574,0.0,179.773087,0.0,35,35,0.0,22.99,0,-82.470997,0.965712,0.930241,0.960999,0,0,0,0,0
2,85.951203,84.471331,0.0,90.641021,0.0,36,36,0.0,32.18,1,-77.670664,0.254001,0.057864,0.258178,4,0,0,0,0
6,81.673046,31.259085,12.709347,91.30091,1.703398,14,14,0.0,24.08,0,-73.62199,0.274901,0.341181,0.704326,4,0,0,0,0
1,114.409946,68.360574,0.0,179.773087,0.0,36,36,0.0,34.33,2,-81.760997,0.956618,0.931431,0.960342,0,0,0,0,0
2,85.951203,84.471331,0.0,90.641021,0.0,37,37,0.0,34.21,0,-80.140664,0.254001,0.055648,0.257551,4,0,0,0,0
1,114.409946,68.360574,0.0,179.773087,0.0,37,37,0.0,25.68,0,-82.460997,0.967713,0.941823,0.961448,0,0,0,0,0
2,85.951203,84.471331,0.0,90.641021,0.0,38,38,0.0,41.31,2,-79.570664,0.254,0.054986,0.257018,4,0,0,0,0
1,114.409946,68.360574,0.0,179.773087,0.0,38,38,0.0,21.49,0,-83.070997,0.974219,0.947867,0.963364,0,0,0,0,0
7,30.058877,77.384914,0.0,359.495316,0.0,2,2,0.0,30.72,2,-77.610816,0.94724,0.92425,0.949586,0,0,0,0,0
2,85.951203,84.471331,0.0,90.641021,0.0,39,39,0.0,46.62,1,-79.810664,0.254,0.051739,0.256566,4,0,0,0,0
1,114.409946,68.360574,0.0,179.773087,0.0,39,39,0.0,37.41,2,-81.290997,0.963173,0.9464,0.963335,0,0,0,0,0
7,32.435844,77.405852,2.37749,359.495316,2.377486,3,3,0.0,40.24,2,-76.550642,0.943928,0.925188,0.948737,0,0,0,0,0
2,85.951203,84.471331,0.0,90.641021,0.0,40,40,0.0,22.21,1,-77.810664,0.254,0.053055,0.256181,4,0,0,0,0
1,114.409946,68.360574,0.0,179.773087,0.0,40,40,0.0,44.8,2,-82.410997,0.956701,0.94305,0.96234,0,0,0,0,0
7,36.311758,77.439993,3.876768,359.495316,1.499276,4,4,0.0,32.16,1,-74.340433,0.94947,0.929641,0.948847,0,0,0,0,0
2,85.951203,84.471331,0.0,90.641021,0.0,41,41,0.0,18.54,0,-80.460664,0.254,0.054291,0.255854,4,0,0,0,0
1,114.409946,68.360574,0.0,179.773087,0.0,41,41,0.0,37.21,1,-80.550997,0.958891,0.942788,0.961823,0,0,0,0,0
7,42.346675,77.493153,6.036245,359.495316,2.159473,5,5,0.0,46.77,1,-73.818557,0.953529,0.92998,0.949549,0,0,0,0,0
2,85.951203,84.471331,0.0,90.641021,0.0,42,42,0.0,24.33,0,-79.260664,0.254,0.052468,0.255576,4,0,0,0,0
1,114.409946,68.360574,0.0,179.773087,0.0,42,42,0.0,44.44,1,-80.440997,0.960964,0.947091,0.961694,0,0,0,0,0
7,49.819971,77.558982,7.474942,359.495316,1.438713,6,6,0.0,31.86,2,-74.442497,0.95007,0.934485,0.949627,0,0,0,0,0
2,85.951203,84.471331,0.0,90.641021,0.0,43,43,0.0,29.99,2,-78.630664,0.254,0.050351,0.255339,4,0,0,0,0
8,30.058877,77.384914,0.0,359.495316,0.0,2,2,0.0,38.84,0,-78.530816,0.96146,0.924,0.951719,0,0,0,0,0
1,114.409946,68.360574,0.0,179.773087,0.0,43,43,0.0,40.39,2,-83.510997,0.954555,0.948068,0.960623,0,0,0,0,0
7,59.541079,77.644612,9.723249,359.495316,2.248301,7,7,0.0,37.3,1,-74.191518,0.954429,0.935114,0.950348,0,0,0,0,0
2,85.951203,84.471331,0.0,90.641021,0.0,44,44,0.0,32.64,2,-79.740664,0.254,0.056013,0.255138,4,0,0,0,0
8,31.790149,74.1999,1.701646,359.495316,1.701651,3,3,0.0,52.12,2,-77.149058,0.95405,0.92625,0.952069,0,0,0,0,0
1,114.409946,68.360574,0.0,179.773087,0.0,44,44,0.0,31.82,0,-80.970997,0.966028,0.951301,0.961434,0,0,0,0,0
7,66.399693,77.705027,6.860124,359.495316,-2.863117,8,8,0.0,40.87,2,-73.373824,0.95136,0.944836,0.9505,0,0,0,0,0
2,85.951203,84.471331,0.0,90.641021,0.0,45,45,0.0,42.78,2,-80.230664,0.254,0.05326,0.254968,4,0,0,0,0
8,63.723814,52.23455,0.0,359.495316,-1.701631,4,4,0.0,37.18,1,-56.290829,0.684335,0.708937,0.911909,2,0,0,0,1
1,114.409946,68.360574,0.0,179.773087,0.0,45,45,0.0,15.05,0,-82.500997,0.97142,0.942976,0.962932,0,0,0,0,0
7,69.354408,77.731054,2.955366,359.495316,-3.904774,9,9,0.0,25.21,0,-74.453873,0.961812,0.944627,0.952197,0,0,0,0,0
2,85.951203,84.471331,0.0,90.641021,0.0,46,46,0.0,20.23,0,-79.890664,0.254,0.050945,0.254823,4,0,0,0,0
8,69.51099,52.285527,0.0,359.495316,0.0,5,5,0.0,39.5,1,-61.748307,0.495534,0.548703,0.849452,3,0,0,0,1
1,114.409946,68.360574,0.0,179.773087,0.0,46,46,0.0,44.56,2,-83.220997,0.961094,0.943232,0.962656,0,0,0,0,0
7,69.367588,77.73117,0.013183,359.495316,-2.942158,10,10,0.0,31.67,1,-75.115805,0.962229,0.93822,0.953701,0,0,0,0,0
2,85.979289,83.167963,1.305539,90.151997,1.305545,47,47,0.0,29.31,0,-78.189988,0.254,0.054459,0.254699,4,0,0,0,0
8,77.610299,52.356871,0.0,359.495316,0.0,6,6,0.0,19.05,0,-69.002458,0.363374,0.424027,0.776541,4,0,0,0,1
1,114.409946,68.360574,0.0,179.773087,0.0,47,47,0.0,27.92,0,-83.480997,0.969286,0.946924,0.96365,0,0,0,0,0
7,69.368842,77.731181,0.001254,359.495316,-0.011929,11,11,0.0,29.7,1,-72.625989,0.9636,0.940165,0.955186,0,0,0,0,0
2,86.996503,79.770692,3.616948,77.669993,2.311403,48,48,0.0,49.9,2,-78.543035,0.1961,0.051594,0.245909,5,0,0,0,0
8,87.734673,52.446053,0.0,359.495316,0.0,7,7,0.0,37.8,2,-74.51386,0.270862,0.333771,0.700689,6,0,0,0,1
1,114.409946,68.360574,0.0,179.773087,0.0,48,48,0.0,49.8,2,-81.870997,0.95948,0.944443,0.963025,0,0,0,0,0
7,69.369067,77.731183,0.000225,359.495316,-0.001029,12,12,0.0,37.47,1,-73.636022,0.96456,0.939124,0.956592,0,0,0,0,0
2,92.536674,77.874106,6.145214,13.011575,2.528259,49,49,0.0,31.54,0,-79.781988,0.21347,0.057196,0.241043,5,0,0,0,0
8,93.924559,52.500577,0.0,359.495316,0.0,8,8,0.0,19.36,0,-75.270881,0.206103,0.260328,0.626501,7,0,0,0,1
1,114.409946,68.360574,0.0,179.773087,0.0,49,49,0.0,24.62,1,-82.960997,0.961556,0.942082,0.962805,0,0,0,0,0
7,69.369067,77.731183,0.0,359.495316,-0.000225,13,13,0.0,38.54,1,-75.136022,0.963492,0.935843,0.957627,0,0,0,0,0
2,100.33417,77.904987,7.797496,359.773087,1.652275,50,50,0.0,31.68,2,-78.725409,0.225629,0.058147,0.238731,5,0,0,0,0
8,97.160079,52.529078,0.0,359.495316,0.0,9,9,0.0,46.33,1,-75.854698,0.160772,0.211996,0.556642,8,0,0,0,1
1,114.409946,68.360574,0.0,179.773087,0.0,50,50,0.0,17.56,0,-81.150997,0.969909,0.938312,0.96387,0,0,0,0,0
7,69.36922,77.731184,0.000153,359.495316,0.000153,14,14,0.0,17.84,0,-73.996044,0.972524,0.946632,0.959862,0,0,0,0,0
2,86.252922,111.438457,0.0,90.641021,0.0,2,2,0.0,24.77,1,-83.917459,0.9557,0.9345,0.950855,0,0,0,0,0
1,131.89,68.429802,0.0,179.773087,0.0,2,2,0.0,26.92,1,-84.736888,0.95294,0.92,0.950441,0,0,0,0,0
3,30.058877,77.384914,0.0,359.495316,0.0,2,2,0.0,41.4,2,-78.750816,0.94634,0.918,0.949451,0,0,0,0,0
2,86.228304,109.238107,2.199685,90.641021,2.199684,3,3,0.0,31.26,1,-84.596384,0.95951,0.940375,0.952153,0,0,0,0,0
1,130.05457,68.422533,1.83543,179.773087,1.835429,3,3,0.0,30.17,2,-84.771408,0.947798,0.92025,0.950045,0,0,0,0,0
3,32.387366,77.405425,2.329001,359.495316,2.329,3,3,0.0,30.73,2,-75.110799,0.943058,0.9165,0.948492,0,0,0,0,0
2,86.184962,105.364296,3.87264,90.641021,1.672955,4,4,0.0,44.72,2,-83.559466,0.689957,0.719781,0.912824,1,0,0,0,1
2,86.184962,105.364296,3.87264,90.641021,0.0,5,5,0.0,43.43,2,-84.209466,0.553934,0.553836,0.85899,1,0,0,0,1
2,86.184962,105.364296,3.87264,90.641021,0.0,6,6,0.0,34.29,1,-82.459466,0.458718,0.428627,0.798949,1,0,0,0,1
2,86.184962,105.364296,3.87264,90.641021,0.0,7,7,0.0,27.34,0,-82.229466,0.392067,0.33572,0.737917,1,0,0,0,1
2,86.184962,105.364296,3.87264,90.641021,0.0,8,8,0.0,37.65,2,-84.279466,0.345411,0.26429,0.679041,1,0,0,0,1
2,86.184962,105.364296,3.87264,90.641021,0.0,9,9,0.0,40.41,2,-81.299466,0.312752,0.213218,0.624098,1,0,0,0,1
2,86.184962,105.364296,3.87264,90.641021,0.0,10,10,0.0,48.12,2,-81.269466,0.28719,0.172413,0.573562,1,0,0,1,1
2,86.184962,105.364296,3.87264,90.641021,0.0,11,11,0.0,45.05,1,-81.349466,0.269297,0.14056,0.527922,1,0,0,2,1
2,86.184962,105.364296,3.87264,90.641021,0.0,12,12,0.0,32.86,2,-84.309466,0.256772,0.12167,0.48725,1,0,0,3,1
2,86.184962,105.364296,3.87264,90.641021,0.0,13,13,0.0,35.13,1,-82.829466,0.248005,0.105502,0.451363,1,0,0,4,1
1,126.772775,68.409536,3.281795,179.773087,1.446368,4,4,0.0,35.32,0,-83.014949,0.960759,0.927437,0.951652,0,0,0,0,0
2,86.184962,105.364296,3.87264,90.641021,0.0,14,14,0.0,18.14,0,-83.879466,0.241868,0.089877,0.419939,1,0,0,5,1
2,86.184962,105.364296,3.87264,90.641021,0.0,15,15,0.0,47.58,2,-83.909466,0.237571,0.086408,0.392583,1,0,0,6,1
2,86.184962,105.364296,3.87264,90.641021,0.0,16,16,0.0,40.34,2,-81.919466,0.234564,0.075556,0.368881,1,0,0,7,1
3,36.402931,77.440797,4.016449,359.495316,1.687432,4,4,0.0,53.49,2,-76.201994,0.938967,0.917875,0.947063,0,0,0,0,1
2,86.184962,105.364296,3.87264,90.641021,0.0,17,17,0.0,31.89,2,-82.719466,0.232459,0.069667,0.348417,1,0,0,8,1
3,36.402931,77.440797,4.016449,359.495316,0.0,5,5,0.0,27.94,1,-77.021994,0.942118,0.934406,0.946321,0,0,0,0,1
2,86.184962,105.364296,3.87264,90.641021,0.0,18,18,0.0,25.78,1,-83.379466,0.230986,0.069,0.330803,1,0,0,9,1
3,36.402931,77.440797,4.016449,359.495316,0.0,6,6,0.0,18.52,0,-75.631994,0.951404,0.940555,0.947084,0,0,0,0,1
2,86.184962,105.364296,3.87264,90.641021,0.0,19,19,0.0,45.01,1,-82.099466,0.229954,0.06175,0.315675,1,0,0,10,1
3,36.402931,77.440797,4.016449,359.495316,0.0,7,7,0.0,43.15,2,-74.571994,0.941824,0.936166,0.946295,0,0,0,0,1
2,86.120078,99.565111,5.797431,90.641021,6.0,20,20,0.0,20.47,0,-80.673144,0.176568,0.059063,0.294809,3,0,0,11,1
3,42.391876,77.493551,5.990264,359.495316,6.0,8,8,0.0,21.59,0,-73.770621,0.676677,0.713875,0.905852,1,0,0,0,1
2,86.120078,99.565111,5.797431,90.641021,0.0,21,21,0.0,34.47,0,-82.063144,0.180313,0.062547,0.277635,3,0,0,11,1
3,42.391876,77.493551,5.990264,359.495316,0.0,9,9,0.0,17.56,0,-76.170621,0.531932,0.546156,0.849764,1,0,0,0,1
2,86.120078,99.565111,5.797431,90.641021,0.0,22,22,0.0,44.78,2,-81.243144,0.182934,0.06466,0.26343,3,0,0,11,1
3,42.391876,77.493551,5.990264,359.495316,0.0,10,10,0.0,49.53,2,-74.810621,0.427911,0.424367,0.786486,1,0,0,1,1
2,86.120078,99.565111,5.797431,90.641021,0.0,23,23,0.0,36.58,0,-83.183144,0.18477,0.067245,0.251631,3,0,0,11,1
3,42.391876,77.493551,5.990264,359.495316,0.0,11,11,0.0,24.96,1,-74.510621,0.355096,0.329025,0.721778,1,0,0,2,1
2,86.120078,99.565111,5.797431,90.641021,0.0,24,24,0.0,32.96,2,-81.453144,0.186054,0.063184,0.241794,3,0,0,11,1
3,42.391876,77.493551,5.990264,359.495316,0.0,12,12,0.0,45.79,1,-74.070621,0.304126,0.258769,0.65913,1,0,0,3,1
2,86.120078,99.565111,5.797431,90.641021,0.0,25,25,0.0,52.91,2,-80.283144,0.186953,0.064888,0.233568,3,0,0,11,1
3,42.391876,77.493551,5.990264,359.495316,0.0,13,13,0.0,42.34,1,-76.020621,0.268446,0.205077,0.600527,1,0,0,4,1
2,86.120078,99.565111,5.797431,90.641021,0.0,26,26,0.0,34.37,0,-81.643144,0.187583,0.062666,0.22667,3,0,0,11,1
3,42.391876,77.493551,5.990264,359.495316,0.0,14,14,0.0,36.77,0,-73.930621,0.243471,0.165057,0.546969,1,0,0,5,1
2,86.120078,99.565111,5.797431,90.641021,0.0,27,27,0.0,28.82,0,-83.363144,0.188023,0.064749,0.220873,3,0,0,12,1
3,42.391876,77.493551,5.990264,359.495316,0.0,15,15,0.0,37.25,2,-76.300621,0.225988,0.135543,0.498822,1,0,0,6,1
2,86.120078,99.565111,5.797431,90.641021,0.0,28,28,0.0,28.08,0,-80.713144,0.188332,0.067312,0.215992,3,0,0,13,1
3,42.391876,77.493551,5.990264,359.495316,0.0,16,16,0.0,36.85,2,-74.390621,0.21375,0.119907,0.456061,1,0,0,7,1
2,86.120078,99.565111,5.797431,90.641021,0.0,29,29,0.0,40.93,2,-82.783144,0.188548,0.063234,0.211875,3,0,0,14,1
3,42.391876,77.493551,5.990264,359.495316,0.0,17,17,0.0,27.26,0,-73.310621,0.205183,0.100931,0.418429,1,0,0,8,1
2,86.120078,99.565111,5.797431,90.641021,0.0,30,30,0.0,43.13,1,-81.633144,0.188699,0.061926,0.208399,3,0,0,15,1
3,42.391876,77.493551,5.990264,359.495316,0.0,18,18,0.0,33.54,2,-75.420621,0.199187,0.090198,0.385543,1,0,0,9,1
1,122.058008,68.390863,4.714767,179.773087,1.432983,5,5,0.0,38.19,0,-82.649933,0.970551,0.941578,0.954487,0,0,0,0,0
2,86.120078,99.565111,5.797431,90.641021,0.0,31,31,0.0,16.93,0,-82.243144,0.188805,0.063944,0.20546,3,0,0,16,1
3,42.391876,77.493551,5.990264,359.495316,0.0,19,19,0.0,34.49,2,-74.420621,0.194989,0.080648,0.35696,1,0,0,10,1
2,86.120078,99.565111,5.797431,90.641021,0.0,32,32,0.0,35.4,2,-82.443144,0.188879,0.064208,0.202973,3,0,0,17,1
3,42.391876,77.493551,5.990264,359.495316,0.0,20,20,0.0,52.36,2,-75.060621,0.192051,0.077736,0.332224,1,0,0,11,1
2,86.120078,99.565111,5.797431,90.641021,0.0,33,33,0.0,39.14,2,-82.423144,0.18893,0.067406,0.200866,3,0,0,18,1
3,42.391876,77.493551,5.990264,359.495316,0.0,21,21,0.0,27.54,0,-74.070621,0.189994,0.075302,0.310889,1,0,0,11,1
2,86.120078,99.565111,5.797431,90.641021,0.0,34,34,0.0,32.78,2,-80.223144,0.188967,0.065305,0.199081,3,0,0,19,1
3,42.391876,77.493551,5.990264,359.495316,0.0,22,22,0.0,20.18,0,-75.480621,0.188554,0.071477,0.292539,1,0,0,11,1
2,86.120078,99.565111,5.797431,90.641021,0.0,35,35,0.0,35.1,1,-82.113144,0.188992,0.060228,0.197568,3,0,0,20,1
3,42.391876,77.493551,5.990264,359.495316,0.0,23,23,0.0,34.3,1,-75.130621,0.187546,0.073108,0.27679,1,0,0,11,1
2,86.120078,99.565111,5.797431,90.641021,0.0,36,36,0.0,41.86,2,-81.203144,0.18901,0.056171,0.196284,3,0,0,21,1
4,131.89,68.429802,0.0,179.773087,0.0,2,2,0.0,24.15,0,-84.596888,0.96008,0.9185,0.951512,0,0,0,0,0
3,42.391876,77.493551,5.990264,359.495316,0.0,24,24,0.0,18.74,0,-73.600621,0.186841,0.074081,0.263298,1,0,0,11,1
2,86.030387,91.548648,8.01404,90.641021,6.0,37,37,0.0,15.5,0,-81.702123,0.147907,0.061128,0.189028,5,0,0,22,1
3,50.030799,77.560839,7.640605,359.495316,6.0,25,25,0.0,48.29,2,-72.909959,0.145489,0.07306,0.245626,2,0,0,11,1
2,86.030387,91.548648,8.01404,90.641021,0.0,38,38,0.0,39.23,2,-79.172123,0.146951,0.058596,0.182716,5,0,0,22,1
3,50.030799,77.560839,7.640605,359.495316,0.0,26,26,0.0,28.83,0,-75.219959,0.147498,0.068295,0.230907,2,0,0,11,1
2,86.030387,91.548648,8.01404,90.641021,0.0,39,39,0.0,43.99,1,-80.092123,0.146281,0.059197,0.177251,5,0,0,22,1
3,50.030799,77.560839,7.640605,359.495316,0.0,27,27,0.0,34.09,2,-72.879959,0.148905,0.064472,0.218607,2,0,0,12,1
2,86.030387,91.548648,8.01404,90.641021,0.0,40,40,0.0,43.9,1,-81.142123,0.145813,0.058148,0.172535,5,0,0,22,1
3,50.030799,77.560839,7.640605,359.495316,0.0,28,28,0.0,30.34,2,-72.579959,0.14989,0.063354,0.208299,2,0,0,13,1
2,86.030387,91.548648,8.01404,90.641021,0.0,41,41,0.0,30.76,1,-81.302123,0.145485,0.059111,0.168478,5,0,0,22,1
3,50.030799,77.560839,7.640605,359.495316,0.0,29,29,0.0,38.95,0,-74.989959,0.150579,0.066515,0.199641,2,0,0,14,1
2,86.030387,91.548648,8.01404,90.641021,0.0,42,42,0.0,40.87,1,-80.142123,0.145255,0.057333,0.164994,5,0,0,22,1
3,50.030799,77.560839,7.640605,359.495316,0.0,30,30,0.0,38.59,1,-72.639959,0.151062,0.062136,0.192354,2,0,0,15,1
2,86.030387,91.548648,8.01404,90.641021,0.0,43,43,0.0,42.92,2,-81.562123,0.145094,0.05975,0.162009,5,0,0,22,1
3,50.030799,77.560839,7.640605,359.495316,0.0,31,31,0.0,16.63,0,-73.429959,0.1514,0.059602,0.186211,2,0,0,16,1
2,86.030387,91.548648,8.01404,90.641021,0.0,44,44,0.0,45.19,1,-80.512123,0.144982,0.064562,0.159455,5,0,0,23,1
3,50.030799,77.560839,7.640605,359.495316,0.0,32,32,0.0,23.89,0,-74.459959,0.151636,0.057452,0.181025,2,0,0,17,1
2,86.030387,91.548648,8.01404,90.641021,0.0,45,45,0.0,46.55,2,-78.632123,0.144903,0.065422,0.157272,5,0,0,24,1
3,50.030799,77.560839,7.640605,359.495316,0.0,33,33,0.0,39.34,2,-71.919959,0.151802,0.057589,0.176641,2,0,0,18,1
2,86.030387,91.548648,8.01404,90.641021,0.0,46,46,0.0,38.72,0,-78.702123,0.144848,0.066316,0.155409,5,0,0,25,1
3,50.030799,77.560839,7.640605,359.495316,0.0,34,34,0.0,35.8,2,-75.229959,0.151918,0.054192,0.172933,2,0,0,19,1
2,86.030387,91.548648,8.01404,90.641021,0.0,47,47,0.0,23.72,1,-80.182123,0.144809,0.062237,0.153819,5,0,0,26,1
1,115.983977,68.366808,6.074031,179.773087,1.359252,6,6,0.0,34.22,1,-82.020902,0.967926,0.933434,0.956502,0,0,0,0,0
3,50.030799,77.560839,7.640605,359.495316,0.0,35,35,0.0,36.63,2,-73.399959,0.151999,0.055144,0.169793,2,0,0,20,1
2,86.030387,91.548648,8.01404,90.641021,0.0,48,48,0.0,30.4,2,-78.702123,0.144782,0.058928,0.152463,5,0,0,27,1
3,50.030799,77.560839,7.640605,359.495316,0.0,36,36,0.0,32.86,0,-75.109959,0.152055,0.054358,0.167132,2,0,0,21,1
2,86.030387,91.548648,8.01404,90.641021,0.0,49,49,0.0,27.04,1,-79.902123,0.144763,0.058946,0.151308,5,0,0,28,1
3,50.030799,77.560839,7.640605,359.495316,0.0,37,37,0.0,47.26,2,-75.149959,0.152095,0.053268,0.164877,2,0,0,22,1
2,86.030387,91.548648,8.01404,90.641021,0.0,50,50,0.0,28.42,1,-81.562123,0.14475,0.058959,0.150325,5,0,0,29,1
3,50.030799,77.560839,7.640605,359.495316,0.0,38,38,0.0,29.05,1,-72.849959,0.152123,0.055201,0.162964,2,0,0,22,1
2,86.030387,91.548648,8.01404,90.641021,0.0,51,51,0.0,28.13,1,-79.502123,0.144741,0.05447,0.149487,5,0,0,30,1
3,50.030799,77.560839,7.640605,359.495316,0.0,39,39,0.0,47.09,2,-72.179959,0.152142,0.057401,0.16134,2,0,0,22,1
2,86.030387,91.548648,8.01404,90.641021,0.0,52,52,0.0,32.06,1,-80.982123,0.144734,0.056852,0.148774,5,0,0,31,1
3,50.030799,77.560839,7.640605,359.495316,0.0,40,40,0.0,30.68,1,-75.339959,0.152156,0.055051,0.159963,2,0,0,22,1
4,130.479052,68.424214,1.410948,179.773087,1.410935,3,3,0.0,46.08,1,-83.377987,0.960536,0.920375,0.952866,0,0,0,0,0
2,86.030387,91.548648,8.01404,90.641021,0.0,53,53,0.0,17.03,0,-81.542123,0.14473,0.054639,0.148167,5,0,0,32,1
3,59.722571,77.646211,9.693906,359.495316,6.0,41,41,0.0,35.83,0,-73.356515,0.121209,0.053288,0.15415,3,0,0,22,1
5,131.89,68.429802,0.0,179.773087,0.0,2,2,0.0,15.17,0,-86.416888,0.95996,0.916,0.951494,0,0,0,0,0
2,85.976792,86.758384,4.788815,90.641021,-9.0,54,54,0.0,19.96,0,-79.982412,0.116911,0.057979,0.143479,8,0,0,33,1
3,59.722571,77.646211,9.693906,359.495316,0.0,42,42,0.0,49.4,2,-74.516515,0.118183,0.055716,0.148755,3,0,0,22,1
2,85.976792,86.758384,4.788815,90.641021,0.0,55,55,0.0,46.97,1,-77.612412,0.144605,0.056735,0.143648,8,0,0,33,1
3,59.722571,77.646211,9.693906,359.495316,0.0,43,43,0.0,38.25,1,-73.886515,0.116065,0.059787,0.143851,3,0,0,22,1
2,85.976792,86.758384,4.788815,90.641021,0.0,56,56,0.0,38.88,1,-79.232412,0.16399,0.061801,0.146699,8,0,0,33,1
3,59.722571,77.646211,9.693906,359.495316,0.0,44,44,0.0,39.1,0,-72.386515,0.114582,0.05834,0.139461,3,0,0,23,1
2,85.976792,86.758384,4.788815,90.641021,0.0,57,57,0.0,27.54,0,-80.082412,0.17756,0.063351,0.151328,8,0,0,33,1
3,59.722571,77.646211,9.693906,359.495316,0.0,45,45,0.0,39.48,1,-74.526515,0.113544,0.062755,0.135573,3,0,0,24,1
2,85.976792,86.758384,4.788815,90.641021,0.0,58,58,0.0,31.47,2,-80.422412,0.187059,0.062263,0.156688,8,0,0,33,1
3,59.722571,77.646211,9.693906,359.495316,0.0,46,46,0.0,42.02,1,-74.916515,0.112817,0.064066,0.13216,3,0,0,25,1
2,85.976792,86.758384,4.788815,90.641021,0.0,59,59,0.0,21.31,0,-78.482412,0.193709,0.058447,0.162241,8,0,0,33,1
3,59.722571,77.646211,9.693906,359.495316,0.0,47,47,0.0,16.01,0,-73.116515,0.112309,0.0618,0.129182,3,0,0,26,1
2,85.976792,86.758384,4.788815,90.641021,0.0,60,60,0.0,46.42,2,-80.372412,0.198363,0.057585,0.167659,8,0,0,33,1
3,59.722571,77.646211,9.693906,359.495316,0.0,48,48,0.0,20.79,0,-73.566515,0.111953,0.0586,0.126598,3,0,0,27,1
2,85.976792,86.758384,4.788815,90.641021,0.0,61,61,0.0,28.79,0,-77.832412,0.201621,0.058939,0.172754,8,0,0,34,1
3,59.722571,77.646211,9.693906,359.495316,0.0,49,49,0.0,26.0,1,-74.796515,0.111703,0.06345,0.124364,3,0,0,28,1
2,85.976792,86.758384,4.788815,90.641021,0.0,62,62,0.0,32.39,2,-79.472412,0.203902,0.055954,0.177426,8,0,0,35,1
3,59.722571,77.646211,9.693906,359.495316,0.0,50,50,0.0,29.95,1,-74.446515,0.111529,0.063337,0.122438,3,0,0,29,1
2,85.976792,86.758384,4.788815,90.641021,0.0,63,63,0.0,23.4,0,-79.272412,0.205499,0.052466,0.181637,8,0,0,36,1
3,59.722571,77.646211,9.693906,359.495316,0.0,51,51,0.0,35.19,2,-74.936515,0.111407,0.064003,0.120784,3,0,0,30,1
1,114.409946,68.360574,1.574031,179.773087,-4.500014,7,7,0.0,39.92,2,-81.980997,0.957748,0.931825,0.956689,0,0,0,0,0
2,85.976792,86.758384,4.788815,90.641021,0.0,64,64,0.0,28.17,0,-80.942412,0.206616,0.058599,0.185384,8,0,0,37,1
3,59.722571,77.646211,9.693906,359.495316,0.0,52,52,0.0,30.76,0,-72.426515,0.111321,0.059002,0.119364,3,0,0,31,1
2,85.976792,86.758384,4.788815,90.641021,0.0,65,65,0.0,36.18,2,-79.622412,0.207398,0.055199,0.188686,8,0,0,38,1
3,59.722571,77.646211,9.693906,359.495316,0.0,53,53,0.0,53.36,2,-72.146515,0.111262,0.059252,0.118149,3,0,0,32,1
2,85.976792,86.758384,4.788815,90.641021,0.0,66,66,0.0,39.44,0,-79.742412,0.207946,0.0604,0.191575,8,0,0,39,1
3,59.722571,77.646211,9.693906,359.495316,0.0,54,54,0.0,39.79,2,-74.306515,0.11122,0.060939,0.11711,3,0,0,33,1
2,85.976792,86.758384,4.788815,90.641021,0.0,67,67,0.0,41.7,1,-79.952412,0.208329,0.05805,0.194088,8,0,0,40,1
3,59.722571,77.646211,9.693906,359.495316,0.0,55,55,0.0,25.43,0,-71.836515,0.11119,0.059954,0.116222,3,0,0,33,1
2,85.976792,86.758384,4.788815,90.641021,0.0,68,68,0.0,40.86,1,-80.102412,0.208598,0.057037,0.196265,8,0,0,41,1
3,59.722571,77.646211,9.693906,359.495316,0.0,56,56,0.0,22.9,1,-74.646515,0.11117,0.057966,0.115464,3,0,0,33,1
2,85.976792,86.758384,4.788815,90.641021,0.0,69,69,0.0,29.19,0,-78.582412,0.208785,0.060028,0.198143,8,0,0,42,1
3,59.722571,77.646211,9.693906,359.495316,0.0,57,57,0.0,30.91,2,-73.576515,0.111155,0.058474,0.114818,3,0,0,33,1
4,127.516612,71.612529,2.950359,179.773137,1.539423,4,4,0.0,18.38,0,-85.210837,0.970455,0.928781,0.955504,0,0,0,0,0
2,85.958359,85.11093,1.646955,90.641021,-9.0,70,70,0.0,40.56,1,-77.476221,0.16175,0.059271,0.192684,11,0,0,43,1
3,69.308507,77.73065,9.588047,359.495316,-1.764558,58,58,0.0,22.99,0,-74.507157,0.092509,0.063106,0.111471,4,0,0,33,1
5,129.336656,68.41969,2.553344,179.773087,2.55333,3,3,0.0,16.67,0,-84.06803,0.967652,0.92025,0.953918,0,0,0,0,0
2,85.958359,85.11093,1.646955,90.641021,0.0,71,71,0.0,24.08,0,-78.866221,0.186725,0.062703,0.19179,11,0,0,44,1
3,69.308507,77.73065,9.588047,359.495316,0.0,59,59,0.0,34.33,2,-73.797157,0.098728,0.059079,0.10956,4,0,0,33,1
2,85.958359,85.11093,1.646955,90.641021,0.0,72,72,0.0,32.64,0,-79.206221,0.204207,0.064777,0.193653,11,0,0,44,1
3,69.308507,77.73065,9.588047,359.495316,0.0,60,60,0.0,24.09,0,-72.407157,0.103081,0.058809,0.108588,4,0,0,33,1
2,85.958359,85.11093,1.646955,90.641021,0.0,73,73,0.0,35.88,1,-77.386221,0.216445,0.067083,0.197071,11,0,0,44,1
3,69.308507,77.73065,9.588047,359.495316,0.0,61,61,0.0,41.31,2,-74.977157,0.106129,0.057357,0.108219,4,0,0,34,1
2,85.958359,85.11093,1.646955,90.641021,0.0,74,74,0.0,21.49,0,-79.836221,0.225012,0.064562,0.201262,11,0,0,44,1
3,69.308507,77.73065,9.588047,359.495316,0.0,62,62,0.0,30.63,1,-73.597157,0.108262,0.058518,0.108225,4,0,0,35,1
2,85.958359,85.11093,1.646955,90.641021,0.0,75,75,0.0,45.47,1,-77.366221,0.231008,0.066172,0.205724,11,0,0,44,1
3,69.308507,77.73065,9.588047,359.495316,0.0,63,63,0.0,40.9,1,-73.727157,0.109755,0.056888,0.108455,4,0,0,36,1
2,85.958359,85.11093,1.646955,90.641021,0.0,76,76,0.0,23.15,1,-78.706221,0.235206,0.059879,0.210147,11,0,0,44,1
3,69.308507,77.73065,9.588047,359.495316,0.0,64,64,0.0,44.41,2,-73.147157,0.1108,0.059416,0.108807,4,0,0,37,1
2,85.958359,85.11093,1.646955,90.641021,0.0,77,77,0.0,22.21,1,-77.946221,0.238144,0.059159,0.214346,11,0,0,44,1
3,69.308507,77.73065,9.588047,359.495316,0.0,65,65,0.0,44.8,2,-74.447157,0.111532,0.059062,0.109215,4,0,0,38,1
2,85.958359,85.11093,1.646955,90.641021,0.0,78,78,0.0,29.66,2,-80.446221,0.240201,0.063369,0.218224,11,0,0,45,1
3,69.308507,77.73065,9.588047,359.495316,0.0,66,66,0.0,33.39,1,-72.717157,0.112044,0.063297,0.10964,4,0,0,39,1
2,85.958359,85.11093,1.646955,90.641021,0.0,79,79,0.0,42.8,1,-78.516221,0.241641,0.062027,0.221737,11,0,0,46,1
3,69.308507,77.73065,9.588047,359.495316,0.0,67,67,0.0,38.12,0,-73.607157,0.112403,0.060472,0.110054,4,0,0,40,1
2,85.958359,85.11093,1.646955,90.641021,0.0,80,80,0.0,16.35,0,-78.406221,0.242648,0.06052,0.224874,11,0,0,47,1
3,69.308507,77.73065,9.588047,359.495316,0.0,68,68,0.0,24.33,0,-74.667157,0.112653,0.057104,0.110444,4,0,0,41,1
1,114.409946,68.360574,0.0,179.773087,-1.574043,8,8,0.0,44.44,1,-80.440997,0.960164,0.938869,0.95721,0,0,0,0,0
2,85.958359,85.11093,1.646955,90.641021,0.0,81,81,0.0,31.86,2,-79.636221,0.243354,0.05539,0.227646,11,0,0,48,1
3,69.308507,77.73065,9.588047,359.495316,0.0,69,69,0.0,20.13,0,-74.457157,0.112829,0.055078,0.110802,4,0,0,42,1
2,85.958359,85.11093,1.646955,90.641021,0.0,82,82,0.0,47.55,2,-80.246221,0.243848,0.055043,0.230076,11,0,0,49,1
3,69.308507,77.73065,9.588047,359.495316,0.0,70,70,0.0,36.55,1,-73.657157,0.112952,0.054809,0.111124,4,0,0,43,1
2,85.958359,85.11093,1.646955,90.641021,0.0,83,83,0.0,36.93,1,-77.316221,0.244193,0.060782,0.232194,11,0,0,50,1
3,69.308507,77.73065,9.588047,359.495316,0.0,71,71,0.0,37.72,0,-73.227157,0.113038,0.056607,0.111411,4,0,0,44,1
2,85.958359,85.11093,1.646955,90.641021,0.0,84,84,0.0,35.43,2,-78.936221,0.244435,0.059086,0.23403,11,0,0,51,1
3,69.308507,77.73065,9.588047,359.495316,0.0,72,72,0.0,36.86,1,-72.837157,0.113098,0.055705,0.111664,4,0,0,44,1
2,85.958359,85.11093,1.646955,90.641021,0.0,85,85,0.0,32.64,2,-79.876221,0.244605,0.062565,0.235616,11,0,0,52,1
3,69.308507,77.73065,9.588047,359.495316,0.0,73,73,0.0,52.12,2,-75.177157,0.113141,0.055529,0.111886,4,0,0,44,1
2,85.958359,85.11093,1.646955,90.641021,0.0,86,86,0.0,36.6,2,-77.326221,0.244723,0.059924,0.236982,11,0,0,53,1
4,122.028388,71.590799,5.487016,179.773137,2.536665,5,5,0.0,17.96,0,-83.614248,0.976019,0.932086,0.958581,0,0,0,0,0
3,69.308507,77.73065,9.588047,359.495316,0.0,74,74,0.0,28.93,0,-74.937157,0.11317,0.054897,0.112079,4,0,0,44,1
2,85.954027,84.723707,0.387107,90.641021,-9.0,87,87,0.0,47.41,2,-79.304227,0.186906,0.062443,0.229471,13,0,0,54,1
5,125.082598,68.402842,4.254059,179.773087,1.70072,4,4,0.0,32.86,0,-85.455387,0.973336,0.922187,0.956831,0,0,0,0,0
3,74.172057,78.840683,5.088047,346.923234,-9.0,75,75,0.0,28.3,1,-76.628265,0.093019,0.057172,0.10922,6,0,0,44,1
2,85.954027,84.723707,0.387107,90.641021,0.0,88,88,0.0,50.83,2,-78.164227,0.204334,0.058082,0.2257,13,0,0,55,1
3,74.172057,78.840683,5.088047,346.923234,0.0,76,76,0.0,23.04,1,-76.778265,0.126085,0.055629,0.111749,6,0,0,44,1
2,85.954027,84.723707,0.387107,90.641021,0.0,89,89,0.0,33.18,2,-78.554227,0.216534,0.059312,0.224325,13,0,0,55,1
3,74.172057,78.840683,5.088047,346.923234,0.0,77,77,0.0,36.45,0,-76.608265,0.149231,0.061472,0.117372,6,0,0,44,1
2,85.954027,84.723707,0.387107,90.641021,0.0,90,90,0.0,31.67,1,-79.754227,0.225074,0.060984,0.224438,13,0,0,55,1
3,74.172057,78.840683,5.088047,346.923234,0.0,78,78,0.0,27.96,1,-75.318265,0.165434,0.061354,0.124581,6,0,0,45,1
2,85.954027,84.723707,0.387107,90.641021,0.0,91,91,0.0,37.36,1,-77.154227,0.231052,0.064488,0.22543,13,0,0,55,1
3,74.172057,78.840683,5.088047,346.923234,0.0,79,79,0.0,31.61,0,-75.228265,0.176775,0.061515,0.13241,6,0,0,46,1
2,85.954027,84.723707,0.387107,90.641021,0.0,92,92,0.0,53.29,2,-77.514227,0.235236,0.058616,0.226901,13,0,0,55,1
3,74.172057,78.840683,5.088047,346.923234,0.0,80,80,0.0,46.22,2,-74.388265,0.184714,0.062887,0.140256,6,0,0,47,1
2,85.954027,84.723707,0.387107,90.641021,0.0,93,93,0.0,37.33,0,-78.454227,0.238165,0.061962,0.22859,13,0,0,55,1
3,74.172057,78.840683,5.088047,346.923234,0.0,81,81,0.0,32.63,1,-75.848265,0.190272,0.063915,0.147758,6,0,0,48,1
2,85.954027,84.723707,0.387107,90.641021,0.0,94,94,0.0,20.23,0,-80.354227,0.240216,0.064971,0.230334,13,0,0,55,1
3,74.172057,78.840683,5.088047,346.923234,0.0,82,82,0.0,37.47,1,-74.768265,0.194162,0.058936,0.154719,6,0,0,49,1
2,85.954027,84.723707,0.387107,90.641021,0.0,95,95,0.0,26.82,0,-78.904227,0.241651,0.059729,0.232032,13,0,0,56,1
3,74.172057,78.840683,5.088047,346.923234,0.0,83,83,0.0,40.98,1,-75.978265,0.196885,0.055702,0.161044,6,0,0,50,1
2,85.954027,84.723707,0.387107,90.641021,0.0,96,96,0.0,46.09,2,-80.334227,0.242656,0.060296,0.233625,13,0,0,57,1
3,74.172057,78.840683,5.088047,346.923234,0.0,84,84,0.0,24.91,0,-75.878265,0.198791,0.053777,0.166706,6,0,0,51,1
2,85.954027,84.723707,0.387107,90.641021,0.0,97,97,0.0,34.72,1,-77.794227,0.243359,0.055722,0.235085,13,0,0,58,1
1,114.409946,68.360574,0.0,179.773087,0.0,9,9,0.0,22.71,0,-82.220997,0.967735,0.932152,0.958789,0,0,0,0,0
3,74.172057,78.840683,5.088047,346.923234,0.0,85,85,0.0,32.26,0,-73.758265,0.200126,0.057582,0.171719,6,0,0,52,1
2,85.954027,84.723707,0.387107,90.641021,0.0,98,98,0.0,39.03,1,-78.064227,0.243851,0.055042,0.2364,13,0,0,59,1
3,74.172057,78.840683,5.088047,346.923234,0.0,86,86,0.0,44.09,2,-73.618265,0.20106,0.055187,0.17612,6,0,0,53,1
2,85.954027,84.723707,0.387107,90.641021,0.0,99,99,0.0,41.7,2,-78.024227,0.244196,0.052281,0.23757,13,0,0,60,1
3,74.172057,78.840683,5.088047,346.923234,0.0,87,87,0.0,16.48,0,-74.388265,0.201713,0.05914,0.179959,6,0,0,54,1
2,85.954027,84.723707,0.387107,90.641021,0.0,100,100,0.0,16.65,0,-79.034227,0.244437,0.052211,0.2386,13,0,0,61,1
3,74.172057,78.840683,5.088047,346.923234,0.0,88,88,0.0,45.09,2,-74.938265,0.202171,0.060855,0.183291,6,0,0,55,1
2,85.954027,84.723707,0.387107,90.641021,0.0,101,101,0.0,21.74,0,-78.214227,0.244606,0.056408,0.239501,13,0,0,62,1
3,74.172057,78.840683,5.088047,346.923234,0.0,89,89,0.0,23.28,0,-75.048265,0.202492,0.062891,0.186171,6,0,0,55,1
2,85.954027,84.723707,0.387107,90.641021,0.0,102,102,0.0,30.64,0,-77.864227,0.244724,0.056806,0.240284,13,0,0,63,1
3,74.172057,78.840683,5.088047,346.923234,0.0,90,90,0.0,35.17,2,-75.308265,0.202716,0.063918,0.188653,6,0,0,55,1
4,114.978874,71.562886,7.047963,179.773137,1.56093,6,6,0.0,44.31,1,-82.070791,0.972533,0.930064,0.960674,0,0,0,0,0
2,85.954027,84.723707,0.387107,90.641021,0.0,103,103,0.0,45.5,1,-79.804227,0.244807,0.057355,0.240963,13,0,0,64,1
3,76.256022,83.046739,4.914053,296.918435,-2.900302,91,91,0.0,33.0,2,-76.651809,0.157501,0.060689,0.18398,8,0,0,55,1
5,122.390022,71.592231,2.679366,179.773137,-1.574697,5,5,0.0,29.44,0,-82.075159,0.978395,0.924641,0.960065,0,0,0,0,0
2,85.951343,84.48384,0.239794,90.641021,-2.455547,104,104,0.0,38.83,0,-79.203321,0.186965,0.058516,0.232863,14,0,0,65,1
3,76.256022,83.046739,4.914053,296.918435,0.0,92,92,0.0,48.65,2,-77.481809,0.172266,0.059517,0.182223,8,0,0,55,1
2,85.951343,84.48384,0.239794,90.641021,0.0,105,105,0.0,26.72,0,-77.043321,0.204375,0.056887,0.22859,14,0,0,66,1
3,76.256022,83.046739,4.914053,296.918435,0.0,93,93,0.0,14.82,0,-75.581809,0.182602,0.058137,0.18228,8,0,0,55,1
2,85.951343,84.48384,0.239794,90.641021,0.0,106,106,0.0,18.65,0,-77.563321,0.216563,0.056915,0.226786,14,0,0,66,1
3,76.256022,83.046739,4.914053,296.918435,0.0,94,94,0.0,54.49,2,-76.061809,0.189837,0.054103,0.183413,8,0,0,55,1
2,85.951343,84.48384,0.239794,90.641021,0.0,107,107,0.0,29.76,1,-77.833321,0.225094,0.061186,0.226532,14,0,0,66,1
3,76.256022,83.046739,4.914053,296.918435,0.0,95,95,0.0,30.37,2,-75.201809,0.194902,0.053577,0.185137,8,0,0,56,1
2,85.951343,84.48384,0.239794,90.641021,0.0,108,108,0.0,47.16,2,-79.213321,0.231066,0.05664,0.227212,14,0,0,66,1
3,76.256022,83.046739,4.914053,296.918435,0.0,96,96,0.0,39.11,1,-75.431809,0.198447,0.051433,0.187133,8,0,0,57,1
2,85.951343,84.48384,0.239794,90.641021,0.0,109,109,0.0,31.3,1,-77.853321,0.235246,0.05998,0.228417,14,0,0,66,1
3,76.256022,83.046739,4.914053,296.918435,0.0,97,97,0.0,29.26,0,-76.251809,0.200929,0.057575,0.189202,8,0,0,58,1
2,85.951343,84.48384,0.239794,90.641021,0.0,110,110,0.0,22.25,1,-79.923321,0.238172,0.056985,0.22988,14,0,0,66,1
3,76.256022,83.046739,4.914053,296.918435,0.0,98,98,0.0,46.9,1,-77.361809,0.202666,0.057181,0.191222,8,0,0,59,1
2,85.951343,84.48384,0.239794,90.641021,0.0,111,111,0.0,15.93,0,-79.683321,0.240221,0.056989,0.231431,14,0,0,66,1
3,76.256022,83.046739,4.914053,296.918435,0.0,99,99,0.0,38.21,1,-76.931809,0.203882,0.060386,0.193121,8,0,0,60,1
2,85.951343,84.48384,0.239794,90.641021,0.0,112,112,0.0,39.25,1,-78.883321,0.241654,0.056492,0.232965,14,0,0,67,1
3,76.256022,83.046739,4.914053,296.918435,0.0,100,100,0.0,30.53,1,-75.981809,0.204733,0.057289,0.194863,8,0,0,61,1
2,85.951343,84.48384,0.239794,90.641021,0.0,113,113,0.0,53.0,2,-79.333321,0.242658,0.056619,0.234419,14,0,0,68,1
3,76.256022,83.046739,4.914053,296.918435,0.0,101,101,0.0,30.76,0,-77.881809,0.205329,0.060217,0.196433,8,0,0,62,1
1,114.409946,68.360574,0.0,179.773087,0.0,10,10,0.0,28.49,1,-80.380997,0.967814,0.936114,0.960143,0,0,0,0,0
2,85.951343,84.48384,0.239794,90.641021,0.0,114,114,0.0,33.38,0,-78.983321,0.243361,0.054964,0.23576,14,0,0,69,1
3,76.256022,83.046739,4.914053,296.918435,0.0,102,102,0.0,43.4,2,-77.881809,0.205746,0.059163,0.19783,8,0,0,63,1
2,85.951343,84.48384,0.239794,90.641021,0.0,115,115,0.0,41.31,1,-78.523321,0.243852,0.052973,0.236974,14,0,0,70,1
3,76.256022,83.046739,4.914053,296.918435,0.0,103,103,0.0,21.07,0,-78.101809,0.206038,0.055872,0.199061,8,0,0,64,1
2,85.951343,84.48384,0.239794,90.641021,0.0,116,116,0.0,23.41,1,-79.673321,0.244197,0.05348,0.238057,14,0,0,71,1
3,76.256022,83.046739,4.914053,296.918435,0.0,104,104,0.0,21.34,0,-77.591809,0.206242,0.060654,0.200138,8,0,0,65,1
2,85.951343,84.48384,0.239794,90.641021,0.0,117,117,0.0,17.16,0,-77.553321,0.244438,0.05711,0.239014,14,0,0,72,1
3,76.256022,83.046739,4.914053,296.918435,0.0,105,105,0.0,32.58,2,-77.891809,0.206385,0.063741,0.201075,8,0,0,66,1
2,85.951343,84.48384,0.239794,90.641021,0.0,118,118,0.0,22.55,1,-78.473321,0.244606,0.060832,0.239853,14,0,0,73,1
3,76.256022,83.046739,4.914053,296.918435,0.0,106,106,0.0,14.5,0,-76.561809,0.206485,0.059055,0.201887,8,0,0,66,1
2,85.951343,84.48384,0.239794,90.641021,0.0,119,119,0.0,38.62,2,-77.833321,0.244724,0.057374,0.240584,14,0,0,74,1
3,76.256022,83.046739,4.914053,296.918435,0.0,107,107,0.0,36.43,0,-77.821809,0.206555,0.057792,0.202587,8,0,0,66,1
4,105.704714,71.526165,9.272121,179.773137,2.224159,7,7,0.0,31.21,1,-82.223786,0.971713,0.941048,0.96233,0,0,0,0,0
2,85.951264,84.47676,0.007078,90.641021,-3.877841,120,120,0.0,40.52,1,-78.161817,0.244807,0.055531,0.241217,14,0,0,75,1
3,76.395833,88.568754,5.52838,270.659842,6.0,108,108,0.0,33.49,2,-77.40491,0.160189,0.057594,0.196227,10,0,0,66,1
5,118.046957,71.575034,4.34211,179.773137,1.662733,6,6,0.0,29.65,0,-83.485463,0.979837,0.92023,0.963031,0,0,0,0,0
2,85.951264,84.47676,0.007078,90.641021,0.0,121,121,0.0,22.13,0,-78.401817,0.244865,0.054398,0.241765,14,0,0,76,1
3,76.395833,88.568754,5.52838,270.659842,0.0,109,109,0.0,39.87,2,-76.95491,0.170462,0.057945,0.192362,10,0,0,66,1
2,85.951264,84.47676,0.007078,90.641021,0.0,122,122,0.0,44.8,1,-77.711817,0.244905,0.057549,0.242236,14,0,0,77,1
3,76.395833,88.568754,5.52838,270.659842,0.0,110,110,0.0,37.91,2,-78.98491,0.177653,0.055959,0.190156,10,0,0,66,1
2,85.951264,84.47676,0.007078,90.641021,0.0,123,123,0.0,19.61,0,-79.651817,0.244934,0.060411,0.24264,14,0,0,77,1
3,76.395833,88.568754,5.52838,270.659842,0.0,111,111,0.0,27.83,1,-78.19491,0.182687,0.059719,0.189036,10,0,0,66,1
2,85.951264,84.47676,0.007078,90.641021,0.0,124,124,0.0,44.56,2,-78.001817,0.244954,0.064809,0.242987,14,0,0,77,1
3,76.395833,88.568754,5.52838,270.659842,0.0,112,112,0.0,29.39,0,-76.72491,0.18621,0.062789,0.188612,10,0,0,67,1
2,85.951264,84.47676,0.007078,90.641021,0.0,125,125,0.0,53.25,2,-78.541817,0.244968,0.068356,0.243284,14,0,0,77,1
3,76.395833,88.568754,5.52838,270.659842,0.0,113,113,0.0,22.38,1,-79.20491,0.188677,0.059342,0.188622,10,0,0,68,1
2,85.951264,84.47676,0.007078,90.641021,0.0,126,126,0.0,41.56,1,-80.201817,0.244977,0.062267,0.243538,14,0,0,77,1
3,76.395833,88.568754,5.52838,270.659842,0.0,114,114,0.0,32.64,0,-78.57491,0.190404,0.060757,0.188889,10,0,0,69,1
2,85.951264,84.47676,0.007078,90.641021,0.0,127,127,0.0,28.36,0,-78.261817,0.244984,0.06245,0.243755,14,0,0,77,1
3,76.395833,88.568754,5.52838,270.659842,0.0,115,115,0.0,29.85,0,-78.27491,0.191612,0.063567,0.189297,10,0,0,70,1
2,85.951264,84.47676,0.007078,90.641021,0.0,128,128,0.0,39.9,1,-79.931817,0.244989,0.059088,0.24394,14,0,0,77,1
3,76.395833,88.568754,5.52838,270.659842,0.0,116,116,0.0,51.23,2,-78.39491,0.192458,0.063676,0.189772,10,0,0,71,1
2,85.951264,84.47676,0.007078,90.641021,0.0,129,129,0.0,32.45,0,-78.981817,0.244992,0.063566,0.244098,14,0,0,78,1
3,76.395833,88.568754,5.52838,270.659842,0.0,117,117,0.0,36.48,2,-78.91491,0.193051,0.065007,0.190263,10,0,0,72,1
2,85.951264,84.47676,0.007078,90.641021,0.0,130,130,0.0,32.43,2,-77.551817,0.244995,0.064674,0.244233,14,0,0,79,1
3,76.395833,88.568754,5.52838,270.659842,0.0,118,118,0.0,33.83,2,-77.18491,0.193465,0.064505,0.190744,10,0,0,73,1
1,114.409946,68.360574,0.0,179.773087,0.0,11,11,0.0,25.58,1,-82.080997,0.96589,0.933835,0.961005,0,0,0,0,0
2,85.951264,84.47676,0.007078,90.641021,0.0,131,131,0.0,17.11,0,-77.811817,0.244996,0.066006,0.244347,14,0,0,80,1
3,76.395833,88.568754,5.52838,270.659842,0.0,119,119,0.0,38.0,1,-76.58491,0.193755,0.066879,0.191195,10,0,0,74,1
2,85.951264,84.47676,0.007078,90.641021,0.0,132,132,0.0,34.92,0,-79.141817,0.244997,0.065504,0.244445,14,0,0,81,1
3,76.395833,88.568754,5.52838,270.659842,0.0,120,120,0.0,34.89,1,-76.77491,0.193958,0.061159,0.19161,10,0,0,75,1
2,85.951264,84.47676,0.007078,90.641021,0.0,133,133,0.0,30.01,0,-78.381817,0.244998,0.063128,0.244528,14,0,0,82,1
3,76.395833,88.568754,5.52838,270.659842,0.0,121,121,0.0,28.33,1,-79.27491,0.194101,0.061619,0.191983,10,0,0,76,1
2,85.951264,84.47676,0.007078,90.641021,0.0,134,134,0.0,24.31,0,-79.561817,0.244999,0.066096,0.244598,14,0,0,83,1
3,76.395833,88.568754,5.52838,270.659842,0.0,122,122,0.0,29.17,0,-79.69491,0.1942,0.064214,0.192316,10,0,0,77,1
2,85.951264,84.47676,0.007078,90.641021,0.0,135,135,0.0,38.52,2,-77.291817,0.244999,0.066572,0.244658,14,0,0,84,1
3,76.395833,88.568754,5.52838,270.659842,0.0,123,123,0.0,28.74,1,-79.10491,0.19427,0.059911,0.192609,10,0,0,77,1
2,85.951264,84.47676,0.007078,90.641021,0.0,136,136,0.0,33.83,1,-78.161817,0.244999,0.064179,0.24471,14,0,0,85,1
4,94.71397,71.482647,10.988326,179.773137,1.716218,8,8,0.0,42.73,1,-79.141577,0.968619,0.938036,0.963273,0,0,0,0,0
3,76.395833,88.568754,5.52838,270.659842,0.0,124,124,0.0,32.47,0,-78.41491,0.194319,0.058933,0.192865,10,0,0,77,1
2,85.951206,84.471599,0.005159,90.641021,-0.031968,137,137,0.0,21.03,0,-78.410721,0.245,0.059634,0.244753,14,0,0,86,1
5,111.131427,71.547652,6.914009,179.773137,2.571903,7,7,0.0,33.43,2,-83.273684,0.967586,0.925923,0.963714,0,0,0,0,0
3,76.486243,96.647004,8.07825,270.641215,6.0,125,125,0.0,36.24,1,-79.619093,0.151623,0.06395,0.186679,12,0,0,77,1
2,85.951206,84.471599,0.005159,90.641021,0.0,138,138,0.0,28.52,0,-77.910721,0.245,0.057226,0.24479,14,0,0,87,1
3,76.486243,96.647004,8.07825,270.641215,0.0,126,126,0.0,22.83,1,-78.759093,0.149167,0.065212,0.181052,12,0,0,77,1
2,85.951206,84.471599,0.005159,90.641021,0.0,139,139,0.0,24.23,1,-78.580721,0.245,0.057419,0.244822,14,0,0,88,1
3,76.486243,96.647004,8.07825,270.641215,0.0,127,127,0.0,26.31,1,-80.429093,0.147447,0.066409,0.176011,12,0,0,77,1
2,85.951206,84.471599,0.005159,90.641021,0.0,140,140,0.0,31.4,2,-77.550721,0.245,0.056314,0.244848,14,0,0,88,1
3,76.486243,96.647004,8.07825,270.641215,0.0,128,128,0.0,29.7,1,-79.379093,0.146243,0.065057,0.171546,12,0,0,77,1
2,85.951206,84.471599,0.005159,90.641021,0.0,141,141,0.0,16.21,0,-79.790721,0.245,0.057236,0.244871,14,0,0,88,1
3,76.486243,96.647004,8.07825,270.641215,0.0,129,129,0.0,28.49,0,-80.949093,0.145401,0.064793,0.167624,12,0,0,78,1
2,85.951206,84.471599,0.005159,90.641021,0.0,142,142,0.0,38.36,0,-79.040721,0.245,0.055177,0.24489,14,0,0,88,1
3,76.486243,96.647004,8.07825,270.641215,0.0,130,130,0.0,21.6,0,-80.689093,0.144811,0.061845,0.164202,12,0,0,79,1
2,85.951206,84.471599,0.005159,90.641021,0.0,143,143,0.0,36.13,0,-78.830721,0.245,0.058133,0.244907,14,0,0,88,1
3,76.486243,96.647004,8.07825,270.641215,0.0,131,131,0.0,35.99,0,-81.939093,0.144398,0.061133,0.161232,12,0,0,80,1
2,85.951206,84.471599,0.005159,90.641021,0.0,144,144,0.0,54.14,2,-77.890721,0.245,0.0591,0.244921,14,0,0,88,1
3,76.486243,96.647004,8.07825,270.641215,0.0,132,132,0.0,22.15,1,-80.359093,0.144109,0.0631,0.158663,12,0,0,81,1
2,85.951206,84.471599,0.005159,90.641021,0.0,145,145,0.0,35.81,1,-78.860721,0.245,0.057075,0.244933,14,0,0,88,1
3,76.486243,96.647004,8.07825,270.641215,0.0,133,133,0.0,48.37,2,-78.829093,0.143907,0.057825,0.15645,12,0,0,82,1
2,85.951206,84.471599,0.005159,90.641021,0.0,146,146,0.0,35.93,0,-80.230721,0.245,0.062556,0.244943,14,0,0,89,1
3,76.486243,96.647004,8.07825,270.641215,0.0,134,134,0.0,24.44,1,-80.539093,0.143765,0.054369,0.154547,12,0,0,83,1
2,85.951206,84.471599,0.005159,90.641021,0.0,147,147,0.0,42.63,1,-79.590721,0.245,0.061417,0.244951,14,0,0,90,1
1,114.409946,68.360574,0.0,179.773087,0.0,12,12,0.0,32.19,2,-82.990997,0.956623,0.925126,0.960348,0,0,0,0,0
3,76.486243,96.647004,8.07825,270.641215,0.0,135,135,0.0,16.84,0,-79.989093,0.143666,0.055527,0.152915,12,0,0,84,1
2,85.951206,84.471599,0.005159,90.641021,0.0,148,148,0.0,40.37,2,-79.850721,0.245,0.059313,0.244959,14,0,0,91,1
3,76.486243,96.647004,8.07825,270.641215,0.0,136,136,0.0,36.87,1,-79.999093,0.143597,0.052145,0.151517,12,0,0,85,1
2,85.951206,84.471599,0.005159,90.641021,0.0,149,149,0.0,27.89,1,-78.120721,0.245,0.056985,0.244965,14,0,0,92,1
3,76.486243,96.647004,8.07825,270.641215,0.0,137,137,0.0,46.54,2,-80.599093,0.143548,0.056859,0.150322,12,0,0,86,1
2,85.951206,84.471599,0.005159,90.641021,0.0,150,150,0.0,31.03,1,-77.790721,0.245,0.056738,0.24497,14,0,0,93,1
3,76.486243,96.647004,8.07825,270.641215,0.0,138,138,0.0,29.72,0,-81.209093,0.143514,0.053894,0.149301,12,0,0,87,1
2,85.951206,84.471599,0.005159,90.641021,0.0,151,151,0.0,33.11,2,-77.290721,0.245,0.054554,0.244975,14,0,0,94,1
3,76.486243,96.647004,8.07825,270.641215,0.0,139,139,0.0,31.5,2,-80.469093,0.143491,0.051671,0.148429,12,0,0,88,1
2,85.951206,84.471599,0.005159,90.641021,0.0,152,152,0.0,53.49,2,-78.870721,0.245,0.058665,0.244978,14,0,0,95,1
3,76.486243,96.647004,8.07825,270.641215,0.0,140,140,0.0,25.53,1,-78.859093,0.143474,0.055253,0.147686,12,0,0,88,1
4,81.171934,71.406214,13.541334,179.64683,2.552991,9,9,0.0,34.86,2,-74.865529,0.958593,0.934277,0.962571,0,0,0,0,0
2,85.951206,84.471599,0.005159,90.641021,0.0,153,153,0.0,51.14,2,-78.170721,0.245,0.054249,0.244982,14,0,0,96,1
3,76.602903,107.070762,10.423757,270.641215,6.0,141,141,0.0,46.16,2,-81.440095,0.116032,0.05994,0.142938,14,0,0,88,1
5,102.852676,71.514872,8.27693,179.773137,1.36293,8,8,0.0,23.87,0,-79.008719,0.97509,0.931192,0.965421,0,0,0,0,0
2,85.951203,84.471331,0.000268,90.641021,-0.081533,154,154,0.0,28.81,0,-79.120664,0.245,0.054937,0.244984,14,0,0,97,1
3,76.602903,107.070762,10.423757,270.641215,0.0,142,142,0.0,46.06,2,-81.790095,0.095922,0.056955,0.135886,15,0,0,88,1
2,85.951203,84.471331,0.000268,90.641021,0.0,155,155,0.0,26.95,1,-77.450664,0.245,0.056703,0.244987,14,0,0,98,1
3,76.602903,107.070762,10.423757,270.641215,0.0,143,143,0.0,40.19,2,-82.090095,0.081846,0.062466,0.12778,16,0,0,88,1
2,85.951203,84.471331,0.000268,90.641021,0.0,156,156,0.0,46.02,2,-77.260664,0.245,0.055277,0.244989,14,0,0,99,1
3,76.602903,107.070762,10.423757,270.641215,0.0,144,144,0.0,39.43,1,-82.890095,0.071992,0.05985,0.119411,17,0,0,88,1
2,85.951203,84.471331,0.000268,90.641021,0.0,157,157,0.0,37.27,1,-80.390664,0.245,0.052958,0.24499,14,0,0,99,1
3,76.602903,107.070762,10.423757,270.641215,0.0,145,145,0.0,20.0,0,-81.760095,0.065094,0.063887,0.111264,18,0,0,88,1
2,85.951203,84.471331,0.000268,90.641021,0.0,158,158,0.0,46.63,2,-77.330664,0.245,0.056218,0.244992,14,0,0,99,1
3,76.602903,107.070762,10.423757,270.641215,0.0,146,146,0.0,32.44,0,-83.340095,0.060266,0.059915,0.103614,19,0,0,89,1
2,85.951203,84.471331,0.000268,90.641021,0.0,159,159,0.0,40.42,1,-80.410664,0.245,0.061914,0.244993,14,0,0,99,1
3,76.602903,107.070762,10.423757,270.641215,0.0,147,147,0.0,36.48,2,-80.770095,0.056886,0.062437,0.096605,20,0,0,90,1
2,85.951203,84.471331,0.000268,90.641021,0.0,160,160,0.0,44.63,2,-79.520664,0.245,0.064185,0.244994,14,0,0,99,1
3,76.602903,107.070762,10.423757,270.641215,0.0,148,148,0.0,32.54,0,-81.710095,0.05452,0.059577,0.090292,21,0,0,91,1
2,85.951203,84.471331,0.000268,90.641021,0.0,161,161,0.0,35.88,2,-79.330664,0.245,0.064389,0.244995,14,0,0,99,1
3,76.602903,107.070762,10.423757,270.641215,0.0,149,149,0.0,43.71,2,-81.040095,0.052864,0.057683,0.084678,22,0,0,92,1
2,85.951203,84.471331,0.000268,90.641021,0.0,162,162,0.0,38.58,1,-80.340664,0.245,0.059542,0.244996,14,0,0,99,1
3,76.602903,107.070762,10.423757,270.641215,0.0,150,150,0.0,23.45,1,-83.660095,0.051705,0.061262,0.079732,23,0,0,93,1
2,85.951203,84.471331,0.000268,90.641021,0.0,163,163,0.0,20.61,0,-77.890664,0.245,0.055406,0.244996,14,0,0,100,1
3,76.602903,107.070762,10.423757,270.641215,0.0,151,151,0.0,22.75,0,-82.750095,0.050893,0.061447,0.075406,24,0,0,94,1
1,114.409946,68.360574,0.0,179.773087,0.0,13,13,0.0,38.74,1,-83.760997,0.957276,0.926345,0.959887,0,0,0,0,0
2,85.951203,84.471331,0.000268,90.641021,0.0,164,164,0.0,43.5,1,-77.100664,0.245,0.054555,0.244997,14,0,0,101,1
3,76.602903,107.070762,10.423757,270.641215,0.0,152,152,0.0,32.29,2,-80.900095,0.050325,0.063585,0.071644,25,0,0,95,1
2,85.951203,84.471331,0.000268,90.641021,0.0,165,165,0.0,39.95,1,-78.850664,0.245,0.060416,0.244997,14,0,0,102,1
3,76.602903,107.070762,10.423757,270.641215,0.0,153,153,0.0,53.87,2,-83.550095,0.049928,0.060189,0.068387,26,0,0,96,1
2,85.951203,84.471331,0.000268,90.641021,0.0,166,166,0.0,35.34,0,-79.900664,0.245,0.055562,0.244998,14,0,0,103,1
3,76.602903,107.070762,10.423757,270.641215,0.0,154,154,0.0,34.42,0,-82.640095,0.049649,0.057392,0.065576,27,0,0,97,1
2,85.951203,84.471331,0.000268,90.641021,0.0,167,167,0.0,33.89,2,-80.400664,0.245,0.052422,0.244998,14,0,0,104,1
3,76.602903,107.070762,10.423757,270.641215,0.0,155,155,0.0,38.23,0,-83.180095,0.049455,0.054544,0.063158,28,0,0,98,1
2,85.951203,84.471331,0.000268,90.641021,0.0,168,168,0.0,44.51,1,-79.730664,0.245,0.056566,0.244998,14,0,0,105,1
3,76.602903,107.070762,10.423757,270.641215,0.0,156,156,0.0,27.89,0,-83.440095,0.049318,0.056908,0.061082,29,0,0,99,1
2,85.951203,84.471331,0.000268,90.641021,0.0,169,169,0.0,30.02,1,-79.860664,0.245,0.058675,0.244999,14,0,0,106,1
3,76.602903,107.070762,10.423757,270.641215,0.0,157,157,0.0,14.97,0,-81.050095,0.049223,0.054431,0.059303,30,0,0,99,1
4,67.176452,71.311347,13.995483,179.54831,0.454151,10,10,0.0,50.11,2,-70.752865,0.953489,0.935708,0.961209,0,0,0,0,0
2,85.951203,84.471331,0.0,90.641021,-0.00447,170,170,0.0,31.27,1,-79.780664,0.245,0.057506,0.244999,14,0,0,107,1
5,92.241111,71.472855,10.60923,179.773137,2.332283,9,9,0.0,30.31,2,-77.748352,0.965343,0.933644,0.965409,0,0,0,0,0
2,85.951203,84.471331,0.0,90.641021,0.0,171,171,0.0,35.93,0,-79.890664,0.245,0.062629,0.244999,14,0,0,108,1
2,85.951203,84.471331,0.0,90.641021,0.0,172,172,0.0,42.7,2,-79.940664,0.245,0.056972,0.244999,14,0,0,109,1
2,85.951203,84.471331,0.0,90.641021,0.0,173,173,0.0,27.18,1,-78.360664,0.245,0.060729,0.244999,14,0,0,110,1
2,85.951203,84.471331,0.0,90.641021,0.0,174,174,0.0,36.45,0,-80.480664,0.245,0.058047,0.244999,14,0,0,110,1
2,85.951203,84.471331,0.0,90.641021,0.0,175,175,0.0,33.42,1,-77.790664,0.245,0.060035,0.244999,14,0,0,110,1
2,85.951203,84.471331,0.0,90.641021,0.0,176,176,0.0,36.72,1,-78.750664,0.245,0.059526,0.245,14,0,0,110,1
2,85.951203,84.471331,0.0,90.641021,0.0,177,177,0.0,44.97,1,-79.160664,0.245,0.061645,0.245,14,0,0,110,1
2,85.951203,84.471331,0.0,90.641021,0.0,178,178,0.0,27.16,1,-78.720664,0.245,0.057734,0.245,14,0,0,110,1
2,85.951203,84.471331,0.0,90.641021,0.0,179,179,0.0,38.27,0,-78.590664,0.245,0.0583,0.245,14,0,0,110,1
2,85.951203,84.471331,0.0,90.641021,0.0,180,180,0.0,18.82,0,-77.470664,0.245,0.054475,0.245,14,0,0,111,1
1,114.409946,68.360574,0.0,179.773087,0.0,14,14,0.0,28.07,1,-82.880997,0.960973,0.934009,0.96005,0,0,0,0,0
2,85.951203,84.471331,0.0,90.641021,0.0,181,181,0.0,26.06,1,-78.110664,0.245,0.054356,0.245,14,0,0,112,1
2,85.951203,84.471331,0.0,90.641021,0.0,182,182,0.0,32.34,0,-77.750664,0.245,0.057767,0.245,14,0,0,113,1
2,85.951203,84.471331,0.0,90.641021,0.0,183,183,0.0,25.83,0,-80.130664,0.245,0.062075,0.245,14,0,0,114,1
2,85.951203,84.471331,0.0,90.641021,0.0,184,184,0.0,32.14,1,-78.810664,0.245,0.062807,0.245,14,0,0,115,1
2,85.951203,84.471331,0.0,90.641021,0.0,185,185,0.0,15.47,0,-77.500664,0.245,0.059105,0.245,14,0,0,116,1
2,85.951203,84.471331,0.0,90.641021,0.0,186,186,0.0,42.63,2,-79.490664,0.245,0.064079,0.245,14,0,0,117,1
4,52.986046,71.186376,14.190406,179.495427,0.194923,11,11,0.0,18.64,0,-70.398739,0.962343,0.929281,0.961379,0,0,0,0,0
2,85.951203,84.471331,0.0,90.641021,0.0,187,187,0.0,33.8,2,-79.860664,0.245,0.064559,0.245,14,0,0,118,1
5,79.938697,71.398612,12.302256,179.64683,1.693019,10,10,0.0,30.79,0,-74.751794,0.97328,0.942983,0.96659,0,0,0,0,0
2,85.951203,84.471331,0.0,90.641021,0.0,188,188,0.0,44.65,2,-80.160664,0.245,0.067169,0.245,14,0,0,119,1
2,85.951203,84.471331,0.0,90.641021,0.0,189,189,0.0,17.26,0,-77.280664,0.245,0.062127,0.245,14,0,0,120,1
2,85.951203,84.471331,0.0,90.641021,0.0,190,190,0.0,37.5,0,-79.260664,0.245,0.062095,0.245,14,0,0,121,1
2,85.951203,84.471331,0.0,90.641021,0.0,191,191,0.0,29.63,1,-79.790664,0.245,0.061571,0.245,14,0,0,121,1
2,85.951203,84.471331,0.0,90.641021,0.0,192,192,0.0,41.16,1,-78.470664,0.245,0.059929,0.245,14,0,0,121,1
2,85.951203,84.471331,0.0,90.641021,0.0,193,193,0.0,39.9,2,-78.440664,0.245,0.054946,0.245,14,0,0,121,1
2,85.951203,84.471331,0.0,90.641021,0.0,194,194,0.0,22.65,1,-80.180664,0.245,0.05971,0.245,14,0,0,121,1
2,85.951203,84.471331,0.0,90.641021,0.0,195,195,0.0,44.96,2,-77.840664,0.245,0.061782,0.245,14,0,0,121,1
2,85.951203,84.471331,0.0,90.641021,0.0,196,196,0.0,47.53,2,-77.620664,0.245,0.057837,0.245,14,0,0,121,1
2,85.951203,84.471331,0.0,90.641021,0.0,197,197,0.0,29.84,0,-77.820664,0.245,0.055128,0.245,14,0,0,122,1
1,114.409946,68.360574,0.0,179.773087,0.0,15,15,0.0,23.19,0,-82.210997,0.968241,0.930756,0.961279,0,0,0,0,0
2,85.951203,84.471331,0.0,90.641021,0.0,198,198,0.0,52.74,2,-77.460664,0.245,0.056846,0.245,14,0,0,123,1
2,85.951203,84.471331,0.0,90.641021,0.0,199,199,0.0,36.66,0,-80.010664,0.245,0.052884,0.245,14,0,0,124,1
2,85.951203,84.471331,0.0,90.641021,0.0,200,200,0.0,31.37,0,-80.370664,0.245,0.054913,0.245,14,0,0,125,1
2,85.951203,84.471331,0.0,90.641021,0.0,201,201,0.0,25.6,1,-77.310664,0.245,0.053185,0.245,14,0,0,126,1
2,85.951203,84.471331,0.0,90.641021,0.0,202,202,0.0,43.91,2,-79.200664,0.245,0.053139,0.245,14,0,0,127,1
4,38.461459,71.058463,14.524587,179.495427,0.33418,12,12,0.0,35.85,0,-72.624889,0.96992,0.926961,0.96266,0,0,0,0,0
2,85.951203,84.471331,0.0,90.641021,0.0,203,203,0.0,49.46,2,-77.200664,0.245,0.050604,0.245,14,0,0,128,1
5,65.872604,71.299864,14.066093,179.508829,1.763857,11,11,0.0,24.5,0,-72.314284,0.979196,0.945237,0.968481,0,0,0,0,0
2,85.951203,84.471331,0.0,90.641021,0.0,204,204,0.0,37.4,0,-77.820664,0.245,0.055453,0.245,14,0,0,129,1
2,85.951203,84.471331,0.0,90.641021,0.0,205,205,0.0,25.39,1,-77.330664,0.245,0.05159,0.245,14,0,0,130,1
2,85.951203,84.471331,0.0,90.641021,0.0,206,206,0.0,24.13,1,-78.930664,0.245,0.052192,0.245,14,0,0,131,1
2,85.951203,84.471331,0.0,90.641021,0.0,207,207,0.0,44.25,2,-78.940664,0.245,0.049894,0.245,14,0,0,132,1
2,85.951203,84.471331,0.0,90.641021,0.0,208,208,0.0,34.01,0,-80.010664,0.245,0.055671,0.245,14,0,0,132,1
2,85.951203,84.471331,0.0,90.641021,0.0,209,209,0.0,46.18,2,-77.150664,0.245,0.052003,0.245,14,0,0,132,1
2,85.951203,84.471331,0.0,90.641021,0.0,210,210,0.0,54.49,2,-78.830664,0.245,0.053252,0.245,14,0,0,132,1
2,85.951203,84.471331,0.0,90.641021,0.0,211,211,0.0,26.64,1,-77.640664,0.245,0.052189,0.245,14,0,0,132,1
2,85.951203,84.471331,0.0,90.641021,0.0,212,212,0.0,35.22,2,-80.070664,0.245,0.056892,0.245,14,0,0,132,1
2,85.951203,84.471331,0.0,90.641021,0.0,213,213,0.0,23.23,1,-78.110664,0.245,0.059419,0.245,14,0,0,132,1
1,114.409946,68.360574,0.0,179.773087,0.0,16,16,0.0,27.43,0,-83.230997,0.975909,0.935567,0.963473,0,0,0,0,0
2,85.951203,84.471331,0.0,90.641021,0.0,214,214,0.0,38.21,2,-80.140664,0.245,0.057314,0.245,14,0,0,133,1
2,85.951203,84.471331,0.0,90.641021,0.0,215,215,0.0,24.84,0,-80.460664,0.245,0.053736,0.245,14,0,0,134,1
2,85.951203,84.471331,0.0,90.641021,0.0,216,216,0.0,51.47,2,-80.170664,0.245,0.050302,0.245,14,0,0,135,1
2,85.951203,84.471331,0.0,90.641021,0.0,217,217,0.0,25.35,1,-80.240664,0.245,0.055976,0.245,14,0,0,136,1
2,85.951203,84.471331,0.0,90.641021,0.0,218,218,0.0,50.82,2,-80.070664,0.245,0.059232,0.245,14,0,0,137,1
2,85.951203,84.471331,0.0,90.641021,0.0,219,219,0.0,31.4,0,-79.230664,0.245,0.057424,0.245,14,0,0,138,1
4,25.14472,70.941186,13.316739,179.495427,-1.20786,13,13,0.0,52.99,2,-76.172755,0.96065,0.936971,0.962359,0,0,0,0,0
2,85.951203,84.471331,0.0,90.641021,0.0,220,220,0.0,34.75,0,-77.160664,0.245,0.057068,0.245,14,0,0,139,1
5,52.567311,71.182689,13.305293,179.495427,-0.760792,12,12,0.0,42.52,1,-71.887184,0.974037,0.945678,0.969314,0,0,0,0,0
2,85.951203,84.471331,0.0,90.641021,0.0,221,221,0.0,26.83,1,-80.370664,0.245,0.057801,0.245,14,0,0,140,1
2,85.951203,84.471331,0.0,90.641021,0.0,222,222,0.0,34.47,0,-77.260664,0.245,0.054601,0.245,14,0,0,141,1
2,85.951203,84.471331,0.0,90.641021,0.0,223,223,0.0,31.78,2,-77.280664,0.245,0.053201,0.245,14,0,0,142,1
2,85.951203,84.471331,0.0,90.641021,0.0,224,224,0.0,32.48,2,-79.770664,0.245,0.0499,0.245,14,0,0,143,1
2,85.951203,84.471331,0.0,90.641021,0.0,225,225,0.0,33.6,1,-78.710664,0.245,0.048175,0.245,14,0,0,143,1
2,85.951203,84.471331,0.0,90.641021,0.0,226,226,0.0,36.73,2,-78.670664,0.245,0.051632,0.245,14,0,0,143,1
2,85.951203,84.471331,0.0,90.641021,0.0,227,227,0.0,42.35,1,-79.110664,0.245,0.056974,0.245,14,0,0,143,1
2,85.951203,84.471331,0.0,90.641021,0.0,228,228,0.0,48.12,2,-79.580664,0.245,0.05473,0.245,14,0,0,143,1
2,85.951203,84.471331,0.0,90.641021,0.0,229,229,0.0,23.6,1,-78.480664,0.245,0.053048,0.245,14,0,0,143,1
2,85.951203,84.471331,0.0,90.641021,0.0,230,230,0.0,36.23,0,-77.590664,0.245,0.055536,0.245,14,0,0,143,1
1,114.409946,68.360574,0.0,179.773087,0.0,17,17,0.0,43.73,1,-82.410997,0.973956,0.938676,0.965046,0,0,0,0,0
2,85.951203,84.471331,0.0,90.641021,0.0,231,231,0.0,33.46,0,-77.290664,0.245,0.052652,0.245,14,0,0,144,1
2,85.951203,84.471331,0.0,90.641021,0.0,232,232,0.0,19.62,0,-78.800664,0.245,0.051739,0.245,14,0,0,145,1
2,85.951203,84.471331,0.0,90.641021,0.0,233,233,0.0,45.54,1,-78.470664,0.245,0.050304,0.245,14,0,0,146,1
2,85.951203,84.471331,0.0,90.641021,0.0,234,234,0.0,27.31,0,-79.090664,0.245,0.053228,0.245,14,0,0,147,1
2,85.951203,84.471331,0.0,90.641021,0.0,235,235,0.0,45.88,2,-79.510664,0.245,0.052671,0.245,14,0,0,148,1
2,85.951203,84.471331,0.0,90.641021,0.0,236,236,0.0,33.49,0,-78.080664,0.245,0.055003,0.245,14,0,0,149,1
2,85.951203,84.471331,0.0,90.641021,0.0,237,237,0.0,36.11,2,-77.550664,0.245,0.053752,0.245,14,0,0,150,1
5,39.055477,71.063694,13.511833,179.495427,0.206541,13,13,0.0,43.73,2,-71.896008,0.963406,0.937508,0.968428,0,0,0,0,0
2,85.951203,84.471331,0.0,90.641021,0.0,238,238,0.0,27.04,1,-77.620664,0.245,0.052064,0.245,14,0,0,151,1
2,85.951203,84.471331,0.0,90.641021,0.0,239,239,0.0,29.75,2,-78.080664,0.245,0.052548,0.245,14,0,0,152,1
2,85.951203,84.471331,0.0,90.641021,0.0,240,240,0.0,50.86,2,-77.080664,0.245,0.051911,0.245,14,0,0,153,1
2,85.951203,84.471331,0.0,90.641021,0.0,241,241,0.0,28.14,1,-77.260664,0.245,0.052183,0.245,14,0,0,154,1
2,85.951203,84.471331,0.0,90.641021,0.0,242,242,0.0,34.48,1,-78.150664,0.245,0.054388,0.245,14,0,0,154,1
2,85.951203,84.471331,0.0,90.641021,0.0,243,243,0.0,35.63,1,-79.090664,0.245,0.050791,0.245,14,0,0,154,1
2,85.951203,84.471331,0.0,90.641021,0.0,244,244,0.0,27.04,1,-79.860664,0.245,0.056343,0.245,14,0,0,154,1
2,85.951203,84.471331,0.0,90.641021,0.0,245,245,0.0,33.27,1,-79.060664,0.245,0.054757,0.245,14,0,0,154,1
2,85.951203,84.471331,0.0,90.641021,0.0,246,246,0.0,35.19,0,-79.310664,0.245,0.053068,0.245,14,0,0,154,1
2,85.951203,84.471331,0.0,90.641021,0.0,247,247,0.0,25.74,1,-78.960664,0.245,0.054301,0.245,14,0,0,154,1
1,114.409946,68.360574,0.0,179.773087,0.0,18,18,0.0,53.51,2,-82.470997,0.962563,0.945007,0.964673,0,0,0,0,0
2,85.951203,84.471331,0.0,90.641021,0.0,248,248,0.0,31.26,1,-80.400664,0.245,0.053726,0.245,14,0,0,155,1
2,85.951203,84.471331,0.0,90.641021,0.0,249,249,0.0,26.55,0,-78.490664,0.245,0.050294,0.245,14,0,0,156,1
2,85.951203,84.471331,0.0,90.641021,0.0,250,250,0.0,35.32,1,-78.570664,0.245,0.054721,0.245,14,0,0,157,1
2,85.951203,84.471331,0.0,90.641021,0.0,251,251,0.0,45.07,1,-77.170664,0.245,0.053291,0.245,14,0,0,158,1
2,85.951203,84.471331,0.0,90.641021,0.0,252,252,0.0,14.88,0,-79.690664,0.245,0.051968,0.245,14,0,0,159,1
2,85.951203,84.471331,0.0,90.641021,0.0,253,253,0.0,46.7,1,-77.680664,0.245,0.055226,0.245,14,0,0,160,1
5,26.031708,70.948998,13.023769,179.495427,-0.488063,14,14,0.0,39.92,2,-76.457265,0.955424,0.932381,0.966477,0,0,0,0,0
2,85.951203,84.471331,0.0,90.641021,0.0,254,254,0.0,33.5,0,-79.430664,0.245,0.058919,0.245,14,0,0,161,1
2,85.951203,84.471331,0.0,90.641021,0.0,255,255,0.0,39.88,1,-78.350664,0.245,0.05419,0.245,14,0,0,162,1
2,85.951203,84.471331,0.0,90.641021,0.0,256,256,0.0,43.34,1,-78.900664,0.245,0.052392,0.245,14,0,0,163,1
2,85.951203,84.471331,0.0,90.641021,0.0,257,257,0.0,34.11,2,-77.330664,0.245,0.052794,0.245,14,0,0,164,1
2,85.951203,84.471331,0.0,90.641021,0.0,258,258,0.0,38.91,1,-80.300664,0.245,0.055346,0.245,14,0,0,165,1
2,85.951203,84.471331,0.0,90.641021,0.0,259,259,0.0,45.04,2,-79.200664,0.245,0.056009,0.245,14,0,0,165,1
2,85.951203,84.471331,0.0,90.641021,0.0,260,260,0.0,31.3,1,-78.920664,0.245,0.057507,0.245,14,0,0,165,1
2,85.951203,84.471331,0.0,90.641021,0.0,261,261,0.0,45.08,1,-77.350664,0.245,0.05663,0.245,14,0,0,165,1
2,85.951203,84.471331,0.0,90.641021,0.0,262,262,0.0,40.94,2,-77.580664,0.245,0.052973,0.245,14,0,0,165,1
2,85.951203,84.471331,0.0,90.641021,0.0,263,263,0.0,44.72,2,-79.840664,0.245,0.051479,0.245,14,0,0,165,1
1,114.409946,68.360574,0.0,179.773087,0.0,19,19,0.0,31.85,0,-83.440997,0.970914,0.944755,0.965609,0,0,0,0,0
2,85.951203,84.471331,0.0,90.641021,0.0,264,264,0.0,29.99,0,-79.900664,0.245,0.05136,0.245,14,0,0,165,1
2,85.951203,84.471331,0.0,90.641021,0.0,265,265,0.0,22.89,1,-79.060664,0.245,0.05202,0.245,14,0,0,166,1
2,85.951203,84.471331,0.0,90.641021,0.0,266,266,0.0,53.78,2,-78.220664,0.245,0.049515,0.245,14,0,0,167,1
2,85.951203,84.471331,0.0,90.641021,0.0,267,267,0.0,30.26,0,-77.880664,0.245,0.051386,0.245,14,0,0,168,1
2,85.951203,84.471331,0.0,90.641021,0.0,268,268,0.0,23.39,1,-77.200664,0.245,0.05204,0.245,14,0,0,169,1
2,85.951203,84.471331,0.0,90.641021,0.0,269,269,0.0,52.32,2,-77.640664,0.245,0.04953,0.245,14,0,0,170,1
2,85.951203,84.471331,0.0,90.641021,0.0,270,270,0.0,31.86,2,-77.190664,0.245,0.050897,0.245,14,0,0,171,1
2,85.951203,84.471331,0.0,90.641021,0.0,271,271,0.0,18.03,0,-79.340664,0.245,0.052923,0.245,14,0,0,172,1
2,85.951203,84.471331,0.0,90.641021,0.0,272,272,0.0,35.5,1,-80.040664,0.245,0.058692,0.245,14,0,0,173,1
2,85.951203,84.471331,0.0,90.641021,0.0,273,273,0.0,36.92,0,-79.420664,0.245,0.063519,0.245,14,0,0,174,1
2,85.951203,84.471331,0.0,90.641021,0.0,274,274,0.0,43.41,1,-80.230664,0.245,0.057889,0.245,14,0,0,175,1
2,85.951203,84.471331,0.0,90.641021,0.0,275,275,0.0,43.6,2,-77.190664,0.245,0.058417,0.245,14,0,0,176,1
2,85.951203,84.471331,0.0,90.641021,0.0,276,276,0.0,39.05,0,-77.020664,0.245,0.060563,0.245,14,0,0,176,1
2,85.951203,84.471331,0.0,90.641021,0.0,277,277,0.0,17.31,0,-78.390664,0.245,0.065172,0.245,14,0,0,176,1
2,85.951203,84.471331,0.0,90.641021,0.0,278,278,0.0,17.56,0,-79.670664,0.245,0.062629,0.245,14,0,0,176,1
2,85.951203,84.471331,0.0,90.641021,0.0,279,279,0.0,43.74,1,-77.110664,0.245,0.061472,0.245,14,0,0,176,1
2,85.951203,84.471331,0.0,90.641021,0.0,280,280,0.0,32.66,1,-78.770664,0.245,0.060104,0.245,14,0,0,176,1
1,114.409946,68.360574,0.0,179.773087,0.0,20,20,0.0,38.34,1,-80.480997,0.97022,0.948316,0.966301,0,0,0,0,0
2,85.951203,84.471331,0.0,90.641021,0.0,281,281,0.0,34.49,2,-77.560664,0.245,0.059328,0.245,14,0,0,176,1
2,85.951203,84.471331,0.0,90.641021,0.0,282,282,0.0,47.89,2,-77.100664,0.245,0.056996,0.245,14,0,0,177,1
2,85.951203,84.471331,0.0,90.641021,0.0,283,283,0.0,39.36,2,-78.860664,0.245,0.054747,0.245,14,0,0,178,1
2,85.951203,84.471331,0.0,90.641021,0.0,284,284,0.0,34.16,0,-78.770664,0.245,0.05506,0.245,14,0,0,179,1
2,85.951203,84.471331,0.0,90.641021,0.0,285,285,0.0,22.37,1,-79.930664,0.245,0.057795,0.245,14,0,0,180,1
2,85.951203,84.471331,0.0,90.641021,0.0,286,286,0.0,24.12,1,-78.670664,0.245,0.057346,0.245,14,0,0,181,1
2,85.951203,84.471331,0.0,90.641021,0.0,287,287,0.0,40.67,2,-79.400664,0.245,0.05676,0.245,14,0,0,182,1
2,85.951203,84.471331,0.0,90.641021,0.0,288,288,0.0,20.81,0,-80.000664,0.245,0.05307,0.245,14,0,0,183,1
2,85.951203,84.471331,0.0,90.641021,0.0,289,289,0.0,33.01,2,-77.300664,0.245,0.051052,0.245,14,0,0,184,1
2,85.951203,84.471331,0.0,90.641021,0.0,290,290,0.0,41.47,1,-77.900664,0.245,0.048539,0.245,14,0,0,185,1
2,85.951203,84.471331,0.0,90.641021,0.0,291,291,0.0,31.19,0,-77.840664,0.245,0.055154,0.245,14,0,0,186,1
2,85.951203,84.471331,0.0,90.641021,0.0,292,292,0.0,53.81,2,-77.350664,0.245,0.059116,0.245,14,0,0,187,1
2,85.951203,84.471331,0.0,90.641021,0.0,293,293,0.0,37.47,0,-79.200664,0.245,0.059337,0.245,14,0,0,187,1
2,85.951203,84.471331,0.0,90.641021,0.0,294,294,0.0,26.96,1,-80.110664,0.245,0.058003,0.245,14,0,0,187,1
2,85.951203,84.471331,0.0,90.641021,0.0,295,295,0.0,27.69,1,-78.640664,0.245,0.060502,0.245,14,0,0,187,1
2,85.951203,84.471331,0.0,90.641021,0.0,296,296,0.0,32.82,1,-78.520664,0.245,0.061626,0.245,14,0,0,187,1
2,85.951203,84.471331,0.0,90.641021,0.0,297,297,0.0,39.52,2,-78.330664,0.245,0.06547,0.245,14,0,0,187,1
1,114.409946,68.360574,0.0,179.773087,0.0,21,21,0.0,39.9,1,-82.860997,0.967214,0.945237,0.966438,0,0,0,0,0
2,85.951203,84.471331,0.0,90.641021,0.0,298,298,0.0,24.99,1,-77.460664,0.245,0.060852,0.245,14,0,0,187,1
2,85.951203,84.471331,0.0,90.641021,0.0,299,299,0.0,50.78,2,-79.020664,0.245,0.062889,0.245,14,0,0,188,1
2,85.951203,84.471331,0.0,90.641021,0.0,300,300,0.0,35.39,2,-78.780664,0.245,0.060417,0.245,14,0,0,189,1
2,85.951203,84.471331,0.0,90.641021,0.0,301,301,0.0,34.66,1,-78.630664,0.245,0.062813,0.245,14,0,0,190,1
2,85.951203,84.471331,0.0,90.641021,0.0,302,302,0.0,52.09,2,-77.440664,0.245,0.06611,0.245,14,0,0,191,1
2,85.951203,84.471331,0.0,90.641021,0.0,303,303,0.0,35.21,0,-79.340664,0.245,0.061832,0.245,14,0,0,192,1
2,85.951203,84.471331,0.0,90.641021,0.0,304,304,0.0,43.84,1,-77.500664,0.245,0.061124,0.245,14,0,0,193,1
2,85.951203,84.471331,0.0,90.641021,0.0,305,305,0.0,24.75,1,-79.350664,0.245,0.058343,0.245,14,0,0,194,1
2,85.951203,84.471331,0.0,90.641021,0.0,306,306,0.0,24.5,1,-78.760664,0.245,0.054257,0.245,14,0,0,195,1
2,85.951203,84.471331,0.0,90.641021,0.0,307,307,0.0,42.14,2,-78.780664,0.245,0.055443,0.245,14,0,0,196,1
2,85.951203,84.471331,0.0,90.641021,0.0,308,308,0.0,28.94,0,-79.530664,0.245,0.060082,0.245,14,0,0,197,1
2,85.951203,84.471331,0.0,90.641021,0.0,309,309,0.0,41.77,1,-77.110664,0.245,0.061312,0.245,14,0,0,198,1
2,85.951203,84.471331,0.0,90.641021,0.0,310,310,0.0,25.92,0,-78.360664,0.245,0.064484,0.245,14,0,0,198,1
2,85.951203,84.471331,0.0,90.641021,0.0,311,311,0.0,35.45,2,-79.650664,0.245,0.065863,0.245,14,0,0,198,1
2,85.951203,84.471331,0.0,90.641021,0.0,312,312,0.0,41.99,2,-78.320664,0.245,0.066147,0.245,14,0,0,198,1
2,85.951203,84.471331,0.0,90.641021,0.0,313,313,0.0,32.58,1,-78.760664,0.245,0.05986,0.245,14,0,0,198,1
1,114.409946,68.360574,0.0,179.773087,0.0,22,22,0.0,46.63,1,-80.970997,0.96577,0.946428,0.966338,0,0,0,0,0
2,85.951203,84.471331,0.0,90.641021,0.0,314,314,0.0,39.96,1,-79.140664,0.245,0.063145,0.245,14,0,0,198,1
2,85.951203,84.471331,0.0,90.641021,0.0,315,315,0.0,45.04,2,-78.300664,0.245,0.064609,0.245,14,0,0,198,1
2,85.951203,84.471331,0.0,90.641021,0.0,316,316,0.0,46.27,1,-77.590664,0.245,0.062207,0.245,14,0,0,199,1
2,85.951203,84.471331,0.0,90.641021,0.0,317,317,0.0,26.67,1,-77.630664,0.245,0.066155,0.245,14,0,0,200,1
2,85.951203,84.471331,0.0,90.641021,0.0,318,318,0.0,42.85,2,-78.790664,0.245,0.062616,0.245,14,0,0,201,1
2,85.951203,84.471331,0.0,90.641021,0.0,319,319,0.0,36.62,0,-78.930664,0.245,0.058712,0.245,14,0,0,202,1
2,85.951203,84.471331,0.0,90.641021,0.0,320,320,0.0,46.12,2,-80.130664,0.245,0.062284,0.245,14,0,0,203,1
2,85.951203,84.471331,0.0,90.641021,0.0,321,321,0.0,35.01,0,-78.460664,0.245,0.060713,0.245,14,0,0,204,1
2,85.951203,84.471331,0.0,90.641021,0.0,322,322,0.0,20.91,0,-77.990664,0.245,0.062785,0.245,14,0,0,205,1
2,85.951203,84.471331,0.0,90.641021,0.0,323,323,0.0,27.9,1,-80.450664,0.245,0.059339,0.245,14,0,0,206,1
2,85.951203,84.471331,0.0,90.641021,0.0,324,324,0.0,31.86,2,-77.190664,0.245,0.056504,0.245,14,0,0,207,1
2,85.951203,84.471331,0.0,90.641021,0.0,325,325,0.0,26.76,0,-79.040664,0.245,0.056128,0.245,14,0,0,208,1
2,85.951203,84.471331,0.0,90.641021,0.0,326,326,0.0,33.87,1,-79.140664,0.245,0.053096,0.245,14,0,0,209,1
2,85.951203,84.471331,0.0,90.641021,0.0,327,327,0.0,16.74,0,-79.010664,0.245,0.052322,0.245,14,0,0,209,1
2,85.951203,84.471331,0.0,90.641021,0.0,328,328,0.0,36.73,0,-80.380664,0.245,0.057491,0.245,14,0,0,209,1
2,85.951203,84.471331,0.0,90.641021,0.0,329,329,0.0,33.51,0,-77.760664,0.245,0.059369,0.245,14,0,0,209,1
2,85.951203,84.471331,0.0,90.641021,0.0,330,330,0.0,45.66,1,-80.440664,0.245,0.056026,0.245,14,0,0,209,1
1,114.409946,68.360574,0.0,179.773087,0.0,23,23,0.0,22.47,1,-83.430997,0.966739,0.952571,0.966398,0,0,0,0,0
2,85.951203,84.471331,0.0,90.641021,0.0,331,331,0.0,28.1,0,-78.530664,0.245,0.05202,0.245,14,0,0,209,1
2,85.951203,84.471331,0.0,90.641021,0.0,332,332,0.0,35.23,2,-77.050664,0.245,0.051015,0.245,14,0,0,209,1
2,85.951203,84.471331,0.0,90.641021,0.0,333,333,0.0,29.55,2,-78.900664,0.245,0.054761,0.245,14,0,0,210,1
2,85.951203,84.471331,0.0,90.641021,0.0,334,334,0.0,43.13,2,-80.170664,0.245,0.057071,0.245,14,0,0,211,1
2,85.951203,84.471331,0.0,90.641021,0.0,335,335,0.0,37.4,0,-78.080664,0.245,0.054803,0.245,14,0,0,212,1
2,85.951203,84.471331,0.0,90.641021,0.0,336,336,0.0,45.43,2,-77.850664,0.245,0.059852,0.245,14,0,0,213,1
2,85.951203,84.471331,0.0,90.641021,0.0,337,337,0.0,45.94,2,-77.510664,0.245,0.057389,0.245,14,0,0,214,1
2,85.951203,84.471331,0.0,90.641021,0.0,338,338,0.0,35.38,2,-78.910664,0.245,0.061792,0.245,14,0,0,215,1
2,85.951203,84.471331,0.0,90.641021,0.0,339,339,0.0,17.25,0,-78.980664,0.245,0.056594,0.245,14,0,0,216,1
2,85.951203,84.471331,0.0,90.641021,0.0,340,340,0.0,17.79,0,-79.500664,0.245,0.055195,0.245,14,0,0,217,1
2,85.951203,84.471331,0.0,90.641021,0.0,341,341,0.0,28.99,0,-79.840664,0.245,0.051397,0.245,14,0,0,218,1
2,85.951203,84.471331,0.0,90.641021,0.0,342,342,0.0,36.14,0,-80.140664,0.245,0.049297,0.245,14,0,0,219,1
6,30.058877,77.384914,0.0,359.495316,0.0,2,2,0.0,25.11,1,-75.530816,0.95438,0.92625,0.950657,0,0,0,0,0
2,85.951203,84.471331,0.0,90.641021,0.0,343,343,0.0,46.96,1,-79.900664,0.245,0.051723,0.245,14,0,0,220,1
2,85.951203,84.471331,0.0,90.641021,0.0,344,344,0.0,39.6,2,-78.580664,0.245,0.055792,0.245,14,0,0,220,1
2,85.951203,84.471331,0.0,90.641021,0.0,345,345,0.0,23.25,0,-79.470664,0.245,0.055344,0.245,14,0,0,220,1
2,85.951203,84.471331,0.0,90.641021,0.0,346,346,0.0,52.0,2,-80.060664,0.245,0.052758,0.245,14,0,0,220,1
2,85.951203,84.471331,0.0,90.641021,0.0,347,347,0.0,40.19,1,-78.530664,0.245,0.057319,0.245,14,0,0,220,1
1,114.409946,68.360574,0.0,179.773087,0.0,24,24,0.0,52.74,2,-83.670997,0.957613,0.950678,0.96508,0,0,0,0,0
2,85.951203,84.471331,0.0,90.641021,0.0,348,348,0.0,29.03,1,-78.440664,0.245,0.055489,0.245,14,0,0,220,1
2,85.951203,84.471331,0.0,90.641021,0.0,349,349,0.0,39.86,1,-79.460664,0.245,0.054117,0.245,14,0,0,220,1
2,85.951203,84.471331,0.0,90.641021,0.0,350,350,0.0,35.58,1,-77.450664,0.245,0.053588,0.245,14,0,0,221,1
2,85.951203,84.471331,0.0,90.641021,0.0,351,351,0.0,31.48,2,-77.360664,0.245,0.051441,0.245,14,0,0,222,1
2,85.951203,84.471331,0.0,90.641021,0.0,352,352,0.0,44.3,1,-79.940664,0.245,0.05383,0.245,14,0,0,223,1
2,85.951203,84.471331,0.0,90.641021,0.0,353,353,0.0,28.58,1,-77.570664,0.245,0.050373,0.245,14,0,0,224,1
2,85.951203,84.471331,0.0,90.641021,0.0,354,354,0.0,30.57,0,-79.790664,0.245,0.05728,0.245,14,0,0,225,1
2,85.951203,84.471331,0.0,90.641021,0.0,355,355,0.0,32.07,1,-77.790664,0.245,0.05596,0.245,14,0,0,226,1
2,85.951203,84.471331,0.0,90.641021,0.0,356,356,0.0,42.52,2,-78.100664,0.245,0.05797,0.245,14,0,0,227,1
2,85.951203,84.471331,0.0,90.641021,0.0,357,357,0.0,20.76,0,-77.900664,0.245,0.058977,0.245,14,0,0,228,1
2,85.951203,84.471331,0.0,90.641021,0.0,358,358,0.0,20.56,0,-78.350664,0.245,0.060733,0.245,14,0,0,229,1
2,85.951203,84.471331,0.0,90.641021,0.0,359,359,0.0,34.51,1,-80.040664,0.245,0.0648,0.245,14,0,0,230,1
6,31.674484,74.198881,1.585956,359.495316,1.585941,3,3,0.0,28.6,0,-77.736519,0.964346,0.932187,0.95271,0,0,0,0,0
2,85.951203,84.471331,0.0,90.641021,0.0,360,360,0.0,44.71,1,-79.000664,0.245,0.0661,0.245,14,0,0,231,1
2,85.951203,84.471331,0.0,90.641021,0.0,361,361,0.0,37.56,1,-79.310664,0.245,0.061325,0.245,14,0,0,231,1
2,85.951203,84.471331,0.0,90.641021,0.0,362,362,0.0,34.12,0,-78.280664,0.245,0.063744,0.245,14,0,0,231,1
2,85.951203,84.471331,0.0,90.641021,0.0,363,363,0.0,44.59,1,-77.180664,0.245,0.063558,0.245,14,0,0,231,1
1,114.409946,68.360574,0.0,179.773087,0.0,25,25,0.0,53.11,2,-82.510997,0.949983,0.944009,0.962816,0,0,0,0,0
2,85.951203,84.471331,0.0,90.641021,0.0,364,364,0.0,23.3,1,-77.440664,0.245,0.063668,0.245,14,0,0,231,1
2,85.951203,84.471331,0.0,90.641021,0.0,365,365,0.0,35.87,0,-78.280664,0.245,0.059251,0.245,14,0,0,231,1
2,85.951203,84.471331,0.0,90.641021,0.0,366,366,0.0,38.28,1,-78.600664,0.245,0.060938,0.245,14,0,0,231,1
2,85.951203,84.471331,0.0,90.641021,0.0,367,367,0.0,27.75,0,-78.840664,0.245,0.056204,0.245,14,0,0,232,1
2,85.951203,84.471331,0.0,90.641021,0.0,368,368,0.0,45.33,1,-77.390664,0.245,0.054153,0.245,14,0,0,233,1
2,85.951203,84.471331,0.0,90.641021,0.0,369,369,0.0,33.23,1,-79.940664,0.245,0.054365,0.245,14,0,0,234,1
2,85.951203,84.471331,0.0,90.641021,0.0,370,370,0.0,42.89,1,-77.850664,0.245,0.051523,0.245,14,0,0,235,1
2,85.951203,84.471331,0.0,90.641021,0.0,371,371,0.0,26.12,1,-77.460664,0.245,0.057393,0.245,14,0,0,236,1
2,85.951203,84.471331,0.0,90.641021,0.0,372,372,0.0,52.5,2,-77.420664,0.245,0.060544,0.245,14,0,0,237,1
2,85.951203,84.471331,0.0,90.641021,0.0,373,373,0.0,23.78,0,-77.390664,0.245,0.062908,0.245,14,0,0,238,1
2,85.951203,84.471331,0.0,90.641021,0.0,374,374,0.0,36.87,2,-78.060664,0.245,0.057681,0.245,14,0,0,239,1
2,85.951203,84.471331,0.0,90.641021,0.0,375,375,0.0,33.74,0,-79.140664,0.245,0.057761,0.245,14,0,0,240,1
6,35.187178,74.229823,3.513468,359.495316,1.927533,4,4,0.0,28.58,1,-74.664222,0.963882,0.936141,0.954386,0,0,0,0,1
2,85.951203,84.471331,0.0,90.641021,0.0,376,376,0.0,31.66,0,-79.190664,0.245,0.062821,0.245,14,0,0,241,1
6,35.187178,74.229823,3.513468,359.495316,0.0,5,5,0.0,52.13,2,-76.564222,0.952119,0.936855,0.954046,0,0,0,0,1
2,85.951203,84.471331,0.0,90.641021,0.0,377,377,0.0,27.55,0,-77.490664,0.245,0.059616,0.245,14,0,0,242,1
6,35.187178,74.229823,3.513468,359.495316,0.0,6,6,0.0,43.11,1,-75.344222,0.952542,0.934392,0.95382,0,0,0,0,1
2,85.951203,84.471331,0.0,90.641021,0.0,378,378,0.0,46.17,1,-80.360664,0.245,0.058462,0.245,14,0,0,242,1
6,35.187178,74.229823,3.513468,359.495316,0.0,7,7,0.0,36.79,1,-74.404222,0.954039,0.944794,0.953853,0,0,0,0,1
2,85.951203,84.471331,0.0,90.641021,0.0,379,379,0.0,34.74,0,-80.300664,0.245,0.056596,0.245,14,0,0,242,1
6,35.187178,74.229823,3.513468,359.495316,0.0,8,8,0.0,29.11,1,-73.914222,0.955386,0.945345,0.954083,0,0,0,0,1
2,85.951203,84.471331,0.0,90.641021,0.0,380,380,0.0,39.92,2,-77.840664,0.245,0.060447,0.245,14,0,0,242,1
1,114.409946,68.360574,0.0,179.773087,0.0,26,26,0.0,32.11,0,-82.830997,0.963068,0.951256,0.962854,0,0,0,0,0
6,35.187178,74.229823,3.513468,359.495316,0.0,9,9,0.0,29.63,1,-75.884222,0.95489,0.940509,0.954204,0,0,0,0,1
2,85.951203,84.471331,0.0,90.641021,0.0,381,381,0.0,50.67,2,-77.940664,0.245,0.064085,0.245,14,0,0,242,1
6,35.187178,74.229823,3.513468,359.495316,0.0,10,10,0.0,35.32,2,-73.654222,0.948962,0.945382,0.953418,0,0,0,0,1
2,85.951203,84.471331,0.0,90.641021,0.0,382,382,0.0,33.17,1,-79.130664,0.245,0.066564,0.245,14,0,0,242,1
6,35.187178,74.229823,3.513468,359.495316,0.0,11,11,0.0,32.3,2,-74.374222,0.819293,0.719286,0.933299,0,0,0,1,1
2,85.951203,84.471331,0.0,90.641021,0.0,383,383,0.0,24.85,0,-78.640664,0.245,0.069423,0.245,14,0,0,242,1
6,35.187178,74.229823,3.513468,359.495316,0.0,12,12,0.0,37.02,2,-76.884222,0.728524,0.549965,0.902583,0,0,0,2,1
2,85.951203,84.471331,0.0,90.641021,0.0,384,384,0.0,27.75,0,-79.950664,0.245,0.068067,0.245,14,0,0,243,1
6,35.187178,74.229823,3.513468,359.495316,0.0,13,13,0.0,32.71,1,-74.204222,0.664986,0.422974,0.866943,0,0,0,3,1
2,85.951203,84.471331,0.0,90.641021,0.0,385,385,0.0,34.35,0,-80.060664,0.245,0.0638,0.245,14,0,0,244,1
6,35.187178,74.229823,3.513468,359.495316,0.0,14,14,0.0,44.94,2,-73.814222,0.620509,0.33123,0.829978,0,0,0,4,1
2,85.951203,84.471331,0.0,90.641021,0.0,386,386,0.0,44.2,2,-78.610664,0.245,0.06235,0.245,14,0,0,245,1
6,40.429666,74.276002,5.243642,359.495316,6.0,15,15,0.0,35.79,1,-72.890785,0.449057,0.260423,0.77284,1,0,0,5,1
2,85.951203,84.471331,0.0,90.641021,0.0,387,387,0.0,22.88,0,-77.660664,0.245,0.057263,0.245,14,0,0,246,1
6,40.429666,74.276002,5.243642,359.495316,0.0,16,16,0.0,39.84,1,-75.290785,0.374378,0.215067,0.713071,1,0,0,6,1
2,85.951203,84.471331,0.0,90.641021,0.0,388,388,0.0,15.85,0,-77.610664,0.245,0.061947,0.245,14,0,0,247,1
6,40.429666,74.276002,5.243642,359.495316,0.0,17,17,0.0,25.48,0,-73.930785,0.322103,0.1803,0.654425,1,0,0,7,1
2,85.951203,84.471331,0.0,90.641021,0.0,389,389,0.0,17.97,0,-77.850664,0.245,0.05996,0.245,14,0,0,248,1
6,40.429666,74.276002,5.243642,359.495316,0.0,18,18,0.0,43.1,1,-74.310785,0.28551,0.150725,0.599088,1,0,0,8,1
2,85.951203,84.471331,0.0,90.641021,0.0,390,390,0.0,53.9,2,-78.820664,0.245,0.05772,0.245,14,0,0,249,1
6,40.429666,74.276002,5.243642,359.495316,0.0,19,19,0.0,34.99,1,-74.580785,0.259895,0.129044,0.548209,1,0,0,9,1
2,85.951203,84.471331,0.0,90.641021,0.0,391,391,0.0,48.96,2,-78.390664,0.245,0.05804,0.245,14,0,0,250,1
6,40.429666,74.276002,5.243642,359.495316,0.0,20,20,0.0,18.0,0,-75.190785,0.241965,0.114783,0.502272,1,0,0,10,1
2,85.951203,84.471331,0.0,90.641021,0.0,392,392,0.0,35.68,1,-77.860664,0.245,0.06328,0.245,14,0,0,251,1
6,40.429666,74.276002,5.243642,359.495316,0.0,21,21,0.0,46.26,2,-73.550785,0.229413,0.100337,0.461344,1,0,0,11,1
2,85.951203,84.471331,0.0,90.641021,0.0,393,393,0.0,26.63,1,-79.750664,0.245,0.06121,0.245,14,0,0,252,1
6,40.429666,74.276002,5.243642,359.495316,0.0,22,22,0.0,39.69,1,-74.620785,0.220628,0.094503,0.425236,1,0,0,11,1
2,85.951203,84.471331,0.0,90.641021,0.0,394,394,0.0,36.3,0,-78.090664,0.245,0.064658,0.245,14,0,0,253,1
6,40.429666,74.276002,5.243642,359.495316,0.0,23,23,0.0,14.5,0,-75.180785,0.214477,0.081377,0.393622,1,0,0,11,1
2,85.951203,84.471331,0.0,90.641021,0.0,395,395,0.0,33.63,2,-77.960664,0.245,0.067493,0.245,14,0,0,253,1
6,40.429666,74.276002,5.243642,359.495316,0.0,24,24,0.0,41.78,2,-74.010785,0.210172,0.077033,0.366105,1,0,0,11,1
2,85.951203,84.471331,0.0,90.641021,0.0,396,396,0.0,24.44,1,-78.480664,0.245,0.06912,0.245,14,0,0,253,1
6,40.429666,74.276002,5.243642,359.495316,0.0,25,25,0.0,35.04,1,-75.090785,0.207159,0.075775,0.342263,1,0,0,11,1
2,85.951203,84.471331,0.0,90.641021,0.0,397,397,0.0,33.89,0,-78.170664,0.245,0.06659,0.245,14,0,0,253,1
1,114.409946,68.360574,0.0,179.773087,0.0,27,27,0.0,52.98,2,-80.960997,0.9558,0.951942,0.961795,0,0,0,0,0
6,40.429666,74.276002,5.243642,359.495316,0.0,26,26,0.0,28.05,0,-74.870785,0.205049,0.071581,0.321681,1,0,0,11,1
2,85.951203,84.471331,0.0,90.641021,0.0,398,398,0.0,44.81,2,-79.790664,0.245,0.066942,0.245,14,0,0,253,1
6,40.429666,74.276002,5.243642,359.495316,0.0,27,27,0.0,51.27,2,-72.750785,0.203573,0.070186,0.303965,1,0,0,11,1
2,85.951203,84.471331,0.0,90.641021,0.0,399,399,0.0,29.58,2,-78.040664,0.245,0.062457,0.245,14,0,0,253,1
6,40.429666,74.276002,5.243642,359.495316,0.0,28,28,0.0,31.87,1,-72.900785,0.202539,0.070139,0.288751,1,0,0,12,1
2,85.951203,84.471331,0.0,90.641021,0.0,400,400,0.0,26.69,1,-78.610664,0.245,0.058343,0.245,14,0,0,253,1
6,40.429666,74.276002,5.243642,359.495316,0.0,29,29,0.0,37.21,2,-72.770785,0.201815,0.068604,0.275711,1,0,0,13,1
2,85.951203,84.471331,0.0,90.641021,0.0,401,401,0.0,41.36,2,-77.260664,0.245,0.057757,0.245,14,0,0,254,1
6,40.429666,74.276002,5.243642,359.495316,0.0,30,30,0.0,29.77,0,-72.780785,0.201309,0.070953,0.26455,1,0,0,14,1
2,85.951203,84.471331,0.0,90.641021,0.0,402,402,0.0,21.76,0,-78.590664,0.245,0.054568,0.245,14,0,0,255,1
6,40.429666,74.276002,5.243642,359.495316,0.0,31,31,0.0,19.73,0,-73.910785,0.200954,0.064965,0.255011,1,0,0,15,1
2,85.951203,84.471331,0.0,90.641021,0.0,403,403,0.0,36.38,2,-80.320664,0.245,0.052926,0.245,14,0,0,256,1
6,47.040801,74.334237,6.612591,359.495316,6.0,32,32,0.0,26.8,0,-74.318795,0.155368,0.062224,0.240064,2,0,0,16,1
2,85.951203,84.471331,0.0,90.641021,0.0,404,404,0.0,48.22,2,-78.010664,0.245,0.050194,0.245,14,0,0,257,1
6,47.040801,74.334237,6.612591,359.495316,0.0,33,33,0.0,35.06,1,-72.998795,0.160582,0.061668,0.228142,2,0,0,17,1
2,85.951203,84.471331,0.0,90.641021,0.0,405,405,0.0,33.99,2,-79.430664,0.245,0.052146,0.245,14,0,0,258,1
6,47.040801,74.334237,6.612591,359.495316,0.0,34,34,0.0,46.76,1,-73.338795,0.164232,0.063501,0.218556,2,0,0,18,1
2,85.951203,84.471331,0.0,90.641021,0.0,406,406,0.0,35.76,0,-79.520664,0.245,0.053609,0.245,14,0,0,259,1
6,47.040801,74.334237,6.612591,359.495316,0.0,35,35,0.0,39.08,0,-73.548795,0.166787,0.064626,0.21079,2,0,0,19,1
2,85.951203,84.471331,0.0,90.641021,0.0,407,407,0.0,48.78,2,-79.960664,0.245,0.050207,0.245,14,0,0,260,1
6,47.040801,74.334237,6.612591,359.495316,0.0,36,36,0.0,29.64,2,-72.638795,0.168575,0.061969,0.204458,2,0,0,20,1
2,85.951203,84.471331,0.0,90.641021,0.0,408,408,0.0,43.56,1,-80.390664,0.245,0.056155,0.245,14,0,0,261,1
6,47.040801,74.334237,6.612591,359.495316,0.0,37,37,0.0,17.84,0,-71.208795,0.169827,0.060727,0.199263,2,0,0,21,1
2,85.951203,84.471331,0.0,90.641021,0.0,409,409,0.0,29.57,2,-79.350664,0.245,0.058616,0.245,14,0,0,262,1
6,47.040801,74.334237,6.612591,359.495316,0.0,38,38,0.0,37.55,1,-74.388795,0.170703,0.061295,0.194979,2,0,0,22,1
2,85.951203,84.471331,0.0,90.641021,0.0,410,410,0.0,47.92,2,-78.830664,0.245,0.060962,0.245,14,0,0,263,1
6,47.040801,74.334237,6.612591,359.495316,0.0,39,39,0.0,33.18,2,-73.058795,0.171317,0.059971,0.19143,2,0,0,22,1
2,85.951203,84.471331,0.0,90.641021,0.0,411,411,0.0,18.87,0,-79.490664,0.245,0.060972,0.245,14,0,0,264,1
6,47.040801,74.334237,6.612591,359.495316,0.0,40,40,0.0,28.37,0,-72.588795,0.171746,0.060229,0.188477,2,0,0,22,1
2,85.951203,84.471331,0.0,90.641021,0.0,412,412,0.0,24.75,1,-78.430664,0.245,0.059979,0.245,14,0,0,264,1
6,47.040801,74.334237,6.612591,359.495316,0.0,41,41,0.0,18.36,0,-72.678795,0.172047,0.062671,0.186013,2,0,0,22,1
2,85.951203,84.471331,0.0,90.641021,0.0,413,413,0.0,38.67,2,-77.430664,0.245,0.060234,0.245,14,0,0,264,1
6,47.040801,74.334237,6.612591,359.495316,0.0,42,42,0.0,45.67,2,-74.298795,0.172257,0.058504,0.18395,2,0,0,22,1
1,114.409946,68.360574,0.0,179.773087,0.0,28,28,0.0,31.66,1,-80.960997,0.95724,0.944457,0.961112,0,0,0,0,0
2,85.951203,84.471331,0.0,90.641021,0.0,414,414,0.0,37.57,1,-78.590664,0.245,0.058926,0.245,14,0,0,264,1
6,47.040801,74.334237,6.612591,359.495316,0.0,43,43,0.0,34.45,0,-73.358795,0.172405,0.059378,0.182218,2,0,0,22,1
2,85.951203,84.471331,0.0,90.641021,0.0,415,415,0.0,22.96,1,-77.160664,0.245,0.057444,0.245,14,0,0,264,1
6,47.040801,74.334237,6.612591,359.495316,0.0,44,44,0.0,22.23,1,-72.798795,0.172508,0.061033,0.180761,2,0,0,22,1
2,85.951203,84.471331,0.0,90.641021,0.0,416,416,0.0,18.53,0,-78.940664,0.245,0.059583,0.245,14,0,0,264,1
6,47.040801,74.334237,6.612591,359.495316,0.0,45,45,0.0,34.34,1,-72.228795,0.17258,0.060525,0.179534,2,0,0,23,1
2,85.951203,84.471331,0.0,90.641021,0.0,417,417,0.0,39.99,2,-78.520664,0.245,0.057937,0.245,14,0,0,264,1
6,47.040801,74.334237,6.612591,359.495316,0.0,46,46,0.0,34.54,2,-73.978795,0.17263,0.056644,0.178498,2,0,0,24,1
2,85.951203,84.471331,0.0,90.641021,0.0,418,418,0.0,23.92,1,-78.630664,0.245,0.058953,0.245,14,0,0,265,1
6,47.040801,74.334237,6.612591,359.495316,0.0,47,47,0.0,32.04,1,-74.428795,0.172666,0.052733,0.177624,2,0,0,25,1
2,85.951203,84.471331,0.0,90.641021,0.0,419,419,0.0,42.26,1,-77.010664,0.245,0.061215,0.245,14,0,0,266,1
6,56.010931,74.413252,8.972106,359.495316,6.0,48,48,0.0,27.54,1,-71.603061,0.135566,0.0543,0.171315,3,0,0,26,1
2,85.951203,84.471331,0.0,90.641021,0.0,420,420,0.0,38.95,2,-77.090664,0.245,0.063661,0.245,14,0,0,267,1
6,56.010931,74.413252,8.972106,359.495316,0.0,49,49,0.0,24.52,0,-73.403061,0.132564,0.058725,0.165502,3,0,0,27,1
2,85.951203,84.471331,0.0,90.641021,0.0,421,421,0.0,28.57,1,-78.020664,0.245,0.058496,0.245,14,0,0,268,1
6,56.010931,74.413252,8.972106,359.495316,0.0,50,50,0.0,25.1,0,-70.213061,0.130462,0.056544,0.160246,3,0,0,28,1
2,85.951203,84.471331,0.0,90.641021,0.0,422,422,0.0,22.53,1,-77.520664,0.245,0.061622,0.245,14,0,0,269,1
6,56.010931,74.413252,8.972106,359.495316,0.0,51,51,0.0,22.84,1,-72.673061,0.128991,0.054408,0.155558,3,0,0,29,1
2,85.951203,84.471331,0.0,90.641021,0.0,423,423,0.0,30.98,0,-78.110664,0.245,0.060466,0.245,14,0,0,270,1
6,56.010931,74.413252,8.972106,359.495316,0.0,52,52,0.0,52.27,2,-73.143061,0.127961,0.056056,0.151418,3,0,0,30,1
2,85.951203,84.471331,0.0,90.641021,0.0,424,424,0.0,42.74,2,-79.740664,0.245,0.06085,0.245,14,0,0,271,1
6,56.010931,74.413252,8.972106,359.495316,0.0,53,53,0.0,27.04,0,-71.363061,0.12724,0.056792,0.147792,3,0,0,31,1
2,85.951203,84.471331,0.0,90.641021,0.0,425,425,0.0,42.92,2,-79.140664,0.245,0.061887,0.245,14,0,0,272,1
6,56.010931,74.413252,8.972106,359.495316,0.0,54,54,0.0,22.77,0,-71.623061,0.126735,0.058594,0.144633,3,0,0,32,1
2,85.951203,84.471331,0.0,90.641021,0.0,426,426,0.0,22.75,1,-79.800664,0.245,0.062916,0.245,14,0,0,273,1
6,56.010931,74.413252,8.972106,359.495316,0.0,55,55,0.0,34.44,0,-71.703061,0.126382,0.058945,0.141895,3,0,0,33,1
2,85.951203,84.471331,0.0,90.641021,0.0,427,427,0.0,36.9,1,-78.420664,0.245,0.059187,0.245,14,0,0,274,1
6,56.010931,74.413252,8.972106,359.495316,0.0,56,56,0.0,30.99,0,-73.293061,0.126135,0.057209,0.139531,3,0,0,33,1
2,85.951203,84.471331,0.0,90.641021,0.0,428,428,0.0,32.04,2,-77.250664,0.245,0.05639,0.245,14,0,0,275,1
6,56.010931,74.413252,8.972106,359.495316,0.0,57,57,0.0,27.87,1,-71.203061,0.125962,0.058407,0.137496,3,0,0,33,1
2,85.951203,84.471331,0.0,90.641021,0.0,429,429,0.0,19.09,0,-80.290664,0.245,0.057792,0.245,14,0,0,275,1
6,56.010931,74.413252,8.972106,359.495316,0.0,58,58,0.0,25.56,0,-70.463061,0.125841,0.058055,0.135748,3,0,0,33,1
2,85.951203,84.471331,0.0,90.641021,0.0,430,430,0.0,30.86,0,-78.840664,0.245,0.055594,0.245,14,0,0,275,1
1,114.409946,68.360574,0.0,179.773087,0.0,29,29,0.0,40.59,2,-80.670997,0.950808,0.934343,0.959567,0,0,0,0,0
6,56.010931,74.413252,8.972106,359.495316,0.0,59,59,0.0,51.23,2,-71.673061,0.125756,0.061041,0.134249,3,0,0,33,1
2,85.951203,84.471331,0.0,90.641021,0.0,431,431,0.0,42.14,2,-77.850664,0.245,0.052446,0.245,14,0,0,275,1
6,56.010931,74.413252,8.972106,359.495316,0.0,60,60,0.0,24.36,0,-70.243061,0.125696,0.058781,0.132966,3,0,0,33,1
2,85.951203,84.471331,0.0,90.641021,0.0,432,432,0.0,36.26,0,-77.680664,0.245,0.057334,0.245,14,0,0,275,1
6,56.010931,74.413252,8.972106,359.495316,0.0,61,61,0.0,54.17,2,-72.403061,0.125655,0.060586,0.131869,3,0,0,33,1
2,85.951203,84.471331,0.0,90.641021,0.0,433,433,0.0,40.83,2,-77.040664,0.245,0.055751,0.245,14,0,0,275,1
6,56.010931,74.413252,8.972106,359.495316,0.0,62,62,0.0,35.67,2,-72.043061,0.125626,0.064189,0.130933,3,0,0,34,1
2,85.951203,84.471331,0.0,90.641021,0.0,434,434,0.0,31.0,1,-79.380664,0.245,0.058563,0.245,14,0,0,275,1
6,56.010931,74.413252,8.972106,359.495316,0.0,63,63,0.0,52.27,2,-71.833061,0.125605,0.067392,0.130134,3,0,0,35,1
2,85.951203,84.471331,0.0,90.641021,0.0,435,435,0.0,39.42,2,-77.430664,0.245,0.056422,0.245,14,0,0,276,1
6,56.010931,74.413252,8.972106,359.495316,0.0,64,64,0.0,28.52,0,-72.383061,0.125591,0.060544,0.129452,3,0,0,36,1
2,85.951203,84.471331,0.0,90.641021,0.0,436,436,0.0,39.44,1,-79.310664,0.245,0.058817,0.245,14,0,0,277,1
6,65.970719,74.500984,9.961982,359.495316,6.0,65,65,0.0,41.92,1,-70.777133,0.102614,0.059908,0.125427,4,0,0,37,1
2,85.951203,84.471331,0.0,90.641021,0.0,437,437,0.0,37.71,0,-79.770664,0.245,0.059113,0.245,14,0,0,278,1
6,65.970719,74.500984,9.961982,359.495316,0.0,66,66,0.0,29.87,1,-73.067133,0.103558,0.064681,0.122146,4,0,0,38,1
2,85.951203,84.471331,0.0,90.641021,0.0,438,438,0.0,30.36,2,-77.370664,0.245,0.064084,0.245,14,0,0,279,1
6,65.970719,74.500984,9.961982,359.495316,0.0,67,67,0.0,38.86,0,-73.297133,0.104219,0.059511,0.119457,4,0,0,39,1
2,85.951203,84.471331,0.0,90.641021,0.0,439,439,0.0,46.74,1,-78.780664,0.245,0.064563,0.245,14,0,0,280,1
6,65.970719,74.500984,9.961982,359.495316,0.0,68,68,0.0,29.77,2,-71.957133,0.104681,0.059133,0.117241,4,0,0,40,1
2,85.951203,84.471331,0.0,90.641021,0.0,440,440,0.0,36.84,1,-78.710664,0.245,0.066672,0.245,14,0,0,281,1
6,65.970719,74.500984,9.961982,359.495316,0.0,69,69,0.0,23.24,1,-72.457133,0.105005,0.0551,0.115405,4,0,0,41,1
2,85.951203,84.471331,0.0,90.641021,0.0,441,441,0.0,36.65,2,-79.950664,0.245,0.065504,0.245,14,0,0,282,1
6,65.970719,74.500984,9.961982,359.495316,0.0,70,70,0.0,16.11,0,-70.697133,0.105232,0.058325,0.113879,4,0,0,42,1
2,85.951203,84.471331,0.0,90.641021,0.0,442,442,0.0,34.5,2,-80.470664,0.245,0.067878,0.245,14,0,0,283,1
6,65.970719,74.500984,9.961982,359.495316,0.0,71,71,0.0,38.31,1,-72.527133,0.10539,0.056494,0.112606,4,0,0,43,1
2,85.951203,84.471331,0.0,90.641021,0.0,443,443,0.0,30.88,2,-79.080664,0.245,0.069909,0.245,14,0,0,284,1
6,65.970719,74.500984,9.961982,359.495316,0.0,72,72,0.0,26.34,1,-72.337133,0.105501,0.06212,0.11154,4,0,0,44,1
2,85.951203,84.471331,0.0,90.641021,0.0,444,444,0.0,37.72,1,-80.200664,0.245,0.064182,0.245,14,0,0,285,1
6,65.970719,74.500984,9.961982,359.495316,0.0,73,73,0.0,48.32,2,-72.127133,0.105579,0.05909,0.110646,4,0,0,44,1
2,85.951203,84.471331,0.0,90.641021,0.0,445,445,0.0,30.92,1,-78.480664,0.245,0.063636,0.245,14,0,0,286,1
6,65.970719,74.500984,9.961982,359.495316,0.0,74,74,0.0,37.52,2,-73.697133,0.105633,0.056068,0.109894,4,0,0,44,1
2,85.951203,84.471331,0.0,90.641021,0.0,446,446,0.0,30.55,1,-78.040664,0.245,0.061227,0.245,14,0,0,286,1
6,65.970719,74.500984,9.961982,359.495316,0.0,75,75,0.0,27.38,1,-71.027133,0.105671,0.057051,0.109261,4,0,0,44,1
2,85.951203,84.471331,0.0,90.641021,0.0,447,447,0.0,34.38,2,-79.780664,0.245,0.05667,0.245,14,0,0,286,1
1,114.409946,68.360574,0.0,179.773087,0.0,30,30,0.0,24.84,0,-81.090997,0.961186,0.933507,0.959809,0,0,0,0,0
6,65.970719,74.500984,9.961982,359.495316,0.0,76,76,0.0,39.46,0,-73.817133,0.105698,0.056538,0.108726,4,0,0,44,1
2,85.951203,84.471331,0.0,90.641021,0.0,448,448,0.0,40.99,2,-77.060664,0.245,0.056753,0.245,14,0,0,286,1
6,65.970719,74.500984,9.961982,359.495316,0.0,77,77,0.0,19.52,0,-73.497133,0.105717,0.053154,0.108275,4,0,0,44,1
2,85.951203,84.471331,0.0,90.641021,0.0,449,449,0.0,25.05,0,-79.000664,0.245,0.055565,0.245,14,0,0,286,1
6,65.970719,74.500984,9.961982,359.495316,0.0,78,78,0.0,25.35,1,-72.877133,0.10573,0.057615,0.107893,4,0,0,44,1
2,85.951203,84.471331,0.0,90.641021,0.0,450,450,0.0,34.38,0,-78.450664,0.245,0.061423,0.245,14,0,0,286,1
6,65.970719,74.500984,9.961982,359.495316,0.0,79,79,0.0,32.86,2,-71.397133,0.105739,0.062461,0.10757,4,0,0,45,1
2,85.951203,84.471331,0.0,90.641021,0.0,451,451,0.0,30.02,1,-78.760664,0.245,0.062318,0.245,14,0,0,286,1
6,65.970719,74.500984,9.961982,359.495316,0.0,80,80,0.0,23.2,1,-73.167133,0.105745,0.059346,0.107296,4,0,0,46,1
2,85.951203,84.471331,0.0,90.641021,0.0,452,452,0.0,35.88,1,-78.720664,0.245,0.066238,0.245,14,0,0,287,1
6,65.970719,74.500984,9.961982,359.495316,0.0,81,81,0.0,48.11,2,-72.567133,0.10575,0.05826,0.107064,4,0,0,47,1
2,85.951203,84.471331,0.0,90.641021,0.0,453,453,0.0,34.9,2,-78.180664,0.245,0.068929,0.245,14,0,0,288,1
2,86.252922,111.438457,0.0,90.641021,0.0,2,2,0.0,24.77,1,-83.917459,0.9557,0.9345,0.950855,0,0,0,0,0
1,131.89,68.429802,0.0,179.773087,0.0,2,2,0.0,26.92,1,-84.736888,0.95294,0.92,0.950441,0,0,0,0,0
3,30.058877,77.384914,0.0,359.495316,0.0,2,2,0.0,41.4,2,-78.750816,0.94634,0.918,0.949451,0,0,0,0,0
2,86.228304,109.238107,2.199685,90.641021,2.199684,3,3,0.0,31.26,1,-84.596384,0.95951,0.940375,0.952153,0,0,0,0,0
1,130.05457,68.422533,1.83543,179.773087,1.835429,3,3,0.0,30.17,2,-84.771408,0.947798,0.92025,0.950045,0,0,0,0,0
3,32.387366,77.405425,2.329001,359.495316,2.329,3,3,0.0,30.73,2,-75.110799,0.943058,0.9165,0.948492,0,0,0,0,0
2,86.184962,105.364296,3.87264,270.641021,1.672955,4,4,0.0,44.72,2,-83.559466,0.952937,0.939531,0.952271,0,0,0,0,1
1,126.772775,68.409536,3.281795,179.773087,1.446364,4,4,0.0,24.06,0,-82.994949,0.959919,0.920937,0.951526,0,0,0,0,0
3,36.402931,77.440797,4.016449,179.495316,1.687447,4,4,0.0,33.71,0,-75.391994,0.678441,0.707125,0.907984,1,0,0,0,1
2,86.120078,99.565111,5.797431,270.641021,1.924815,5,5,0.0,31.48,2,-80.873144,0.949896,0.946898,0.951915,0,0,0,0,1
1,122.058008,68.390863,4.714767,179.773087,1.432972,5,5,0.0,24.76,0,-83.899933,0.968403,0.925953,0.954057,0,0,0,0,0
4,131.89,68.429802,0.0,179.773087,0.0,2,2,0.0,48.12,2,-83.606888,0.9482,0.934,0.94973,0,0,0,0,0
3,42.391876,77.493551,5.990264,179.495316,1.9738,5,5,0.0,31.25,1,-75.070621,0.493208,0.541344,0.845768,2,0,0,0,1
2,86.030387,91.548648,8.01404,270.641021,2.216592,6,6,0.0,29.55,0,-79.822123,0.962287,0.946424,0.95347,0,0,0,0,1
1,115.983977,68.366808,6.074031,179.773087,1.359272,6,6,0.0,33.24,1,-80.740902,0.966182,0.926215,0.955876,0,0,0,0,0
4,130.479052,68.424214,1.410948,179.773087,1.410955,3,3,0.0,23.17,0,-84.797987,0.95918,0.9275,0.951148,0,0,0,0,0
3,50.030799,77.560839,7.640605,179.495316,1.650339,6,6,0.0,25.37,0,-71.919959,0.363546,0.418008,0.773435,3,0,0,0,1
2,85.976792,86.758384,4.788815,270.641021,-3.225238,7,7,0.0,22.38,0,-77.762412,0.969641,0.939068,0.955896,0,0,0,0,1
5,131.89,68.429802,0.0,179.773087,0.0,2,2,0.0,31.89,2,-85.056888,0.94832,0.932,0.949748,0,0,0,0,0
1,114.409946,68.360574,1.574031,179.773087,-4.500013,7,7,0.0,14.89,0,-81.810997,0.971827,0.923411,0.958269,0,0,0,0,0
4,127.516612,71.612529,2.950359,179.773137,1.539405,4,4,0.0,34.42,2,-83.010837,0.954746,0.940125,0.951687,0,0,0,0,0
3,59.722571,77.646211,9.693906,179.495316,2.053318,7,7,0.0,39.86,1,-71.826515,0.272782,0.323756,0.698337,4,0,0,0,1
2,85.958359,85.11093,1.646955,270.641021,-3.141847,8,8,0.0,23.94,0,-78.526221,0.976889,0.941551,0.959045,0,0,0,0,1
5,129.336656,68.41969,2.553344,179.773087,2.553351,3,3,0.0,20.67,0,-83.28803,0.961844,0.9385,0.951562,0,0,0,0,0
1,114.409946,68.360574,0.0,179.773087,-1.574036,8,8,0.0,21.59,0,-81.120997,0.975299,0.918558,0.960823,0,0,0,0,0
4,122.028388,71.590799,5.487016,179.773137,2.536651,5,5,0.0,45.53,1,-82.414248,0.956082,0.930344,0.952347,0,0,0,0,0
3,69.308507,77.73065,9.588047,179.495316,-0.105859,8,8,0.0,34.19,1,-74.237157,0.209247,0.258817,0.624973,5,0,0,0,1
2,85.954027,84.723707,0.387107,270.641021,-1.259845,9,9,0.0,29.32,1,-78.764227,0.972962,0.941663,0.961133,0,0,0,0,1
5,125.082598,68.402842,4.254059,179.773087,1.700711,4,4,0.0,38.18,2,-84.485387,0.955171,0.942125,0.952104,0,0,0,0,0
1,114.409946,68.360574,0.0,179.773087,0.0,9,9,0.0,24.96,1,-81.860997,0.971489,0.921669,0.962423,0,0,0,0,0
4,114.978874,71.562886,7.047963,179.773137,1.560963,6,6,0.0,31.51,1,-82.160791,0.956718,0.929258,0.953002,0,0,0,0,0
3,74.172057,78.840683,5.088047,166.923234,-4.499988,9,9,0.0,32.14,2,-76.428265,0.164773,0.211113,0.555943,6,0,0,0,1
2,85.951343,84.48384,0.239794,270.641021,-0.147314,10,10,0.0,23.93,1,-78.503321,0.970873,0.947247,0.962594,0,0,0,0,1
5,122.390022,71.592231,2.679366,179.773137,-1.574689,5,5,0.0,46.14,1,-82.745159,0.95884,0.944844,0.953114,0,0,0,0,0
1,114.409946,68.360574,0.0,179.773087,0.0,10,10,0.0,36.77,0,-81.280997,0.976143,0.924752,0.964481,0,0,0,0,0
4,105.704714,71.526165,9.272121,179.773137,2.224152,7,7,0.0,22.51,1,-81.703786,0.958122,0.930693,0.95377,0,0,0,0,0
3,76.256022,83.046739,4.914053,116.918435,-0.173994,10,10,0.0,34.37,1,-78.401809,0.191541,0.177085,0.501283,6,0,0,0,1
2,85.951264,84.47676,0.007078,270.641021,-0.232714,11,11,0.0,41.28,1,-80.181817,0.967191,0.936436,0.963283,0,0,0,0,1
5,118.046957,71.575034,4.34211,179.773137,1.662749,6,6,0.0,27.26,0,-81.545463,0.966028,0.932883,0.955051,0,0,0,0,0
1,114.409946,68.360574,0.0,179.773087,0.0,11,11,0.0,42.38,1,-80.500997,0.97226,0.922564,0.965648,0,0,0,0,0
4,94.71397,71.482647,10.988326,179.773137,1.716211,8,8,0.0,23.28,1,-79.101577,0.960966,0.93477,0.954849,0,0,0,0,0
3,76.395833,88.568754,5.52838,90.659842,0.614326,11,11,0.0,34.46,0,-77.25491,0.210279,0.143813,0.457632,6,0,0,0,1
2,85.951206,84.471599,0.005159,270.641021,-0.001918,12,12,0.0,36.33,0,-77.200721,0.974634,0.942077,0.964986,0,0,0,0,1
5,111.131427,71.547652,6.914009,179.773137,2.571892,7,7,0.0,28.44,1,-82.223684,0.965419,0.935912,0.956606,0,0,0,0,0
1,114.409946,68.360574,0.0,179.773087,0.0,12,12,0.0,16.47,0,-83.510997,0.976802,0.929923,0.967321,0,0,0,0,0
4,81.171934,71.406214,13.541334,179.64683,2.552983,9,9,0.0,33.11,1,-75.905529,0.960196,0.931078,0.955651,0,0,0,0,0
3,76.486243,96.647004,8.07825,90.641215,2.549877,12,12,0.0,36.96,2,-80.929093,0.223395,0.11986,0.422497,6,0,0,0,1
2,85.951203,84.471331,0.000268,270.641021,-0.004891,13,13,0.0,30.11,1,-79.720664,0.970244,0.932807,0.965775,0,0,0,0,1
5,102.852676,71.514872,8.27693,179.773137,1.362916,8,8,0.0,33.94,0,-79.638719,0.970754,0.926434,0.958728,0,0,0,0,0
1,114.409946,68.360574,0.0,179.773087,0.0,13,13,0.0,38.66,2,-82.450997,0.966481,0.934942,0.967195,0,0,0,0,0
4,67.176452,71.311347,13.995483,179.54831,0.454153,10,10,0.0,33.49,0,-70.462865,0.969077,0.938058,0.957665,0,0,0,0,0
3,76.602903,107.070762,10.423757,90.641215,2.345497,13,13,0.0,39.23,2,-81.350095,0.232577,0.102645,0.394009,6,0,0,0,1
2,85.951203,84.471331,0.0,270.641021,-0.000268,14,14,0.0,28.83,0,-80.300664,0.974611,0.930606,0.9671,0,0,0,0,1
5,92.241111,71.472855,10.60923,179.773137,2.332308,9,9,0.0,19.31,0,-78.308352,0.977667,0.941076,0.961569,0,0,0,0,0
1,114.409946,68.360574,0.0,179.773087,0.0,14,14,0.0,17.63,0,-82.600997,0.974017,0.943207,0.968218,0,0,0,0,0
4,52.986046,71.186376,14.190406,179.495427,0.194923,11,11,0.0,36.66,1,-71.998739,0.968394,0.942044,0.959275,0,0,0,0,0
2,85.951203,84.471331,0.0,270.641021,0.0,15,15,0.0,30.76,1,-79.840664,0.972147,0.934954,0.967857,0,0,0,0,1
5,79.938697,71.398612,12.302256,179.64683,1.693023,10,10,0.0,44.56,1,-73.541794,0.972907,0.937557,0.96327,0,0,0,0,0
1,114.409946,68.360574,0.0,179.773087,0.0,15,15,0.0,37.98,2,-83.490997,0.965132,0.947655,0.967755,0,0,0,0,0
4,38.461459,71.058463,14.524587,179.495427,0.33418,12,12,0.0,16.6,0,-74.204889,0.974996,0.946283,0.961633,0,0,0,0,0
2,85.951203,84.471331,0.0,270.641021,0.0,16,16,0.0,16.63,0,-78.510664,0.975823,0.926966,0.969052,0,0,0,0,1
5,65.872604,71.299864,14.066093,179.508829,1.763835,11,11,0.0,42.99,1,-69.894284,0.969695,0.936918,0.964234,0,0,0,0,0
1,114.409946,68.360574,0.0,179.773087,0.0,16,16,0.0,36.4,1,-83.480997,0.965812,0.951241,0.967464,0,0,0,0,0
4,25.14472,70.941186,13.316739,179.495427,-1.207855,13,13,0.0,31.0,0,-76.652755,0.978537,0.942712,0.964168,0,0,0,0,0
2,85.951203,84.471331,0.0,270.641021,0.0,17,17,0.0,35.8,2,-80.310664,0.965916,0.931724,0.968582,0,0,0,0,1
5,52.567311,71.182689,13.305293,179.495427,-0.760799,12,12,0.0,28.0,0,-70.007184,0.974887,0.937688,0.965832,0,0,0,0,0
1,114.409946,68.360574,0.0,179.773087,0.0,17,17,0.0,45.9,2,-81.860997,0.956389,0.940931,0.965803,0,0,0,0,0
2,85.951203,84.471331,0.0,270.641021,0.0,18,18,0.0,41.4,2,-78.980664,0.957781,0.934793,0.966962,0,0,0,0,1
5,39.055477,71.063694,13.511833,179.495427,0.206541,13,13,0.0,42.69,2,-72.496008,0.963581,0.932766,0.965494,0,0,0,0,0
1,114.409946,68.360574,0.0,179.773087,0.0,18,18,0.0,32.23,2,-80.560997,0.953032,0.944698,0.963887,0,0,0,0,0
2,85.951203,84.471331,0.0,270.641021,0.0,19,19,0.0,28.42,1,-80.100664,0.961387,0.939345,0.966125,0,0,0,0,1
5,26.031708,70.948998,13.023769,179.495427,-0.488067,14,14,0.0,28.13,1,-76.197265,0.961966,0.930825,0.964965,0,0,0,0,0
1,114.409946,68.360574,0.0,179.773087,0.0,19,19,0.0,28.94,0,-81.460997,0.963042,0.937024,0.96376,0,0,0,0,0
2,85.951203,84.471331,0.0,270.641021,0.0,20,20,0.0,34.78,0,-78.680664,0.970511,0.947259,0.966783,0,0,0,0,1
1,114.409946,68.360574,0.0,179.773087,0.0,20,20,0.0,19.48,0,-83.450997,0.97089,0.936268,0.96483,0,0,0,0,0
2,85.951203,84.471331,0.0,270.641021,0.0,21,21,0.0,30.03,1,-79.480664,0.967538,0.939444,0.966896,0,0,0,0,1
1,114.409946,68.360574,0.0,179.773087,0.0,21,21,0.0,52.04,2,-83.270997,0.959019,0.932951,0.963958,0,0,0,0,0
2,85.951203,84.471331,0.0,270.641021,0.0,22,22,0.0,49.5,2,-80.290664,0.957836,0.935583,0.965537,0,0,0,0,1
1,114.409946,68.360574,0.0,179.773087,0.0,22,22,0.0,49.4,2,-83.360997,0.954093,0.941213,0.962478,0,0,0,0,0
2,85.951203,84.471331,0.0,270.641021,0.0,23,23,0.0,17.03,0,-79.970664,0.968205,0.938687,0.965938,0,0,0,0,1
1,114.409946,68.360574,0.0,179.773087,0.0,23,23,0.0,29.46,0,-80.890997,0.965765,0.94916,0.962971,0,0,0,0,0
2,85.951203,84.471331,0.0,270.641021,0.0,24,24,0.0,18.86,0,-78.790664,0.972344,0.930015,0.966899,0,0,0,0,1
1,114.409946,68.360574,0.0,179.773087,0.0,24,24,0.0,27.54,0,-82.970997,0.971116,0.94312,0.964193,0,0,0,0,0
6,30.058877,77.384914,0.0,359.495316,0.0,2,2,0.0,30.06,2,-77.460816,0.94532,0.9215,0.949298,0,0,0,0,0
2,85.951203,84.471331,0.0,270.641021,0.0,25,25,0.0,24.93,0,-80.490664,0.978781,0.935262,0.968681,0,0,0,0,1
1,114.409946,68.360574,0.0,179.773087,0.0,25,25,0.0,39.88,2,-82.840997,0.961121,0.94234,0.963732,0,0,0,0,0
6,31.674484,74.198881,1.585956,359.495316,1.585942,3,3,0.0,40.77,2,-77.556519,0.943364,0.926875,0.948408,0,0,0,0,0
2,85.951203,84.471331,0.0,270.641021,0.0,26,26,0.0,29.85,1,-78.140664,0.975486,0.941946,0.969702,0,0,0,0,1
1,114.409946,68.360574,0.0,179.773087,0.0,26,26,0.0,26.0,1,-83.640997,0.963665,0.946505,0.963722,0,0,0,0,0
6,35.187178,74.229823,3.513468,179.495316,1.927523,4,4,0.0,33.17,2,-74.964222,0.678655,0.712156,0.907945,1,0,0,0,1
2,85.951203,84.471331,0.0,270.641021,0.0,27,27,0.0,21.93,0,-79.450664,0.978881,0.94221,0.971079,0,0,0,0,1
1,114.409946,68.360574,0.0,179.773087,0.0,27,27,0.0,25.4,1,-83.690997,0.963225,0.939879,0.963648,0,0,0,0,0
6,40.429666,74.276002,5.243642,179.495316,1.730183,5,5,0.0,52.11,2,-73.190785,0.493358,0.544617,0.845757,2,0,0,0,1
2,85.951203,84.471331,0.0,270.641021,0.0,28,28,0.0,19.73,0,-78.670664,0.982276,0.939657,0.972758,0,0,0,0,1
1,114.409946,68.360574,0.0,179.773087,0.0,28,28,0.0,18.75,0,-80.770997,0.972218,0.943159,0.964933,0,0,0,0,0
6,47.040801,74.334237,6.612591,179.495316,1.368938,6,6,0.0,36.4,2,-74.398795,0.363651,0.424963,0.773441,3,0,0,0,1
2,85.951203,84.471331,0.0,270.641021,0.0,29,29,0.0,43.14,1,-77.570664,0.975473,0.930493,0.973165,0,0,0,0,1
1,114.409946,68.360574,0.0,179.773087,0.0,29,29,0.0,53.36,2,-80.990997,0.961136,0.946369,0.964364,0,0,0,0,0
6,56.010931,74.413252,8.972106,179.495316,2.359511,7,7,0.0,38.66,0,-70.543061,0.272856,0.336722,0.698353,4,0,0,0,1
2,85.951203,84.471331,0.0,270.641021,0.0,30,30,0.0,28.96,0,-77.790664,0.978031,0.92462,0.973895,0,0,0,0,1
1,114.409946,68.360574,0.0,179.773087,0.0,30,30,0.0,37.8,1,-82.880997,0.960855,0.943277,0.963837,0,0,0,0,0
6,65.970719,74.500984,9.961982,179.495316,0.989874,8,8,0.0,35.12,1,-70.937133,0.209299,0.264042,0.624995,5,0,0,0,1
2,86.252922,111.438457,0.0,90.641021,0.0,2,2,0.0,24.77,1,-83.917459,0.9557,0.9345,0.950855,0,0,0,0,0
1,131.89,68.429802,0.0,179.773087,0.0,2,2,0.0,26.92,1,-84.736888,0.95294,0.92,0.950441,0,0,0,0,0
3,30.058877,77.384914,0.0,359.495316,0.0,2,2,0.0,41.4,2,-78.750816,0.94634,0.918,0.949451,0,0,0,0,0
2,86.228304,109.238107,2.199685,90.641021,2.199684,3,3,0.0,31.26,1,-84.596384,0.95951,0.940375,0.952153,0,0,0,0,0
1,130.05457,68.422533,1.83543,179.773087,1.835429,3,3,0.0,30.17,2,-84.771408,0.947798,0.92025,0.950045,0,0,0,0,0
3,32.387366,77.405425,2.329001,359.495316,2.329,3,3,0.0,30.73,2,-75.110799,0.943058,0.9165,0.948492,0,0,0,0,0
2,86.184962,105.364296,0.0,90.641021,-2.199684,4,4,0.0,44.72,2,-83.559466,0.689957,0.719781,0.912824,2,0,0,0,1
1,126.772775,68.409536,3.281795,179.773087,1.446364,4,4,0.0,43.43,2,-85.734949,0.944619,0.919437,0.949231,0,0,0,0,0
3,36.402931,77.440797,0.0,359.495316,-2.329,4,4,0.0,45.73,1,-74.451994,0.676641,0.702625,0.907714,1,0,0,0,1
2,86.184962,105.364296,0.0,90.641021,0.0,5,5,0.0,39.87,2,-81.379466,0.49947,0.559336,0.850821,3,0,0,0,1
1,122.058008,68.390863,4.714767,179.773087,1.432972,5,5,0.0,48.2,2,-82.419933,0.944613,0.926828,0.948538,0,0,0,0,0
4,131.89,68.429802,0.0,179.773087,0.0,2,2,0.0,46.56,1,-86.676888,0.95438,0.92625,0.950657,0,0,0,0,0
3,36.402931,77.440797,0.0,359.495316,0.0,5,5,0.0,52.31,2,-76.621994,0.490148,0.543219,0.845079,2,0,0,0,1
2,86.184962,105.364296,0.0,90.641021,0.0,6,6,0.0,27.77,0,-83.879466,0.366129,0.433502,0.778117,4,0,0,0,1
1,115.983977,68.366808,6.074031,179.773087,1.359279,6,6,0.0,46.79,2,-81.630902,0.942209,0.925121,0.947589,0,0,0,0,0
4,130.479052,68.424214,1.410948,179.773087,1.410945,3,3,0.0,35.32,0,-83.607987,0.965366,0.931937,0.952863,0,0,0,0,0
3,36.402931,77.440797,0.0,359.495316,0.0,6,6,0.0,18.14,0,-77.001994,0.359604,0.418164,0.772258,3,0,0,0,1
2,86.184962,105.364296,0.0,90.641021,0.0,7,7,0.0,47.58,2,-83.909466,0.27279,0.344126,0.702318,5,0,0,0,1
5,131.89,68.429802,0.0,179.773087,0.0,2,2,0.0,40.34,2,-84.256888,0.94538,0.916,0.949307,0,0,0,0,0
1,114.409946,68.360574,1.574031,179.773087,-4.499955,7,7,0.0,53.82,2,-81.360997,0.937454,0.925341,0.946069,0,0,0,0,0
4,127.516612,71.612529,2.950359,179.773137,1.539425,4,4,0.0,22.45,0,-84.730837,0.970956,0.932453,0.955577,0,0,0,0,0
3,36.402931,77.440797,0.0,359.495316,0.0,7,7,0.0,38.01,1,-76.831994,0.268223,0.327873,0.696653,4,0,0,0,1
2,86.184962,105.364296,0.0,90.641021,0.0,8,8,0.0,34.42,2,-81.209466,0.207453,0.271095,0.628088,6,0,0,0,1
5,129.336656,68.41969,2.553344,179.773087,2.553366,3,3,0.0,32.3,2,-84.48803,0.943526,0.91625,0.94844,0,0,0,0,0
1,114.409946,68.360574,0.0,179.773087,-1.574045,8,8,0.0,23.94,0,-81.760997,0.954358,0.931256,0.947312,0,0,0,0,0
4,122.028388,71.590799,5.487016,179.773137,2.536633,5,5,0.0,20.67,0,-82.254248,0.977689,0.93884,0.958894,0,0,0,0,0
3,36.402931,77.440797,0.0,359.495316,0.0,8,8,0.0,21.59,0,-74.911994,0.204256,0.257655,0.622793,5,0,0,0,1
2,86.184962,105.364296,0.0,90.641021,0.0,9,9,0.0,34.47,0,-83.099466,0.161717,0.221571,0.558133,7,0,0,0,1
5,125.082598,68.402842,4.254059,179.773087,1.700721,4,4,0.0,17.56,0,-85.435387,0.956448,0.920188,0.949641,0,0,0,0,0
1,114.409946,68.360574,0.0,179.773087,0.0,9,9,0.0,33.21,2,-80.650997,0.950171,0.936192,0.947741,0,0,0,0,0
4,114.978874,71.562886,7.047963,179.773137,1.560952,6,6,0.0,22.2,0,-83.890791,0.981863,0.94563,0.962339,0,0,0,0,0
3,36.402931,77.440797,0.0,346.923234,0.0,9,9,0.0,35.99,2,-77.061994,0.159479,0.212241,0.553296,6,0,0,0,1
2,86.184962,105.364296,0.0,90.641021,0.0,10,10,0.0,51.95,2,-81.219466,0.129702,0.177678,0.493868,8,0,0,0,1
5,122.390022,71.592231,2.679366,179.773137,-1.574677,5,5,0.0,25.05,0,-84.215159,0.967654,0.929391,0.952343,0,0,0,0,0
1,114.409946,68.360574,0.0,179.773087,0.0,10,10,0.0,52.91,2,-80.650997,0.946573,0.945394,0.947566,0,0,0,0,0
4,105.704714,71.526165,9.272121,179.773137,2.224165,7,7,0.0,24.64,1,-82.223786,0.976144,0.946222,0.96441,0,0,0,0,0
3,36.402931,77.440797,0.0,296.918435,0.0,10,10,0.0,41.36,1,-74.751994,0.128135,0.177181,0.489522,7,0,0,0,1
2,86.184962,105.364296,0.0,90.641021,0.0,11,11,0.0,46.78,2,-83.909466,0.107291,0.152009,0.435882,9,0,0,0,1
5,118.046957,71.575034,4.34211,179.773137,1.662759,6,6,0.0,40.71,2,-82.495463,0.959838,0.937793,0.953467,0,0,0,0,0
1,114.409946,68.360574,0.0,179.773087,0.0,11,11,0.0,36.85,2,-81.740997,0.943581,0.939295,0.946968,0,0,0,0,0
4,94.71397,71.482647,10.988326,179.773137,1.716198,8,8,0.0,39.61,2,-78.851577,0.966381,0.946417,0.964706,0,0,0,0,0
3,36.402931,77.440797,0.0,270.659842,0.0,11,11,0.0,48.93,2,-75.201994,0.106195,0.143636,0.432023,8,0,0,0,1
2,86.184962,105.364296,0.0,90.641021,0.0,12,12,0.0,40.56,2,-84.419466,0.091604,0.124007,0.38424,10,0,0,0,1
5,111.131427,71.547652,6.914009,179.773137,2.571874,7,7,0.0,23.28,1,-82.653684,0.962166,0.940095,0.954772,0,0,0,0,0
1,114.409946,68.360574,0.0,179.773087,0.0,12,12,0.0,24.4,0,-82.200997,0.958647,0.944722,0.94872,0,0,0,0,0
4,81.171934,71.406214,13.541334,179.64683,2.55303,9,9,0.0,35.4,2,-75.365529,0.956966,0.938313,0.963545,0,0,0,0,0
3,36.402931,77.440797,0.0,270.641215,0.0,12,12,0.0,31.19,2,-77.521994,0.090836,0.118227,0.380845,9,0,0,0,1
2,86.184962,105.364296,0.0,90.641021,0.0,13,13,0.0,16.47,0,-84.179466,0.080623,0.109755,0.338697,11,0,0,0,1
5,102.852676,71.514872,8.27693,179.773137,1.362933,8,8,0.0,27.98,0,-79.318719,0.968776,0.935821,0.956873,0,0,0,0,0
1,114.409946,68.360574,0.0,179.773087,0.0,13,13,0.0,37.93,0,-83.860997,0.968413,0.944541,0.951674,0,0,0,0,0
4,67.176452,71.311347,13.995483,179.54831,0.454147,10,10,0.0,34.3,1,-71.552865,0.960757,0.946984,0.963127,0,0,0,0,0
3,36.402931,77.440797,0.0,270.641215,0.0,13,13,0.0,33.94,0,-75.521994,0.080085,0.10517,0.335731,10,0,0,0,1
2,86.184962,105.364296,0.0,90.641021,0.0,14,14,0.0,31.58,0,-82.689466,0.072936,0.096316,0.298833,12,0,0,0,1
5,92.241111,71.472855,10.60923,179.773137,2.332291,9,9,0.0,18.74,0,-76.398352,0.976164,0.944116,0.959766,0,0,0,0,0
1,114.409946,68.360574,0.0,179.773087,0.0,14,14,0.0,49.86,2,-81.370997,0.960009,0.943656,0.952924,0,0,0,0,0
4,52.986046,71.186376,14.190406,179.495427,0.194924,11,11,0.0,39.18,0,-70.238739,0.96779,0.938738,0.963826,0,0,0,0,0
2,86.184962,105.364296,0.0,90.641021,0.0,15,15,0.0,53.8,2,-82.349466,0.067555,0.085487,0.264141,13,0,0,0,1
5,79.938697,71.398612,12.302256,179.64683,1.693032,10,10,0.0,31.13,2,-72.691794,0.964654,0.940587,0.9605,0,0,0,0,0
1,114.409946,68.360574,0.0,179.773087,0.0,15,15,0.0,34.09,2,-81.330997,0.954186,0.941742,0.953113,0,0,0,0,0
4,38.461459,71.058463,14.524587,179.495427,0.334178,12,12,0.0,25.45,0,-72.244889,0.973613,0.939554,0.965294,0,0,0,0,0
2,86.184962,105.364296,0.0,90.641021,0.0,16,16,0.0,50.4,2,-83.939466,0.063789,0.075115,0.234089,14,0,0,0,1
5,65.872604,71.299864,14.066093,179.508829,1.763822,11,11,0.0,23.86,0,-70.624284,0.970278,0.93094,0.961966,0,0,0,0,0
1,114.409946,68.360574,0.0,179.773087,0.0,16,16,0.0,23.68,0,-80.660997,0.96535,0.943556,0.954949,0,0,0,0,0
4,25.14472,70.941186,13.316739,179.495427,-1.207862,13,13,0.0,38.59,1,-76.102755,0.969469,0.933415,0.96592,0,0,0,0,0
2,86.184962,105.364296,0.0,90.641021,0.0,17,17,0.0,38.22,0,-81.169466,0.061152,0.066587,0.208148,15,0,0,0,1
5,52.567311,71.182689,13.305293,179.495427,-0.760803,12,12,0.0,42.99,1,-69.477184,0.967855,0.931955,0.96285,0,0,0,0,0
1,114.409946,68.360574,0.0,179.773087,0.0,17,17,0.0,36.4,1,-83.480997,0.965965,0.948167,0.956601,0,0,0,0,0
2,86.184962,105.364296,0.0,90.641021,0.0,18,18,0.0,31.0,0,-82.309466,0.059306,0.06594,0.185822,16,0,0,0,1
5,39.055477,71.063694,13.511833,179.495427,0.20654,13,13,0.0,39.24,1,-74.886008,0.966218,0.934216,0.963355,0,0,0,0,0
1,114.409946,68.360574,0.0,179.773087,0.0,18,18,0.0,49.22,2,-83.290997,0.958296,0.944125,0.956856,0,0,0,0,0
2,86.184962,105.364296,0.0,90.641021,0.0,19,19,0.0,34.22,1,-82.389466,0.058014,0.064205,0.166651,17,0,0,0,1
5,26.031708,70.948998,13.023769,179.495427,-0.488067,14,14,0.0,35.98,1,-76.577265,0.966933,0.940912,0.963892,0,0,0,0,0
1,114.409946,68.360574,0.0,179.773087,0.0,19,19,0.0,30.4,2,-80.610997,0.952747,0.943094,0.956239,0,0,0,0,0
2,86.184962,105.364296,0.0,90.641021,0.0,20,20,0.0,27.04,1,-82.479466,0.05711,0.062904,0.15022,18,0,0,0,1
1,114.409946,68.360574,0.0,179.773087,0.0,20,20,0.0,47.26,2,-83.600997,0.948923,0.941071,0.955142,0,0,0,0,0
2,86.184962,105.364296,0.0,90.641021,0.0,21,21,0.0,27.79,1,-83.959466,0.056477,0.058178,0.136158,19,0,0,0,1
1,114.409946,68.360574,0.0,179.773087,0.0,21,21,0.0,23.21,1,-83.420997,0.952066,0.936053,0.95468,0,0,0,0,0
2,86.184962,105.364296,0.0,90.641021,0.0,22,22,0.0,24.54,1,-83.649466,0.056034,0.055133,0.12414,20,0,0,0,1
1,114.409946,68.360574,0.0,179.773087,0.0,22,22,0.0,21.52,0,-83.310997,0.962366,0.93654,0.955833,0,0,0,0,0
2,86.184962,105.364296,0.0,90.641021,0.0,23,23,0.0,32.92,2,-83.249466,0.055724,0.05835,0.113877,21,0,0,0,1
1,114.409946,68.360574,0.0,179.773087,0.0,23,23,0.0,28.22,0,-83.260997,0.971136,0.946405,0.958129,0,0,0,0,0
2,86.184962,105.364296,0.0,90.641021,0.0,24,24,0.0,27.58,0,-82.399466,0.055507,0.062012,0.105122,22,0,0,0,1
6,30.058877,77.384914,0.0,359.495316,0.0,2,2,0.0,37.83,2,-76.010816,0.94598,0.91775,0.949397,0,0,0,0,0
1,114.409946,68.360574,0.0,179.773087,0.0,24,24,0.0,15.17,0,-83.410997,0.974755,0.935804,0.960623,0,0,0,0,0
2,86.184962,105.364296,0.0,90.641021,0.0,25,25,0.0,19.96,0,-83.539466,0.055355,0.063509,0.097657,23,0,0,0,1
6,31.674484,74.198881,1.585956,359.495316,1.585953,3,3,0.0,49.4,2,-77.396519,0.944966,0.929813,0.948732,0,0,0,0,0
1,114.409946,68.360574,0.0,179.773087,0.0,25,25,0.0,17.03,0,-83.340997,0.980049,0.938853,0.963537,0,0,0,0,0
2,86.184962,105.364296,0.0,90.641021,0.0,26,26,0.0,38.57,1,-82.919466,0.055248,0.059882,0.091295,24,0,0,0,1
6,35.187178,74.229823,0.0,359.495316,-1.585962,4,4,0.0,31.14,1,-75.174222,0.677976,0.707609,0.908119,1,0,0,0,1
1,114.409946,68.360574,0.0,179.773087,0.0,26,26,0.0,14.78,0,-81.410997,0.981054,0.93089,0.966164,0,0,0,0,0
2,86.184962,105.364296,0.0,90.641021,0.0,27,27,0.0,43.52,2,-84.099466,0.055174,0.063412,0.085877,25,0,0,0,1
6,35.187178,74.229823,0.0,359.495316,0.0,5,5,0.0,24.93,0,-77.064222,0.491083,0.550457,0.845564,2,0,0,0,1
1,114.409946,68.360574,0.0,179.773087,0.0,27,27,0.0,43.53,2,-83.150997,0.968138,0.925917,0.96646,0,0,0,0,0
2,86.184962,105.364296,0.0,90.641021,0.0,28,28,0.0,41.09,2,-82.419466,0.055122,0.065309,0.081264,26,0,0,0,1
6,35.187178,74.229823,0.0,359.495316,0.0,6,6,0.0,47.89,2,-76.914222,0.360258,0.425843,0.772768,3,0,0,0,1
1,114.409946,68.360574,0.0,179.773087,0.0,28,28,0.0,19.54,0,-82.140997,0.974037,0.926438,0.967597,0,0,0,0,0
2,86.184962,105.364296,0.0,90.641021,0.0,29,29,0.0,28.79,0,-81.389466,0.055085,0.064731,0.077337,27,0,0,0,1
6,35.187178,74.229823,0.0,359.495316,0.0,7,7,0.0,26.0,1,-76.844222,0.268681,0.338882,0.697155,4,0,0,0,1
1,114.409946,68.360574,0.0,179.773087,0.0,29,29,0.0,32.39,2,-82.360997,0.964846,0.936078,0.967184,0,0,0,0,0
2,86.184962,105.364296,0.0,90.641021,0.0,30,30,0.0,21.93,0,-83.489466,0.05506,0.064549,0.073995,28,0,0,0,1
6,35.187178,74.229823,0.0,359.495316,0.0,8,8,0.0,31.32,0,-75.974222,0.204577,0.269162,0.623268,5,0,0,0,1
1,114.409946,68.360574,0.0,179.773087,0.0,30,30,0.0,27.76,0,-83.060997,0.971912,0.937809,0.967893,0,0,0,0,0
2,86.252922,111.438457,0.0,90.641021,0.0,2,2,0.0,24.77,1,-83.917459,0.9557,0.9345,0.950855,0,0,0,0,0
1,131.89,68.429802,0.0,179.773087,0.0,2,2,0.0,26.92,1,-84.736888,0.95294,0.92,0.950441,0,0,0,0,0
3,30.058877,77.384914,0.0,359.495316,0.0,2,2,0.0,41.4,2,-78.750816,0.94634,0.918,0.949451,0,0,0,0,0
2,86.228304,109.238107,2.199685,90.641021,2.199684,3,3,0.0,31.26,1,-84.596384,0.95951,0.940375,0.952153,0,0,0,0,0
1,130.05457,68.422533,1.83543,179.773087,1.835429,3,3,0.0,30.17,2,-84.771408,0.947798,0.92025,0.950045,0,0,0,0,0
3,32.387366,77.405425,2.329001,359.495316,2.329,3,3,0.0,30.73,2,-75.110799,0.943058,0.9165,0.948492,0,0,0,0,0
2,114.184962,83.364296,0.0,90.641021,-2.199684,4,4,0.0,44.72,2,-84.094777,0.689957,0.719781,0.912824,3,0,0,0,1
1,126.772775,68.409536,3.281795,179.773087,1.446364,4,4,0.0,43.43,2,-85.734949,0.944619,0.919437,0.949231,0,0,0,0,0
3,8.402931,99.440797,0.0,359.495316,-2.329,4,4,0.0,45.73,1,-82.732146,0.678441,0.702625,0.907984,3,0,0,0,1
2,114.120078,77.565111,0.0,90.641021,0.0,5,5,0.0,39.87,2,-81.370451,0.50127,0.559336,0.851091,5,0,0,0,1
1,122.058008,68.390863,4.714767,179.773087,1.432972,5,5,0.0,48.2,2,-82.419933,0.944613,0.926828,0.948538,0,0,0,0,0
4,131.89,68.429802,0.0,179.773087,0.0,2,2,0.0,46.56,1,-86.676888,0.95438,0.92625,0.950657,0,0,0,0,0
3,14.391876,99.493551,0.0,359.495316,0.0,5,5,0.0,52.31,2,-84.191657,0.491408,0.543219,0.845498,4,0,0,0,1
2,114.030387,69.548648,0.0,90.641021,0.0,6,6,0.0,27.77,0,-83.219069,0.369189,0.433502,0.778805,7,0,0,0,1
1,115.983977,68.366808,6.074031,179.773087,1.359279,6,6,0.0,46.79,2,-81.630902,0.942209,0.925121,0.947589,0,0,0,0,0
4,130.479052,68.424214,1.410948,179.773087,1.410945,3,3,0.0,35.32,0,-83.607987,0.965366,0.931937,0.952863,0,0,0,0,0
3,22.030799,99.560839,0.0,359.495316,0.0,6,6,0.0,18.14,0,-83.691538,0.360486,0.418164,0.772746,5,0,0,0,1
2,113.976792,64.758384,0.0,90.641021,0.0,7,7,0.0,47.58,2,-82.934706,0.276732,0.344126,0.703494,9,0,0,0,1
5,131.89,68.429802,0.0,179.773087,0.0,2,2,0.0,40.34,2,-84.256888,0.94538,0.916,0.949307,0,0,0,0,0
1,114.409946,68.360574,1.574031,179.773087,-4.499955,7,7,0.0,53.82,2,-81.360997,0.937454,0.925341,0.946069,0,0,0,0,0
4,127.516612,71.612529,2.950359,179.773137,1.539425,4,4,0.0,22.45,0,-84.730837,0.970956,0.932453,0.955577,0,0,0,0,0
3,31.722571,99.646211,0.0,359.495316,0.0,7,7,0.0,38.01,1,-82.504116,0.26884,0.327873,0.69716,6,0,0,0,1
2,113.958359,63.11093,0.0,90.641021,0.0,8,8,0.0,34.42,2,-80.142066,0.269913,0.271095,0.638457,9,0,0,0,1
5,129.336656,68.41969,2.553344,179.773087,2.553366,3,3,0.0,32.3,2,-84.48803,0.943526,0.91625,0.94844,0,0,0,0,0
1,114.409946,68.360574,0.0,179.773087,-1.574045,8,8,0.0,23.94,0,-81.760997,0.954358,0.931256,0.947312,0,0,0,0,0
4,122.028388,71.590799,5.487016,179.773137,2.536633,5,5,0.0,20.67,0,-82.254248,0.977689,0.93884,0.958894,0,0,0,0,0
3,41.308507,99.73065,0.0,359.495316,0.0,8,8,0.0,21.59,0,-79.78229,0.204688,0.257655,0.623289,7,0,0,0,1
2,113.954027,62.723707,0.0,90.641021,0.0,9,9,0.0,34.47,0,-82.011524,0.265139,0.221571,0.582459,9,0,0,0,1
5,125.082598,68.402842,4.254059,179.773087,1.700721,4,4,0.0,17.56,0,-85.435387,0.956448,0.920188,0.949641,0,0,0,0,0
1,114.409946,68.360574,0.0,179.773087,0.0,9,9,0.0,33.21,2,-80.650997,0.950171,0.936192,0.947741,0,0,0,0,0
4,114.978874,71.562886,7.047963,179.773137,1.560952,6,6,0.0,22.2,0,-83.890791,0.981863,0.94563,0.962339,0,0,0,0,0
3,46.172057,100.840683,0.0,346.923234,0.0,9,9,0.0,35.99,2,-81.879257,0.159782,0.212241,0.553763,8,0,0,0,1
2,113.951343,62.48384,0.0,90.641021,0.0,10,10,0.0,51.95,2,-80.119041,0.261797,0.177678,0.53436,9,0,0,0,1
5,122.390022,71.592231,2.679366,179.773137,-1.574677,5,5,0.0,25.05,0,-84.215159,0.967654,0.929391,0.952343,0,0,0,0,0
1,114.409946,68.360574,0.0,179.773087,0.0,10,10,0.0,52.91,2,-80.650997,0.946573,0.945394,0.947566,0,0,0,0,0
4,105.704714,71.526165,9.272121,179.773137,2.224165,7,7,0.0,24.64,1,-82.223786,0.976144,0.946222,0.96441,0,0,0,0,0
3,48.256022,105.046739,0.0,296.918435,0.0,10,10,0.0,41.36,1,-80.387952,0.130147,0.177181,0.490221,10,0,0,0,1
2,113.951264,62.47676,0.0,90.641021,0.0,11,11,0.0,46.78,2,-82.808675,0.259458,0.152009,0.493125,9,0,0,0,1
5,118.046957,71.575034,4.34211,179.773137,1.662759,6,6,0.0,40.71,2,-82.495463,0.959838,0.937793,0.953467,0,0,0,0,0
1,114.409946,68.360574,0.0,179.773087,0.0,11,11,0.0,36.85,2,-81.740997,0.943581,0.939295,0.946968,0,0,0,0,0
4,94.71397,71.482647,10.988326,179.773137,1.716198,8,8,0.0,39.61,2,-78.851577,0.966381,0.946417,0.964706,0,0,0,0,0
3,48.395833,110.568754,0.0,270.659842,0.0,11,11,0.0,48.93,2,-81.942949,0.109403,0.143636,0.433098,12,0,0,0,1
2,113.951206,62.471599,0.0,90.641021,0.0,12,12,0.0,40.56,2,-83.318408,0.257821,0.124007,0.457829,9,0,0,0,1
5,111.131427,71.547652,6.914009,179.773137,2.571874,7,7,0.0,23.28,1,-82.653684,0.962166,0.940095,0.954772,0,0,0,0,0
1,114.409946,68.360574,0.0,179.773087,0.0,12,12,0.0,24.4,0,-82.200997,0.958647,0.944722,0.94872,0,0,0,0,0
4,81.171934,71.406214,13.541334,179.64683,2.55303,9,9,0.0,35.4,2,-75.365529,0.956966,0.938313,0.963545,0,0,0,0,0
3,48.486243,118.647004,0.0,270.641215,0.0,12,12,0.0,31.19,2,-85.725344,0.094882,0.118227,0.382366,14,0,0,0,1
2,113.951203,62.471331,0.0,90.641021,0.0,13,13,0.0,16.47,0,-83.078395,0.256674,0.109755,0.427656,9,0,0,0,1
5,102.852676,71.514872,8.27693,179.773137,1.362933,8,8,0.0,27.98,0,-79.318719,0.968776,0.935821,0.956873,0,0,0,0,0
1,114.409946,68.360574,0.0,179.773087,0.0,13,13,0.0,37.93,0,-83.860997,0.968413,0.944541,0.951674,0,0,0,0,0
4,67.176452,71.311347,13.995483,179.54831,0.454147,10,10,0.0,34.3,1,-71.552865,0.960757,0.946984,0.963127,0,0,0,0,0
3,48.602903,129.070762,0.0,270.641215,0.0,13,13,0.0,33.94,0,-85.389461,0.084717,0.10517,0.337719,17,0,0,0,1
2,113.951203,62.471331,0.0,90.641021,0.0,14,14,0.0,31.58,0,-81.588395,0.255872,0.096316,0.401888,9,0,0,0,1
5,92.241111,71.472855,10.60923,179.773137,2.332291,9,9,0.0,18.74,0,-76.398352,0.976164,0.944116,0.959766,0,0,0,0,0
1,114.409946,68.360574,0.0,179.773087,0.0,14,14,0.0,49.86,2,-81.370997,0.960009,0.943656,0.952924,0,0,0,0,0
4,52.986046,71.186376,14.190406,179.495427,0.194924,11,11,0.0,39.18,0,-70.238739,0.96779,0.938738,0.963826,0,0,0,0,0
2,113.951203,62.471331,0.0,90.641021,0.0,15,15,0.0,53.8,2,-81.248395,0.25531,0.085487,0.379902,9,0,0,0,1
5,79.938697,71.398612,12.302256,179.64683,1.693032,10,10,0.0,31.13,2,-72.691794,0.964654,0.940587,0.9605,0,0,0,0,0
1,114.409946,68.360574,0.0,179.773087,0.0,15,15,0.0,34.09,2,-81.330997,0.954186,0.941742,0.953113,0,0,0,0,0
4,38.461459,71.058463,14.524587,179.495427,0.334178,12,12,0.0,25.45,0,-72.244889,0.973613,0.939554,0.965294,0,0,0,0,0
2,113.951203,62.471331,0.0,90.641021,0.0,16,16,0.0,50.4,2,-82.838395,0.254917,0.075115,0.361154,9,0,0,0,1
5,65.872604,71.299864,14.066093,179.508829,1.763822,11,11,0.0,23.86,0,-70.624284,0.970278,0.93094,0.961966,0,0,0,0,0
1,114.409946,68.360574,0.0,179.773087,0.0,16,16,0.0,23.68,0,-80.660997,0.96535,0.943556,0.954949,0,0,0,0,0
4,25.14472,70.941186,13.316739,179.495427,-1.207862,13,13,0.0,38.59,1,-76.102755,0.969469,0.933415,0.96592,0,0,0,0,0
2,113.951203,62.471331,0.0,90.641021,0.0,17,17,0.0,38.22,0,-80.068395,0.254642,0.066587,0.345177,9,0,0,0,1
5,52.567311,71.182689,13.305293,179.495427,-0.760803,12,12,0.0,42.99,1,-69.477184,0.967855,0.931955,0.96285,0,0,0,0,0
1,114.409946,68.360574,0.0,179.773087,0.0,17,17,0.0,36.4,1,-83.480997,0.965965,0.948167,0.956601,0,0,0,0,0
2,113.951203,62.471331,0.0,90.641021,0.0,18,18,0.0,31.0,0,-81.208395,0.254449,0.06594,0.331568,9,0,0,0,1
5,39.055477,71.063694,13.511833,179.495427,0.20654,13,13,0.0,39.24,1,-74.886008,0.966218,0.934216,0.963355,0,0,0,0,0
1,114.409946,68.360574,0.0,179.773087,0.0,18,18,0.0,49.22,2,-83.290997,0.958296,0.944125,0.956856,0,0,0,0,0
2,113.951203,62.471331,0.0,90.641021,0.0,19,19,0.0,34.22,1,-81.288395,0.254315,0.064205,0.31998,9,0,0,0,1
5,26.031708,70.948998,13.023769,179.495427,-0.488067,14,14,0.0,35.98,1,-76.577265,0.966933,0.940912,0.963892,0,0,0,0,0
1,114.409946,68.360574,0.0,179.773087,0.0,19,19,0.0,30.4,2,-80.610997,0.952747,0.943094,0.956239,0,0,0,0,0
2,113.951203,62.471331,0.0,90.641021,0.0,20,20,0.0,27.04,1,-81.378395,0.25422,0.062904,0.310116,9,0,0,0,1
1,114.409946,68.360574,0.0,179.773087,0.0,20,20,0.0,47.26,2,-83.600997,0.948923,0.941071,0.955142,0,0,0,0,0
2,113.951203,62.471331,0.0,90.641021,0.0,21,21,0.0,27.79,1,-82.858395,0.254154,0.058178,0.301722,9,0,0,0,1
1,114.409946,68.360574,0.0,179.773087,0.0,21,21,0.0,23.21,1,-83.420997,0.952066,0.936053,0.95468,0,0,0,0,0
2,113.951203,62.471331,0.0,90.641021,0.0,22,22,0.0,24.54,1,-82.548395,0.254108,0.055133,0.29458,9,0,0,0,1
1,114.409946,68.360574,0.0,179.773087,0.0,22,22,0.0,21.52,0,-83.310997,0.962366,0.93654,0.955833,0,0,0,0,0
2,113.951203,62.471331,0.0,90.641021,0.0,23,23,0.0,32.92,2,-82.148395,0.254076,0.05835,0.288504,9,0,0,0,1
1,114.409946,68.360574,0.0,179.773087,0.0,23,23,0.0,28.22,0,-83.260997,0.971136,0.946405,0.958129,0,0,0,0,0
2,113.951203,62.471331,0.0,90.641021,0.0,24,24,0.0,27.58,0,-81.298395,0.254053,0.062012,0.283336,9,0,0,0,1
6,30.058877,77.384914,0.0,359.495316,0.0,2,2,0.0,37.83,2,-76.010816,0.94598,0.91775,0.949397,0,0,0,0,0
1,114.409946,68.360574,0.0,179.773087,0.0,24,24,0.0,15.17,0,-83.410997,0.974755,0.935804,0.960623,0,0,0,0,0
2,113.951203,62.471331,0.0,90.641021,0.0,25,25,0.0,19.96,0,-82.438395,0.254037,0.063509,0.278942,9,0,0,0,1
6,31.674484,74.198881,1.585956,359.495316,1.585953,3,3,0.0,49.4,2,-77.396519,0.944966,0.929813,0.948732,0,0,0,0,0
1,114.409946,68.360574,0.0,179.773087,0.0,25,25,0.0,17.03,0,-83.340997,0.980049,0.938853,0.963537,0,0,0,0,0
2,113.951203,62.471331,0.0,90.641021,0.0,26,26,0.0,38.57,1,-81.818395,0.254026,0.059882,0.275204,9,0,0,0,1
6,63.187178,96.229823,0.0,359.495316,-1.585962,4,4,0.0,31.14,1,-79.215754,0.677976,0.707609,0.908119,2,0,0,0,1
1,114.409946,68.360574,0.0,179.773087,0.0,26,26,0.0,14.78,0,-81.410997,0.981054,0.93089,0.966164,0,0,0,0,0
2,113.951203,62.471331,0.0,90.641021,0.0,27,27,0.0,43.52,2,-82.998395,0.254018,0.063412,0.272026,9,0,0,0,1
6,68.429666,96.276002,0.0,359.495316,0.0,5,5,0.0,24.93,0,-81.332791,0.491083,0.550457,0.845564,3,0,0,0,1
1,114.409946,68.360574,0.0,179.773087,0.0,27,27,0.0,43.53,2,-83.150997,0.968138,0.925917,0.96646,0,0,0,0,0
2,113.951203,62.471331,0.0,90.641021,0.0,28,28,0.0,41.09,2,-81.318395,0.254013,0.065309,0.269324,9,0,0,0,1
6,75.040801,96.334237,0.0,359.495316,0.0,6,6,0.0,47.89,2,-81.648083,0.360258,0.425843,0.772768,4,0,0,0,1
1,114.409946,68.360574,0.0,179.773087,0.0,28,28,0.0,19.54,0,-82.140997,0.974037,0.926438,0.967597,0,0,0,0,0
2,113.951203,62.471331,0.0,90.641021,0.0,29,29,0.0,28.79,0,-80.288395,0.254009,0.064731,0.267027,9,0,0,0,1
6,84.010931,96.413252,0.0,359.495316,0.0,7,7,0.0,26.0,1,-82.454186,0.268681,0.338882,0.697155,5,0,0,0,1
1,114.409946,68.360574,0.0,179.773087,0.0,29,29,0.0,32.39,2,-82.360997,0.964846,0.936078,0.967184,0,0,0,0,0
2,113.951203,62.471331,0.0,90.641021,0.0,30,30,0.0,21.93,0,-82.388395,0.254006,0.064549,0.265074,9,0,0,0,1
6,93.970719,96.500984,0.0,359.495316,0.0,8,8,0.0,31.32,0,-82.7596,0.204577,0.269162,0.623268,6,0,0,0,1
1,114.409946,68.360574,0.0,179.773087,0.0,30,30,0.0,27.76,0,-83.060997,0.971912,0.937809,0.967893,0,0,0,0,0
2,86.252922,111.438457,0.0,90.641021,0.0,2,2,0.0,24.77,1,-83.917459,0.9557,0.9345,0.950855,0,0,0,0,0
1,131.89,68.429802,0.0,179.773087,0.0,2,2,0.0,26.92,1,-84.736888,0.95294,0.92,0.950441,0,0,0,0,0
3,30.058877,77.384914,0.0,359.495316,0.0,2,2,0.0,41.4,2,-78.750816,0.94634,0.918,0.949451,0,0,0,0,0
2,86.228304,109.238107,2.199685,90.641021,2.199684,3,3,0.0,31.26,1,-84.596384,0.95951,0.940375,0.952153,0,0,0,0,0
1,130.05457,68.422533,1.83543,179.773087,1.835429,3,3,0.0,30.17,2,-84.771408,0.947798,0.92025,0.950045,0,0,0,0,0
3,32.387366,77.405425,2.329001,359.495316,2.329,3,3,0.0,30.73,2,-75.110799,0.943058,0.9165,0.948492,0,0,0,0,0
2,86.184962,105.364296,3.87264,90.641021,1.672955,4,4,0.0,3000.118081,4,-83.559466,0.686357,0.720781,0.912284,2,0,0,0,1
1,126.772775,68.409536,3.281795,179.773087,1.446364,4,4,0.0,21.17,0,-85.254949,0.958839,0.919937,0.951364,0,0,0,0,0
3,36.402931,77.440797,4.016449,359.495316,1.687447,4,4,0.0,3000.107116,4,-75.581994,0.817341,0.704625,0.928819,1,0,0,0,1
2,86.120078,99.565111,5.797431,90.641021,1.924815,5,5,0.0,3000.105428,4,-82.713144,0.49515,0.560336,0.849714,4,0,0,0,1
1,122.058008,68.390863,4.714767,179.773087,1.432972,5,5,0.0,31.48,2,-82.639933,0.954027,0.932203,0.951763,0,0,0,0,0
4,131.89,68.429802,0.0,179.773087,0.0,2,2,0.0,24.76,0,-85.506888,0.96146,0.92525,0.951719,0,0,0,0,0
3,42.391876,77.493551,5.990264,359.495316,1.9738,5,5,0.0,3000.114682,4,-73.250621,0.644738,0.543969,0.886207,2,0,0,0,1
2,86.030387,91.548648,8.01404,90.641021,2.216592,6,6,0.0,3000.112949,4,-80.922123,0.361305,0.430502,0.776452,6,0,0,0,1
1,115.983977,68.366808,6.074031,179.773087,1.359279,6,6,0.0,35.34,0,-81.920902,0.964039,0.932402,0.953605,0,0,0,0,0
4,130.479052,68.424214,1.410948,179.773087,1.410945,3,3,0.0,46.79,2,-84.117987,0.954002,0.923937,0.952061,0,0,0,0,0
3,50.030799,77.560839,7.640605,359.495316,1.650348,6,6,0.0,3000.110499,4,-72.369959,0.523917,0.423477,0.831864,3,0,0,0,1
2,85.976792,86.758384,4.788815,90.641021,-3.225238,7,7,0.0,3000.10872,4,-79.122412,0.267613,0.334626,0.700127,8,0,0,0,1
5,131.89,68.429802,0.0,179.773087,0.0,2,2,0.0,44.93,2,-83.516888,0.9482,0.92675,0.94973,0,0,0,0,0
1,114.409946,68.360574,1.574031,179.773087,-4.499987,7,7,0.0,36.28,0,-80.630997,0.969907,0.929802,0.95605,0,0,0,0,0
4,127.516612,71.612529,2.950359,179.773137,1.539416,4,4,0.0,23.18,0,-83.100837,0.963541,0.923203,0.953783,0,0,0,0,0
3,59.722571,77.646211,9.693906,359.495316,2.053306,7,7,0.0,3000.10771,4,-74.386515,0.439342,0.331107,0.772985,4,0,0,0,1
2,85.958359,85.11093,1.646955,90.641021,-3.141869,8,8,0.0,3000.105883,4,-78.086221,0.259929,0.26347,0.634097,9,0,0,0,1
5,129.336656,68.41969,2.553344,179.773087,2.553351,3,3,0.0,54.17,2,-83.25803,0.942698,0.927063,0.948675,0,0,0,0,0
1,114.409946,68.360574,0.0,179.773087,-1.574035,8,8,0.0,34.42,2,-80.540997,0.962255,0.941851,0.956981,0,0,0,0,0
4,122.028388,71.590799,5.487016,179.773137,2.536651,5,5,0.0,39.86,1,-82.244248,0.961939,0.921402,0.955007,0,0,0,0,0
3,69.308507,77.73065,9.588047,359.495316,-0.105859,8,8,0.0,3000.110397,4,-74.847157,0.380139,0.263081,0.714058,5,0,0,0,1
2,85.954027,84.723707,0.387107,90.641021,-1.259836,9,9,0.0,3000.115755,4,-78.344227,0.254551,0.215352,0.577165,10,0,0,0,1
5,125.082598,68.402842,4.254059,179.773087,1.700698,4,4,0.0,29.71,1,-85.255387,0.948549,0.931797,0.948656,0,0,0,0,0
1,114.409946,68.360574,0.0,179.773087,0.0,9,9,0.0,35.17,0,-83.640997,0.969139,0.937138,0.958804,0,0,0,0,0
4,114.978874,71.562886,7.047963,179.773137,1.560952,6,6,0.0,34.15,0,-81.060791,0.970717,0.925802,0.957363,0,0,0,0,0
3,74.172057,78.840683,5.088047,346.923234,-4.500014,9,9,0.0,3000.107216,4,-74.788265,0.338697,0.20931,0.657754,6,0,0,0,1
2,85.951343,84.48384,0.239794,90.641021,-0.147313,10,10,0.0,3000.112575,4,-77.323321,0.250785,0.178764,0.528208,11,0,0,0,1
5,122.390022,71.592231,2.679366,179.773137,-1.574698,5,5,0.0,22.2,0,-85.195159,0.961464,0.940348,0.950577,0,0,0,0,0
1,114.409946,68.360574,0.0,179.773087,0.0,10,10,0.0,35.99,2,-83.270997,0.960757,0.935104,0.959097,0,0,0,0,0
4,105.704714,71.526165,9.272121,179.773137,2.224165,7,7,0.0,32.96,2,-80.333786,0.962762,0.929851,0.958173,0,0,0,0,0
3,76.256022,83.046739,4.914053,296.918435,-0.173993,10,10,0.0,3000.111262,4,-76.611809,0.251788,0.175233,0.596859,8,0,0,0,1
2,85.951264,84.47676,0.007078,90.641021,-0.232716,11,11,0.0,3000.116621,4,-80.341817,0.24815,0.145073,0.486199,12,0,0,0,1
5,118.046957,71.575034,4.34211,179.773137,1.662737,6,6,0.0,34.37,0,-82.895463,0.970985,0.947511,0.953638,0,0,0,0,0
1,114.409946,68.360574,0.0,179.773087,0.0,11,11,0.0,23.15,0,-82.640997,0.96947,0.937578,0.960653,0,0,0,0,0
4,94.71397,71.482647,10.988326,179.773137,1.716198,8,8,0.0,36.37,1,-77.931577,0.963013,0.935638,0.958899,0,0,0,0,0
3,76.395833,88.568754,5.52838,270.659842,0.614329,11,11,0.0,3000.108119,4,-77.82491,0.190952,0.141675,0.535973,10,0,0,0,1
2,85.951206,84.471599,0.005159,90.641021,-0.001918,12,12,0.0,3000.113478,4,-80.450721,0.246305,0.126055,0.450215,13,0,0,0,1
5,111.131427,71.547652,6.914009,179.773137,2.571907,7,7,0.0,34.93,1,-80.823684,0.969369,0.949633,0.955998,0,0,0,0,0
1,114.409946,68.360574,0.0,179.773087,0.0,12,12,0.0,29.63,1,-82.300997,0.969209,0.943433,0.961937,0,0,0,0,0
4,81.171934,71.406214,13.541334,179.64683,2.55303,9,9,0.0,33.54,2,-75.325529,0.957789,0.940729,0.958733,0,0,0,0,0
3,76.486243,96.647004,8.07825,270.641215,2.549859,12,12,0.0,3000.112436,4,-79.189093,0.148366,0.125506,0.477832,12,0,0,0,1
2,85.951203,84.471331,0.000268,90.641021,-0.004891,13,13,0.0,3000.117795,4,-78.460664,0.245013,0.105541,0.419435,14,0,0,0,1
5,102.852676,71.514872,8.27693,179.773137,1.362916,8,8,0.0,36.33,0,-78.478719,0.976159,0.951975,0.959022,0,0,0,0,0
1,114.409946,68.360574,0.0,179.773087,0.0,13,13,0.0,28.44,1,-82.620997,0.967646,0.943825,0.962793,0,0,0,0,0
4,67.176452,71.311347,13.995483,179.54831,0.454147,10,10,0.0,16.47,0,-72.582865,0.966673,0.943547,0.959924,0,0,0,0,0
3,76.602903,107.070762,10.423757,270.641215,2.345497,13,13,0.0,3000.116604,4,-83.620095,0.118556,0.106879,0.423941,14,0,0,0,1
2,85.951203,84.471331,0.0,90.641021,-0.000268,14,14,0.0,3000.108963,4,-78.280664,0.244109,0.093906,0.393136,15,0,0,0,1
5,92.241111,71.472855,10.60923,179.773137,2.332321,9,9,0.0,20.18,0,-78.278352,0.980311,0.951981,0.962216,0,0,0,0,0
1,114.409946,68.360574,0.0,179.773087,0.0,14,14,0.0,30.55,2,-80.970997,0.957612,0.935869,0.962016,0,0,0,0,0
4,52.986046,71.186376,14.190406,179.495427,0.194924,11,11,0.0,27.55,0,-69.018739,0.971271,0.93416,0.961626,0,0,0,0,0
2,85.951203,84.471331,0.0,90.641021,0.0,15,15,0.0,3000.11771,4,-78.260664,0.243477,0.080929,0.370687,16,0,0,0,1
5,79.938697,71.398612,12.302256,179.64683,1.69301,10,10,0.0,38.66,2,-74.671794,0.968938,0.951486,0.963224,0,0,0,0,0
1,114.409946,68.360574,0.0,179.773087,0.0,15,15,0.0,50.12,2,-80.740997,0.953097,0.935402,0.960678,0,0,0,0,0
4,38.461459,71.058463,14.524587,179.495427,0.334178,12,12,0.0,33.49,0,-72.864889,0.97683,0.94037,0.963906,0,0,0,0,0
2,85.951203,84.471331,0.0,90.641021,0.0,16,16,0.0,3000.113563,4,-77.710664,0.243034,0.073947,0.351539,17,0,0,0,1
5,65.872604,71.299864,14.066093,179.508829,1.763845,11,11,0.0,53.8,2,-70.514284,0.956956,0.942864,0.962284,0,0,0,0,0
1,114.409946,68.360574,0.0,179.773087,0.0,16,16,0.0,43.99,1,-82.000997,0.957028,0.939051,0.96013,0,0,0,0,0
4,25.14472,70.941186,13.316739,179.495427,-1.207846,13,13,0.0,34.73,1,-75.972755,0.971961,0.938027,0.965115,0,0,0,0,0
2,85.951203,84.471331,0.0,90.641021,0.0,17,17,0.0,3000.109235,4,-79.900664,0.242724,0.06796,0.335217,18,0,0,0,1
5,52.567311,71.182689,13.305293,179.495427,-0.760803,12,12,0.0,34.92,2,-71.547184,0.952229,0.945398,0.960776,0,0,0,0,0
1,114.409946,68.360574,0.0,179.773087,0.0,17,17,0.0,31.29,0,-83.430997,0.965599,0.933038,0.960951,0,0,0,0,0
2,85.951203,84.471331,0.0,90.641021,0.0,18,18,0.0,3000.110782,4,-78.480664,0.242506,0.06397,0.32131,19,0,0,0,1
5,39.055477,71.063694,13.511833,179.495427,0.20654,13,13,0.0,37.86,0,-73.276008,0.964161,0.949549,0.961283,0,0,0,0,0
1,114.409946,68.360574,0.0,179.773087,0.0,18,18,0.0,25.21,1,-83.090997,0.96662,0.940779,0.961801,0,0,0,0,0
2,85.951203,84.471331,0.0,90.641021,0.0,19,19,0.0,3000.10644,4,-79.710664,0.242355,0.063978,0.309467,20,0,0,0,1
5,26.031708,70.948998,13.023769,179.495427,-0.488067,14,14,0.0,36.4,1,-78.267265,0.965132,0.952662,0.961861,0,0,0,0,0
1,114.409946,68.360574,0.0,179.773087,0.0,19,19,0.0,31.0,0,-81.640997,0.972674,0.938584,0.963432,0,0,0,0,0
2,85.951203,84.471331,0.0,90.641021,0.0,20,20,0.0,3000.108139,4,-77.960664,0.242248,0.058233,0.299384,21,0,0,0,1
1,114.409946,68.360574,0.0,179.773087,0.0,20,20,0.0,32.42,0,-81.710997,0.976192,0.937438,0.965346,0,0,0,0,0
2,85.951203,84.471331,0.0,90.641021,0.0,21,21,0.0,3000.115598,4,-78.250664,0.242174,0.059925,0.290803,22,0,0,0,1
1,114.409946,68.360574,0.0,179.773087,0.0,21,21,0.0,45.9,2,-81.860997,0.963654,0.930579,0.965092,0,0,0,0,0
2,85.951203,84.471331,0.0,90.641021,0.0,22,22,0.0,3000.110056,4,-78.980664,0.242122,0.062444,0.2835,23,0,0,0,1
1,114.409946,68.360574,0.0,179.773087,0.0,22,22,0.0,21.59,0,-83.770997,0.970418,0.930434,0.965891,0,0,0,0,0
2,85.951203,84.471331,0.0,90.641021,0.0,23,23,0.0,3000.117515,4,-77.820664,0.242085,0.065583,0.277288,24,0,0,0,1
1,114.409946,68.360574,0.0,179.773087,0.0,23,23,0.0,33.29,2,-82.410997,0.961233,0.935825,0.965192,0,0,0,0,0
2,85.951203,84.471331,0.0,90.641021,0.0,24,24,0.0,3000.111974,4,-77.000664,0.24206,0.062937,0.272004,25,0,0,0,1
6,30.058877,77.384914,0.0,359.495316,0.0,2,2,0.0,27.79,1,-78.400816,0.95264,0.92175,0.950396,0,0,0,0,0
1,114.409946,68.360574,0.0,179.773087,0.0,24,24,0.0,42.67,1,-82.080997,0.962903,0.938619,0.964849,0,0,0,0,0
2,85.951203,84.471331,0.0,90.641021,0.0,25,25,0.0,3000.11365,4,-77.540664,0.242042,0.058703,0.267509,26,0,0,0,1
6,31.674484,74.198881,1.585956,359.495316,1.585953,3,3,0.0,21.52,0,-77.346519,0.962768,0.925812,0.952252,0,0,0,0,0
1,114.409946,68.360574,0.0,179.773087,0.0,25,25,0.0,32.92,2,-82.580997,0.957112,0.940464,0.963688,0,0,0,0,0
2,85.951203,84.471331,0.0,90.641021,0.0,26,26,0.0,3000.109548,4,-78.480664,0.242029,0.063027,0.263687,27,0,0,0,1
6,35.187178,74.229823,3.513468,359.495316,1.927521,4,4,0.0,3000.105565,4,-73.604222,0.831138,0.706359,0.934085,1,0,0,0,1
1,114.409946,68.360574,0.0,179.773087,0.0,26,26,0.0,35.83,0,-82.200997,0.965058,0.932348,0.963894,0,0,0,0,0
2,85.951203,84.471331,0.0,90.641021,0.0,27,27,0.0,3000.111185,4,-77.670664,0.24202,0.06377,0.260437,28,0,0,0,1
6,40.429666,74.276002,5.243642,359.495316,1.730171,5,5,0.0,3000.10718,4,-75.660785,0.654396,0.54477,0.892131,2,0,0,0,1
1,114.409946,68.360574,0.0,179.773087,0.0,27,27,0.0,37.47,0,-81.250997,0.971881,0.936511,0.965092,0,0,0,0,0
2,85.951203,84.471331,0.0,90.641021,0.0,28,28,0.0,3000.112793,4,-79.330664,0.242014,0.058578,0.257674,29,0,0,0,1
6,47.040801,74.334237,6.612591,359.495316,1.368946,6,6,0.0,3000.108768,4,-73.088795,0.530677,0.421577,0.837913,3,0,0,0,1
1,114.409946,68.360574,0.0,179.773087,0.0,28,28,0.0,26.02,0,-82.620997,0.975877,0.932633,0.96671,0,0,0,0,0
2,85.951203,84.471331,0.0,90.641021,0.0,29,29,0.0,3000.114369,4,-78.070664,0.24201,0.056183,0.255324,30,0,0,0,1
6,56.010931,74.413252,8.972106,359.495316,2.359511,7,7,0.0,3000.11033,4,-71.703061,0.444074,0.329683,0.778837,4,0,0,0,1
1,114.409946,68.360574,0.0,179.773087,0.0,29,29,0.0,27.54,0,-82.970997,0.978194,0.930725,0.968432,0,0,0,0,0
2,85.951203,84.471331,0.0,90.641021,0.0,30,30,0.0,3000.115908,4,-78.980664,0.242007,0.061137,0.253327,31,0,0,0,1
6,65.970719,74.500984,9.961982,359.495316,0.989874,8,8,0.0,3000.111879,4,-73.607133,0.383452,0.261512,0.71953,5,0,0,0,1
1,114.409946,68.360574,0.0,179.773087,0.0,30,30,0.0,32.39,1,-82.800997,0.972256,0.928044,0.969006,0,0,0,0,0
2,86.252922,111.438457,0.0,90.641021,0.0,2,2,0.0,24.77,1,-83.917459,0.9557,0.9345,0.950855,0,0,0,0,0
1,131.89,68.429802,0.0,179.773087,0.0,2,2,0.0,26.92,1,-84.736888,0.95294,0.92,0.950441,0,0,0,0,0
3,30.058877,77.384914,0.0,359.495316,0.0,2,2,0.0,41.4,2,-78.750816,0.94634,0.918,0.949451,0,0,0,0,0
2,86.228304,109.238107,2.199685,90.641021,2.199684,3,3,0.0,31.26,1,-84.596384,0.95951,0.940375,0.952153,0,0,0,0,0
1,130.05457,68.422533,1.83543,179.773087,1.835429,3,3,0.0,30.17,2,-84.771408,0.947798,0.92025,0.950045,0,0,0,0,0
3,32.387366,77.405425,2.329001,359.495316,2.329,3,3,0.0,30.73,2,-75.110799,0.943058,0.9165,0.948492,0,0,0,0,0
2,86.184962,105.364296,3.87264,90.641021,1.672955,4,4,0.0,44.72,2,-83.559466,0.689957,0.719781,0.912824,2,0,0,0,1
1,126.772775,68.409536,3.281795,179.773087,1.446364,4,4,0.0,43.43,2,-85.734949,0.944619,0.919437,0.949231,0,0,0,0,0
3,36.402931,77.440797,4.016449,359.495316,1.687447,4,4,0.0,45.73,1,-74.451994,0.676641,0.702625,0.907714,1,0,0,0,1
2,86.120078,99.565111,5.797431,90.641021,1.924815,5,5,0.0,39.87,2,-80.343144,0.50127,0.559336,0.851091,4,0,0,0,1
1,122.058008,68.390863,4.714767,179.773087,1.432972,5,5,0.0,48.2,2,-82.419933,0.944613,0.926828,0.948538,0,0,0,0,0
4,131.89,68.429802,0.0,179.773087,0.0,2,2,0.0,46.56,1,-86.676888,0.95438,0.92625,0.950657,0,0,0,0,0
3,42.391876,77.493551,5.990264,359.495316,1.9738,5,5,0.0,52.31,2,-75.480621,0.490148,0.543219,0.845079,2,0,0,0,1
2,86.030387,91.548648,8.01404,90.641021,2.216592,6,6,0.0,27.77,0,-81.302123,0.369189,0.433502,0.778805,6,0,0,0,1
1,115.983977,68.366808,6.074031,179.773087,1.359279,6,6,0.0,46.79,2,-81.630902,0.942209,0.925121,0.947589,0,0,0,0,0
4,130.479052,68.424214,1.410948,179.773087,1.410945,3,3,0.0,35.32,0,-83.607987,0.965366,0.931937,0.952863,0,0,0,0,0
3,50.030799,77.560839,7.640605,359.495316,1.650348,6,6,0.0,18.14,0,-74.759959,0.359604,0.418164,0.772258,3,0,0,0,1
2,85.976792,86.758384,4.788815,90.641021,-3.225215,7,7,0.0,47.58,2,-80.352412,0.276732,0.344126,0.703494,8,0,0,0,1
5,131.89,68.429802,0.0,179.773087,0.0,2,2,0.0,40.34,2,-84.256888,0.94538,0.916,0.949307,0,0,0,0,0
1,114.409946,68.360574,1.574031,179.773087,-4.499955,7,7,0.0,53.82,2,-81.360997,0.937454,0.925341,0.946069,0,0,0,0,0
4,127.516612,71.612529,2.950359,179.773137,1.539425,4,4,0.0,22.45,0,-84.730837,0.970956,0.932453,0.955577,0,0,0,0,0
3,59.722571,77.646211,9.693906,359.495316,2.053292,7,7,0.0,38.01,1,-74.196515,0.268223,0.327873,0.696653,4,0,0,0,1
2,85.958359,85.11093,1.646955,90.641021,-3.141888,8,8,0.0,34.42,2,-77.306221,0.210213,0.271095,0.629502,9,0,0,0,1
5,129.336656,68.41969,2.553344,179.773087,2.553366,3,3,0.0,32.3,2,-84.48803,0.943526,0.91625,0.94844,0,0,0,0,0
1,114.409946,68.360574,0.0,179.773087,-1.574045,8,8,0.0,23.94,0,-81.760997,0.954358,0.931256,0.947312,0,0,0,0,0
4,122.028388,71.590799,5.487016,179.773137,2.536633,5,5,0.0,20.67,0,-82.254248,0.977689,0.93884,0.958894,0,0,0,0,0
3,69.308507,77.73065,9.588047,359.495316,-0.105859,8,8,0.0,21.59,0,-73.157157,0.263956,0.257655,0.631748,4,0,0,0,1
2,85.954027,84.723707,0.387107,90.641021,-1.259836,9,9,0.0,34.47,0,-79.114227,0.163649,0.221571,0.559624,10,0,0,0,1
5,125.082598,68.402842,4.254059,179.773087,1.700721,4,4,0.0,17.56,0,-85.435387,0.956448,0.920188,0.949641,0,0,0,0,0
1,114.409946,68.360574,0.0,179.773087,0.0,9,9,0.0,33.21,2,-80.650997,0.950171,0.936192,0.947741,0,0,0,0,0
4,114.978874,71.562886,7.047963,179.773137,1.560952,6,6,0.0,22.2,0,-83.890791,0.981863,0.94563,0.962339,0,0,0,0,0
3,74.172057,78.840683,5.088047,346.923234,-4.500014,9,9,0.0,35.99,2,-76.448265,0.201269,0.212241,0.567176,5,0,0,0,1
2,85.951343,84.48384,0.239794,90.641021,-0.147313,10,10,0.0,51.95,2,-77.183321,0.131054,0.177678,0.495339,11,0,0,0,1
5,122.390022,71.592231,2.679366,179.773137,-1.574677,5,5,0.0,25.05,0,-84.215159,0.967654,0.929391,0.952343,0,0,0,0,0
1,114.409946,68.360574,0.0,179.773087,0.0,10,10,0.0,52.91,2,-80.650997,0.946573,0.945394,0.947566,0,0,0,0,0
4,105.704714,71.526165,9.272121,179.773137,2.224165,7,7,0.0,24.64,1,-82.223786,0.976144,0.946222,0.96441,0,0,0,0,0
3,76.256022,83.046739,4.914053,296.918435,-0.173993,10,10,0.0,41.36,1,-75.701809,0.159188,0.177181,0.505978,7,0,0,0,1
2,85.951264,84.47676,0.007078,90.641021,-0.232716,11,11,0.0,46.78,2,-79.871817,0.108238,0.152009,0.437274,12,0,0,0,1
5,118.046957,71.575034,4.34211,179.773137,1.662759,6,6,0.0,40.71,2,-82.495463,0.959838,0.937793,0.953467,0,0,0,0,0
1,114.409946,68.360574,0.0,179.773087,0.0,11,11,0.0,36.85,2,-81.740997,0.943581,0.939295,0.946968,0,0,0,0,0
4,94.71397,71.482647,10.988326,179.773137,1.716198,8,8,0.0,39.61,2,-78.851577,0.966381,0.946417,0.964706,0,0,0,0,0
3,76.395833,88.568754,5.52838,270.659842,0.614329,11,11,0.0,48.93,2,-77.62491,0.129732,0.143636,0.449541,9,0,0,0,1
2,85.951206,84.471599,0.005159,90.641021,-0.001918,12,12,0.0,40.56,2,-80.380721,0.151967,0.124007,0.394478,12,0,0,0,1
5,111.131427,71.547652,6.914009,179.773137,2.571874,7,7,0.0,23.28,1,-82.653684,0.962166,0.940095,0.954772,0,0,0,0,0
1,114.409946,68.360574,0.0,179.773087,0.0,12,12,0.0,24.4,0,-82.200997,0.958647,0.944722,0.94872,0,0,0,0,0
4,81.171934,71.406214,13.541334,179.64683,2.55303,9,9,0.0,35.4,2,-75.365529,0.956966,0.938313,0.963545,0,0,0,0,0
3,76.486243,96.647004,8.07825,270.641215,2.549859,12,12,0.0,31.19,2,-81.859093,0.109112,0.118227,0.398477,11,0,0,0,1
2,85.951203,84.471331,0.000268,90.641021,-0.004891,13,13,0.0,16.47,0,-80.140664,0.182577,0.109755,0.362692,12,0,0,0,1
5,102.852676,71.514872,8.27693,179.773137,1.362933,8,8,0.0,27.98,0,-79.318719,0.968776,0.935821,0.956873,0,0,0,0,0
1,114.409946,68.360574,0.0,179.773087,0.0,13,13,0.0,37.93,0,-83.860997,0.968413,0.944541,0.951674,0,0,0,0,0
4,67.176452,71.311347,13.995483,179.54831,0.454147,10,10,0.0,34.3,1,-71.552865,0.960757,0.946984,0.963127,0,0,0,0,0
3,76.602903,107.070762,10.423757,270.641215,2.345497,13,13,0.0,33.94,0,-82.000095,0.094679,0.10517,0.352907,13,0,0,0,1
2,85.951203,84.471331,0.0,90.641021,-0.000268,14,14,0.0,31.58,0,-78.650664,0.204004,0.096316,0.338889,12,0,0,0,1
5,92.241111,71.472855,10.60923,179.773137,2.332291,9,9,0.0,18.74,0,-76.398352,0.976164,0.944116,0.959766,0,0,0,0,0
1,114.409946,68.360574,0.0,179.773087,0.0,14,14,0.0,49.86,2,-81.370997,0.960009,0.943656,0.952924,0,0,0,0,0
4,52.986046,71.186376,14.190406,179.495427,0.194924,11,11,0.0,39.18,0,-70.238739,0.96779,0.938738,0.963826,0,0,0,0,0
2,85.951203,84.471331,0.0,90.641021,0.0,15,15,0.0,53.8,2,-78.310664,0.219003,0.085487,0.320906,12,0,0,0,1
5,79.938697,71.398612,12.302256,179.64683,1.693032,10,10,0.0,31.13,2,-72.691794,0.964654,0.940587,0.9605,0,0,0,0,0
1,114.409946,68.360574,0.0,179.773087,0.0,15,15,0.0,34.09,2,-81.330997,0.954186,0.941742,0.953113,0,0,0,0,0
4,38.461459,71.058463,14.524587,179.495427,0.334178,12,12,0.0,25.45,0,-72.244889,0.973613,0.939554,0.965294,0,0,0,0,0
2,85.951203,84.471331,0.0,90.641021,0.0,16,16,0.0,50.4,2,-79.900664,0.229502,0.075115,0.307195,12,0,0,0,1
5,65.872604,71.299864,14.066093,179.508829,1.763822,11,11,0.0,23.86,0,-70.624284,0.970278,0.93094,0.961966,0,0,0,0,0
1,114.409946,68.360574,0.0,179.773087,0.0,16,16,0.0,23.68,0,-80.660997,0.96535,0.943556,0.954949,0,0,0,0,0
4,25.14472,70.941186,13.316739,179.495427,-1.207862,13,13,0.0,38.59,1,-76.102755,0.969469,0.933415,0.96592,0,0,0,0,0
2,85.951203,84.471331,0.0,90.641021,0.0,17,17,0.0,38.22,0,-77.130664,0.236851,0.066587,0.296644,12,0,0,0,1
5,52.567311,71.182689,13.305293,179.495427,-0.760803,12,12,0.0,42.99,1,-69.477184,0.967855,0.931955,0.96285,0,0,0,0,0
1,114.409946,68.360574,0.0,179.773087,0.0,17,17,0.0,36.4,1,-83.480997,0.965965,0.948167,0.956601,0,0,0,0,0
2,85.951203,84.471331,0.0,90.641021,0.0,18,18,0.0,31.0,0,-78.270664,0.241996,0.06594,0.288447,12,0,0,0,1
5,39.055477,71.063694,13.511833,179.495427,0.20654,13,13,0.0,39.24,1,-74.886008,0.966218,0.934216,0.963355,0,0,0,0,0
1,114.409946,68.360574,0.0,179.773087,0.0,18,18,0.0,49.22,2,-83.290997,0.958296,0.944125,0.956856,0,0,0,0,0
2,85.951203,84.471331,0.0,90.641021,0.0,19,19,0.0,34.22,1,-78.350664,0.245597,0.064205,0.282019,12,0,0,0,1
5,26.031708,70.948998,13.023769,179.495427,-0.488067,14,14,0.0,35.98,1,-76.577265,0.966933,0.940912,0.963892,0,0,0,0,0
1,114.409946,68.360574,0.0,179.773087,0.0,19,19,0.0,30.4,2,-80.610997,0.952747,0.943094,0.956239,0,0,0,0,0
2,85.951203,84.471331,0.0,90.641021,0.0,20,20,0.0,27.04,1,-78.440664,0.248118,0.062904,0.276934,12,0,0,0,1
1,114.409946,68.360574,0.0,179.773087,0.0,20,20,0.0,47.26,2,-83.600997,0.948923,0.941071,0.955142,0,0,0,0,0
2,85.951203,84.471331,0.0,90.641021,0.0,21,21,0.0,27.79,1,-79.920664,0.249883,0.058178,0.272876,12,0,0,0,1
1,114.409946,68.360574,0.0,179.773087,0.0,21,21,0.0,23.21,1,-83.420997,0.952066,0.936053,0.95468,0,0,0,0,0
2,85.951203,84.471331,0.0,90.641021,0.0,22,22,0.0,24.54,1,-79.610664,0.251118,0.055133,0.269613,12,0,0,0,1
1,114.409946,68.360574,0.0,179.773087,0.0,22,22,0.0,21.52,0,-83.310997,0.962366,0.93654,0.955833,0,0,0,0,0
2,85.951203,84.471331,0.0,90.641021,0.0,23,23,0.0,32.92,2,-79.210664,0.251982,0.05835,0.266968,12,0,0,0,1
1,114.409946,68.360574,0.0,179.773087,0.0,23,23,0.0,28.22,0,-83.260997,0.971136,0.946405,0.958129,0,0,0,0,0
2,85.951203,84.471331,0.0,90.641021,0.0,24,24,0.0,27.58,0,-78.360664,0.252588,0.062012,0.264811,12,0,0,0,1
6,30.058877,77.384914,0.0,359.495316,0.0,2,2,0.0,37.83,2,-76.010816,0.94598,0.91775,0.949397,0,0,0,0,0
1,114.409946,68.360574,0.0,179.773087,0.0,24,24,0.0,15.17,0,-83.410997,0.974755,0.935804,0.960623,0,0,0,0,0
2,85.951203,84.471331,0.0,90.641021,0.0,25,25,0.0,19.96,0,-79.500664,0.253011,0.063509,0.263041,12,0,0,0,1
6,31.674484,74.198881,1.585956,359.495316,1.585953,3,3,0.0,49.4,2,-77.396519,0.944966,0.929813,0.948732,0,0,0,0,0
1,114.409946,68.360574,0.0,179.773087,0.0,25,25,0.0,17.03,0,-83.340997,0.980049,0.938853,0.963537,0,0,0,0,0
2,85.951203,84.471331,0.0,90.641021,0.0,26,26,0.0,38.57,1,-78.880664,0.253308,0.059882,0.261581,12,0,0,0,1
6,35.187178,74.229823,3.513468,359.495316,1.927521,4,4,0.0,31.14,1,-75.174222,0.677976,0.707609,0.908119,1,0,0,0,1
1,114.409946,68.360574,0.0,179.773087,0.0,26,26,0.0,14.78,0,-81.410997,0.981054,0.93089,0.966164,0,0,0,0,0
2,85.951203,84.471331,0.0,90.641021,0.0,27,27,0.0,43.52,2,-80.060664,0.253516,0.063412,0.260371,12,0,0,0,1
6,40.429666,74.276002,5.243642,359.495316,1.730171,5,5,0.0,24.93,0,-75.860785,0.491083,0.550457,0.845564,2,0,0,0,1
1,114.409946,68.360574,0.0,179.773087,0.0,27,27,0.0,43.53,2,-83.150997,0.968138,0.925917,0.96646,0,0,0,0,0
2,85.951203,84.471331,0.0,90.641021,0.0,28,28,0.0,41.09,2,-78.380664,0.253661,0.065309,0.259365,12,0,0,0,1
6,47.040801,74.334237,6.612591,359.495316,1.368946,6,6,0.0,47.89,2,-74.398795,0.360258,0.425843,0.772768,3,0,0,0,1
1,114.409946,68.360574,0.0,179.773087,0.0,28,28,0.0,19.54,0,-82.140997,0.974037,0.926438,0.967597,0,0,0,0,0
2,85.951203,84.471331,0.0,90.641021,0.0,29,29,0.0,28.79,0,-77.350664,0.253763,0.064731,0.258524,12,0,0,0,1
6,56.010931,74.413252,8.972106,359.495316,2.359525,7,7,0.0,26.0,1,-73.373061,0.268681,0.338882,0.697155,4,0,0,0,1
1,114.409946,68.360574,0.0,179.773087,0.0,29,29,0.0,32.39,2,-82.360997,0.964846,0.936078,0.967184,0,0,0,0,0
2,85.951203,84.471331,0.0,90.641021,0.0,30,30,0.0,21.93,0,-79.450664,0.253834,0.064549,0.257821,12,0,0,0,1
6,65.970719,74.500984,9.961982,359.495316,0.98988,8,8,0.0,31.32,0,-73.067133,0.204577,0.269162,0.623268,5,0,0,0,1
1,114.409946,68.360574,0.0,179.773087,0.0,30,30,0.0,27.76,0,-83.060997,0.971912,0.937809,0.967893,0,0,0,0,0
2,86.252922,111.438457,0.0,90.641021,0.0,2,2,0.0,54.77,5,-83.917459,0.924038,0.9345,0.946106,0,0,0,0,0
1,131.89,68.429802,0.0,179.773087,0.0,2,2,0.0,26.92,1,-84.736888,0.95294,0.92,0.950441,0,0,0,0,0
3,30.058877,77.384914,0.0,359.495316,0.0,2,2,0.0,71.4,6,-78.750816,0.9119,0.918,0.944285,0,0,0,0,0
2,86.228304,109.238107,2.199685,90.641021,2.199684,3,3,0.0,83.76,8,-84.596384,0.888291,0.940375,0.937433,0,0,0,0,0
1,130.05457,68.422533,1.83543,179.773087,1.835429,3,3,0.0,30.17,2,-84.771408,0.947798,0.92025,0.950045,0,0,0,0,0
3,32.387366,77.405425,2.329001,359.495316,2.329,3,3,0.0,60.73,6,-75.110799,0.890912,0.9165,0.936279,0,0,0,0,0
1,126.772775,68.409536,3.281795,179.773087,1.446375,4,4,0.0,20.19,0,-84.644949,0.959679,0.927687,0.95149,0,0,0,0,0
4,131.89,68.429802,0.0,179.773087,0.0,2,2,0.0,45.73,1,-83.666888,0.95366,0.9275,0.950549,0,0,0,0,0
2,86.120078,99.565111,5.797431,90.641021,1.798879,4,4,0.0,77.74,6,-80.483144,0.640103,0.724031,0.892834,1,0,0,0,1
1,122.058008,68.390863,4.714767,179.773087,1.432971,5,5,0.0,24.76,0,-83.899933,0.968235,0.931016,0.954001,0,0,0,0,0
4,130.479052,68.424214,1.410948,179.773087,1.410955,3,3,0.0,49.46,2,-85.857987,0.947822,0.924625,0.95014,0,0,0,0,0
1,115.983977,68.366808,6.074031,179.773087,1.359264,6,6,0.0,29.55,0,-82.030902,0.975125,0.934512,0.95717,0,0,0,0,0
3,50.030799,77.560839,7.640605,359.495316,1.770534,5,4,0.2,65.95,5,-73.159959,0.857188,0.926625,0.924415,0,0,0,0,1
4,127.516612,71.612529,2.950359,179.773137,1.5394,4,4,0.0,33.84,2,-86.010837,0.946315,0.927719,0.949566,0,0,0,0,0
2,85.976792,86.758384,4.788815,90.641021,-0.504307,6,5,0.166667,82.26,6,-78.562412,0.466372,0.557523,0.828865,2,0,0,0,1
5,131.89,68.429802,0.0,179.773087,0.0,2,2,0.0,33.53,2,-86.216888,0.94586,0.92375,0.949379,0,0,0,0,0
1,114.409946,68.360574,1.574031,179.773087,-4.500019,7,7,0.0,22.6,1,-81.190997,0.973347,0.939384,0.959597,0,0,0,0,0
4,122.028388,71.590799,5.487016,179.773137,2.536668,5,5,0.0,25.78,1,-84.284248,0.952641,0.930289,0.950027,0,0,0,0,0
5,129.336656,68.41969,2.553344,179.773087,2.553373,3,3,0.0,31.02,0,-83.39803,0.960062,0.934563,0.950981,0,0,0,0,0
1,114.409946,68.360574,0.0,179.773087,-1.574029,8,8,0.0,48.91,2,-83.230997,0.964243,0.940538,0.960293,0,0,0,0,0
3,69.308507,77.73065,9.588047,359.495316,0.973716,7,5,0.285714,96.79,8,-72.807157,0.809492,0.939469,0.907177,0,0,0,0,1
4,114.978874,71.562886,7.047963,179.773137,1.560945,6,6,0.0,34.31,0,-82.910791,0.963549,0.936217,0.952056,0,0,0,0,0
2,85.954027,84.723707,0.387107,90.641021,-2.200857,8,6,0.25,71.97,5,-79.114227,0.402661,0.436393,0.764934,2,0,0,0,1
5,125.082598,68.402842,4.254059,179.773087,1.700701,4,4,0.0,17.56,0,-85.435387,0.968023,0.933922,0.953538,0,0,0,0,0
1,114.409946,68.360574,0.0,179.773087,0.0,9,9,0.0,33.21,2,-80.650997,0.95709,0.943153,0.959813,0,0,0,0,0
3,74.172057,78.840683,5.088047,346.923234,-4.50002,8,6,0.25,75.68,7,-75.748265,0.789016,0.942852,0.889453,0,0,0,0,1
4,105.704714,71.526165,9.272121,179.773137,2.224167,7,7,0.0,24.96,1,-80.373786,0.963264,0.934913,0.953737,0,0,0,0,0
2,85.951343,84.48384,0.239794,90.641021,-0.147312,9,7,0.222222,89.28,9,-78.143321,0.358062,0.337544,0.703903,2,0,0,0,1
5,122.390022,71.592231,2.679366,179.773137,-1.574697,5,5,0.0,44.5,2,-85.435159,0.958656,0.927441,0.954306,0,0,0,0,0
1,114.409946,68.360574,0.0,179.773087,0.0,10,10,0.0,34.37,0,-82.010997,0.967923,0.949615,0.961029,0,0,0,0,0
3,76.256022,83.046739,4.914053,296.918435,-0.173994,9,7,0.222222,90.59,7,-75.261809,0.570611,0.721139,0.841627,1,0,0,0,1
4,94.71397,71.482647,10.988326,179.773137,1.71621,8,8,0.0,36.37,1,-77.931577,0.963365,0.939434,0.955181,0,0,0,0,0
5,118.046957,71.575034,4.34211,179.773137,1.662742,6,6,0.0,40.95,1,-84.335463,0.960199,0.934581,0.95519,0,0,0,0,0
1,114.409946,68.360574,0.0,179.773087,0.0,11,11,0.0,22.68,0,-81.300997,0.972626,0.942461,0.962769,0,0,0,0,0
3,76.395833,88.568754,5.52838,270.659842,0.614327,10,8,0.2,79.76,7,-76.87491,0.417728,0.551854,0.778042,2,0,0,0,1
4,81.171934,71.406214,13.541334,179.64683,2.553005,9,9,0.0,43.13,1,-74.555529,0.964035,0.938076,0.956509,0,0,0,0,0
5,111.131427,71.547652,6.914009,179.773137,2.571895,7,7,0.0,28.88,1,-80.253684,0.96008,0.934936,0.955923,0,0,0,0,0
1,114.409946,68.360574,0.0,179.773087,0.0,12,12,0.0,34.49,2,-81.770997,0.964158,0.943596,0.962977,0,0,0,0,0
4,67.176452,71.311347,13.995483,179.54831,0.454148,10,10,0.0,34.04,2,-72.332865,0.957785,0.944807,0.956701,0,0,0,0,0
5,102.852676,71.514872,8.27693,179.773137,1.362919,8,8,0.0,49.57,2,-78.748719,0.953156,0.928452,0.955508,0,0,0,0,0
1,114.409946,68.360574,0.0,179.773087,0.0,13,13,0.0,40.72,2,-82.980997,0.957991,0.946947,0.962229,0,0,0,0,0
4,52.986046,71.186376,14.190406,179.495427,0.194923,11,11,0.0,21.11,0,-68.748739,0.966849,0.948105,0.958223,0,0,0,0,0
5,92.241111,71.472855,10.60923,179.773137,2.332297,9,9,0.0,40.76,2,-76.258352,0.949929,0.935589,0.954671,0,0,0,0,0
1,114.409946,68.360574,0.0,179.773087,0.0,14,14,0.0,37.32,2,-82.030997,0.953074,0.94321,0.960856,0,0,0,0,0
4,38.461459,71.058463,14.524587,179.495427,0.334178,12,12,0.0,20.74,0,-73.464889,0.971395,0.942579,0.960199,0,0,0,0,0
2,85.951203,84.471331,0.0,90.641021,-0.047959,14,8,0.428571,65.0,6,-79.290664,0.326072,0.270158,0.647229,2,0,0,0,1
5,79.938697,71.398612,12.302256,179.64683,1.693032,10,10,0.0,50.81,2,-73.321794,0.945924,0.931942,0.953359,0,0,0,0,0
1,114.409946,68.360574,0.0,179.773087,0.0,15,15,0.0,33.6,1,-81.810997,0.954731,0.940408,0.959937,0,0,0,0,0
4,25.14472,70.941186,13.316739,179.495427,-1.207853,13,13,0.0,34.46,2,-78.372755,0.962516,0.942434,0.960546,0,0,0,0,0
5,65.872604,71.299864,14.066093,179.508829,1.763835,11,11,0.0,50.4,2,-72.104284,0.944747,0.936456,0.952067,0,0,0,0,0
1,114.409946,68.360574,0.0,179.773087,0.0,16,16,0.0,30.57,0,-82.230997,0.965612,0.948056,0.960789,0,0,0,0,0
2,85.951203,84.471331,0.0,90.641021,0.0,16,9,0.4375,71.12,5,-79.870664,0.299204,0.219619,0.595025,2,0,0,0,1
5,52.567311,71.182689,13.305293,179.495427,-0.760799,12,12,0.0,42.09,1,-71.377184,0.952083,0.941342,0.95207,0,0,0,0,0
1,114.409946,68.360574,0.0,179.773087,0.0,17,17,0.0,21.56,0,-83.740997,0.971788,0.947042,0.962439,0,0,0,0,0
5,39.055477,71.063694,13.511833,179.495427,0.20654,13,13,0.0,42.99,1,-72.376008,0.955118,0.939757,0.952527,0,0,0,0,0
1,114.409946,68.360574,0.0,179.773087,0.0,18,18,0.0,41.78,2,-82.920997,0.963272,0.952031,0.962564,0,0,0,0,0
2,85.951203,84.471331,0.0,90.641021,0.0,18,10,0.444444,61.74,4,-80.200664,0.285643,0.180214,0.548618,2,0,0,0,1
5,26.031708,70.948998,13.023769,179.495427,-0.488067,14,14,0.0,45.31,2,-76.117265,0.950583,0.935817,0.952235,0,0,0,0,0
1,114.409946,68.360574,0.0,179.773087,0.0,19,19,0.0,23.72,1,-82.090997,0.96469,0.955274,0.962883,0,0,0,0,0
1,114.409946,68.360574,0.0,179.773087,0.0,20,20,0.0,52.48,2,-81.000997,0.956995,0.952455,0.961999,0,0,0,0,0
2,85.951203,84.471331,0.0,90.641021,0.0,20,11,0.45,72.69,6,-77.810664,0.27075,0.149161,0.506937,2,0,0,0,1
1,114.409946,68.360574,0.0,179.773087,0.0,21,21,0.0,24.44,0,-80.920997,0.964737,0.942591,0.96241,0,0,0,0,0
1,114.409946,68.360574,0.0,179.773087,0.0,22,22,0.0,52.05,2,-80.370997,0.956686,0.944944,0.961551,0,0,0,0,0
1,114.409946,68.360574,0.0,179.773087,0.0,23,23,0.0,23.21,1,-83.420997,0.9575,0.938958,0.960944,0,0,0,0,0
6,30.058877,77.384914,0.0,359.495316,0.0,2,2,0.0,77.09,6,-75.740816,0.907586,0.914,0.943638,0,0,0,0,0
1,114.409946,68.360574,0.0,179.773087,0.0,24,24,0.0,39.84,1,-81.930997,0.95771,0.927468,0.960459,0,0,0,0,0
2,85.951203,84.471331,0.0,90.641021,0.0,24,12,0.5,58.22,4,-79.890664,0.263025,0.12887,0.470351,2,1,0,0,1
6,31.674484,74.198881,1.585956,359.495316,1.585953,3,3,0.0,49.86,4,-75.886519,0.90399,0.92825,0.937691,0,0,0,0,0
1,114.409946,68.360574,0.0,179.773087,0.0,25,25,0.0,37.83,2,-80.900997,0.951377,0.923351,0.959096,0,0,0,0,0
2,85.951203,84.471331,0.0,90.641021,0.0,25,13,0.48,64.5,4,-80.290664,0.257617,0.108153,0.438441,2,2,0,0,1
6,35.187178,74.229823,3.513468,359.495316,1.927521,4,4,0.0,64.4,4,-76.564222,0.892533,0.937688,0.930917,0,0,0,0,1
1,114.409946,68.360574,0.0,179.773087,0.0,26,26,0.0,17.03,0,-83.340997,0.963684,0.929513,0.959784,0,0,0,0,0
1,114.409946,68.360574,0.0,179.773087,0.0,27,27,0.0,41.79,2,-81.440997,0.955739,0.928635,0.959178,0,0,0,0,0
1,114.409946,68.360574,0.0,179.773087,0.0,28,28,0.0,35.0,2,-83.640997,0.949697,0.929976,0.957756,0,0,0,0,0
6,56.010931,74.413252,8.972106,359.495316,1.819546,6,5,0.166667,77.39,7,-72.533061,0.852059,0.933266,0.919088,0,0,0,0,1
1,114.409946,68.360574,0.0,179.773087,0.0,29,29,0.0,41.09,2,-81.750997,0.945648,0.926482,0.955939,0,0,0,0,0
2,85.951203,84.471331,0.0,90.641021,0.0,29,14,0.517241,81.65,6,-79.420664,0.253832,0.092865,0.410749,2,3,0,0,1
6,65.970719,74.500984,9.961982,359.495316,0.98988,7,6,0.142857,54.14,4,-72.657133,0.8472,0.930949,0.908305,0,0,0,0,1
1,114.409946,68.360574,0.0,179.773087,0.0,30,30,0.0,36.27,2,-83.720997,0.944554,0.936862,0.954232,0,0,0,0,0
